indicator,signal,horizon,direction,n_stocks,total_signals,avg_return,median_return,avg_win_rate,avg_t_stat,pct_stocks_positive
momentum_ao,P10_long,fwd_1d,long,213,55895,0.11246338028169013,0.1157,52.56262910798122,0.6464084507042254,87.32394366197182
momentum_ao,P10_long,fwd_2d,long,213,55895,0.1998507042253521,0.1909,53.74323943661972,0.8960469483568075,84.03755868544602
momentum_ao,P10_long,fwd_3d,long,213,55895,0.30436291079812205,0.2846,54.44708920187793,1.0711079812206572,84.97652582159625
momentum_ao,P10_long,fwd_5d,long,213,55895,0.47225117370892017,0.4711,55.65262910798122,1.3634647887323943,85.91549295774648
momentum_ao,P20_long,fwd_1d,long,213,111781,0.10059906103286384,0.102,52.568591549295775,0.9602910798122066,87.79342723004694
momentum_ao,P20_long,fwd_2d,long,213,111781,0.18736619718309858,0.1847,53.801690140845075,1.3678779342723004,87.79342723004694
momentum_ao,P20_long,fwd_3d,long,213,111781,0.274081220657277,0.2846,54.43657276995305,1.6343521126760565,86.85446009389672
momentum_ao,P20_long,fwd_5d,long,213,111781,0.43313896713615024,0.4452,55.67225352112676,2.092774647887324,86.85446009389672
momentum_ao,P80_short,fwd_1d,short,213,111781,0.03798356807511737,0.0221,51.22708920187794,0.41445539906103285,65.72769953051643
momentum_ao,P80_short,fwd_2d,short,213,111781,0.0762962441314554,0.0396,51.97638497652582,0.5819295774647887,68.54460093896714
momentum_ao,P80_short,fwd_3d,short,213,111781,0.1213075117370892,0.0658,52.423568075117366,0.7410516431924883,70.4225352112676
momentum_ao,P80_short,fwd_5d,short,213,111781,0.1999112676056338,0.1113,52.93333333333333,0.9475211267605634,69.95305164319248
momentum_ao,P90_short,fwd_1d,short,213,55895,0.024723943661971833,0.0135,51.065821596244135,0.1369154929577465,58.21596244131455
momentum_ao,P90_short,fwd_2d,short,213,55895,0.05815305164319249,0.0385,51.69,0.2646995305164319,61.03286384976526
momentum_ao,P90_short,fwd_3d,short,213,55895,0.09881877934272301,0.0707,52.04737089201878,0.3768826291079812,62.91079812206573
momentum_ao,P90_short,fwd_5d,short,213,55895,0.15651032863849765,0.1139,52.38553990610329,0.4905680751173709,64.31924882629107
momentum_kama,P10_long,fwd_1d,long,213,55895,0.26686478873239433,0.1908,54.30507042253521,1.8353333333333333,100.0
momentum_kama,P10_long,fwd_2d,long,213,55895,0.5211023474178403,0.374,56.91399061032864,2.582995305164319,100.0
momentum_kama,P10_long,fwd_3d,long,213,55895,0.7750938967136151,0.5427,58.348873239436614,3.1654882629107983,100.0
momentum_kama,P10_long,fwd_5d,long,213,55895,1.2697507042253522,0.8837,60.771690140845074,4.099516431924883,100.0
momentum_kama,P20_long,fwd_1d,long,213,111781,0.1915098591549296,0.1451,53.25281690140845,1.8881032863849765,100.0
momentum_kama,P20_long,fwd_2d,long,213,111781,0.3759544600938967,0.2883,55.29446009389671,2.656816901408451,100.0
momentum_kama,P20_long,fwd_3d,long,213,111781,0.5579408450704225,0.4324,56.48957746478874,3.2460375586854457,100.0
momentum_kama,P20_long,fwd_5d,long,213,111781,0.9045746478873239,0.6992,58.23103286384976,4.183197183098591,100.0
momentum_kama,P80_short,fwd_1d,short,213,111781,-0.028963849765258218,-0.0359,50.528779342723,-0.3375680751173709,30.046948356807512
momentum_kama,P80_short,fwd_2d,short,213,111781,-0.05494694835680751,-0.0666,50.70338028169014,-0.45477464788732397,29.577464788732392
momentum_kama,P80_short,fwd_3d,short,213,111781,-0.08094694835680752,-0.095,50.481079812206566,-0.5402488262910797,29.577464788732392
momentum_kama,P80_short,fwd_5d,short,213,111781,-0.13297276995305166,-0.1438,50.096384976525826,-0.6498215962441315,29.107981220657276
momentum_kama,P90_short,fwd_1d,short,213,55895,-0.0857924882629108,-0.0853,49.5737089201878,-0.6407652582159624,23.474178403755868
momentum_kama,P90_short,fwd_2d,short,213,55895,-0.16931267605633804,-0.1704,49.51460093896714,-0.8914647887323944,23.474178403755868
momentum_kama,P90_short,fwd_3d,short,213,55895,-0.24674272300469482,-0.2543,48.97394366197184,-1.0567840375586854,23.943661971830984
momentum_kama,P90_short,fwd_5d,short,213,55895,-0.3925521126760564,-0.3912,47.792441314554,-1.2997136150234743,23.943661971830984
momentum_ppo,P10_long,fwd_1d,long,213,55895,0.1860924882629108,0.1599,53.17788732394366,0.9735023474178404,94.83568075117371
momentum_ppo,P10_long,fwd_2d,long,213,55895,0.3547211267605634,0.3012,55.00356807511737,1.4226901408450705,92.95774647887323
momentum_ppo,P10_long,fwd_3d,long,213,55895,0.5241384976525822,0.4508,56.15018779342723,1.7107136150234743,93.89671361502347
momentum_ppo,P10_long,fwd_5d,long,213,55895,0.8044309859154929,0.7225,57.81136150234742,2.1807464788732394,93.42723004694837
momentum_ppo,P20_long,fwd_1d,long,213,111781,0.1389131455399061,0.1267,52.988497652582154,1.1954929577464788,96.24413145539906
momentum_ppo,P20_long,fwd_2d,long,213,111781,0.26405962441314557,0.2385,54.417042253521124,1.7344366197183099,96.24413145539906
momentum_ppo,P20_long,fwd_3d,long,213,111781,0.3908361502347418,0.3647,55.28967136150235,2.08793896713615,96.71361502347418
momentum_ppo,P20_long,fwd_5d,long,213,111781,0.6227849765258215,0.5643,56.76633802816901,2.6817746478873237,96.24413145539906
momentum_ppo,P80_short,fwd_1d,short,213,111781,0.054334272300469486,0.0281,51.35713615023474,0.5181361502347418,72.76995305164318
momentum_ppo,P80_short,fwd_2d,short,213,111781,0.10572816901408451,0.058,52.1518779342723,0.7463755868544601,72.30046948356808
momentum_ppo,P80_short,fwd_3d,short,213,111781,0.15827887323943662,0.0916,52.55234741784037,0.9220469483568074,71.83098591549296
momentum_ppo,P80_short,fwd_5d,short,213,111781,0.25579061032863853,0.1557,53.20732394366197,1.1910516431924882,74.64788732394366
momentum_ppo,P90_short,fwd_1d,short,213,55895,0.04532018779342723,0.0172,50.6256338028169,0.19475586854460092,61.03286384976526
momentum_ppo,P90_short,fwd_2d,short,213,55895,0.10287699530516432,0.0456,51.457464788732395,0.3448262910798122,60.093896713615024
momentum_ppo,P90_short,fwd_3d,short,213,55895,0.15677276995305164,0.0684,51.959671361502345,0.4601924882629108,62.91079812206573
momentum_ppo,P90_short,fwd_5d,short,213,55895,0.25740892018779343,0.0883,52.57488262910798,0.6317981220657277,60.56338028169014
momentum_ppo_hist,P10_long,fwd_1d,long,213,55895,0.1337868544600939,0.1008,53.233333333333334,0.7378967136150235,83.09859154929578
momentum_ppo_hist,P10_long,fwd_2d,long,213,55895,0.2305901408450704,0.1786,54.12784037558685,1.0099530516431925,81.69014084507043
momentum_ppo_hist,P10_long,fwd_3d,long,213,55895,0.3314929577464789,0.2651,54.705821596244135,1.1839107981220658,81.2206572769953
momentum_ppo_hist,P10_long,fwd_5d,long,213,55895,0.46276056338028165,0.353,55.734225352112674,1.3483286384976527,80.28169014084507
momentum_ppo_hist,P20_long,fwd_1d,long,213,111781,0.09854929577464788,0.0827,52.94286384976526,0.8958591549295776,83.09859154929578
momentum_ppo_hist,P20_long,fwd_2d,long,213,111781,0.19063051643192488,0.1587,53.917417840375585,1.3047230046948357,83.09859154929578
momentum_ppo_hist,P20_long,fwd_3d,long,213,111781,0.2838225352112676,0.2298,54.515774647887326,1.5868732394366198,86.85446009389672
momentum_ppo_hist,P20_long,fwd_5d,long,213,111781,0.4183535211267606,0.3448,55.490046948356806,1.9120046948356808,87.32394366197182
momentum_ppo_hist,P80_short,fwd_1d,short,213,111781,0.08365023474178403,0.0758,51.50276995305165,0.9112723004694836,86.85446009389672
momentum_ppo_hist,P80_short,fwd_2d,short,213,111781,0.1664906103286385,0.156,52.7856338028169,1.3332065727699531,87.79342723004694
momentum_ppo_hist,P80_short,fwd_3d,short,213,111781,0.26214225352112674,0.2288,53.84718309859155,1.72824882629108,86.85446009389672
momentum_ppo_hist,P80_short,fwd_5d,short,213,111781,0.4734671361502347,0.4123,55.423568075117366,2.4158779342723005,88.73239436619718
momentum_ppo_hist,P90_short,fwd_1d,short,213,55895,0.08714272300469483,0.0783,51.035070422535206,0.5998028169014085,76.99530516431925
momentum_ppo_hist,P90_short,fwd_2d,short,213,55895,0.1776455399061033,0.1458,52.38953051643192,0.9151924882629109,77.46478873239437
momentum_ppo_hist,P90_short,fwd_3d,short,213,55895,0.2882892018779343,0.2499,53.52201877934272,1.2148638497652584,79.34272300469483
momentum_ppo_hist,P90_short,fwd_5d,short,213,55895,0.5680422535211267,0.4875,55.717511737089204,1.8880046948356806,84.03755868544602
momentum_ppo_signal,P10_long,fwd_1d,long,213,55895,0.1736868544600939,0.1634,52.64586854460094,0.957586854460094,92.95774647887323
momentum_ppo_signal,P10_long,fwd_2d,long,213,55895,0.324081220657277,0.3015,54.49446009389671,1.3765211267605635,91.07981220657277
momentum_ppo_signal,P10_long,fwd_3d,long,213,55895,0.483756338028169,0.4425,55.6218779342723,1.6786619718309859,91.07981220657277
momentum_ppo_signal,P10_long,fwd_5d,long,213,55895,0.776768075117371,0.7211,57.21408450704226,2.2117699530516433,91.54929577464789
momentum_ppo_signal,P20_long,fwd_1d,long,213,111781,0.12326197183098592,0.1105,52.506056338028166,1.0945821596244132,95.77464788732394
momentum_ppo_signal,P20_long,fwd_2d,long,213,111781,0.23793802816901408,0.2186,54.08450704225352,1.6114835680751174,93.89671361502347
momentum_ppo_signal,P20_long,fwd_3d,long,213,111781,0.3618544600938967,0.3432,55.04615023474178,1.9968685446009389,94.36619718309859
momentum_ppo_signal,P20_long,fwd_5d,long,213,111781,0.5997258215962441,0.5642,56.53295774647888,2.6627981220657277,94.83568075117371
momentum_ppo_signal,P80_short,fwd_1d,short,213,111781,0.04352347417840376,0.0299,51.37014084507042,0.43776995305164323,72.30046948356808
momentum_ppo_signal,P80_short,fwd_2d,short,213,111781,0.08563474178403757,0.0573,52.02478873239437,0.6104131455399061,71.83098591549296
momentum_ppo_signal,P80_short,fwd_3d,short,213,111781,0.12970704225352114,0.0939,52.32704225352113,0.7441643192488263,71.36150234741784
momentum_ppo_signal,P80_short,fwd_5d,short,213,111781,0.2176586854460094,0.1309,52.82802816901409,0.9874741784037558,72.76995305164318
momentum_ppo_signal,P90_short,fwd_1d,short,213,55895,0.03138262910798122,0.0136,50.7693427230047,0.13776525821596244,56.33802816901409
momentum_ppo_signal,P90_short,fwd_2d,short,213,55895,0.06856338028169014,0.0206,51.39145539906103,0.22296244131455398,56.8075117370892
momentum_ppo_signal,P90_short,fwd_3d,short,213,55895,0.10267934272300469,0.0373,51.61779342723005,0.2963661971830986,57.27699530516433
momentum_ppo_signal,P90_short,fwd_5d,short,213,55895,0.17367558685446008,0.0647,51.92943661971831,0.4354272300469484,59.154929577464785
momentum_pvo,P10_long,fwd_1d,long,213,55895,0.06192253521126761,0.0498,51.33230046948357,0.580169014084507,75.11737089201877
momentum_pvo,P10_long,fwd_2d,long,213,55895,0.13050328638497652,0.107,52.755492957746476,0.8263427230046948,76.52582159624414
momentum_pvo,P10_long,fwd_3d,long,213,55895,0.19373474178403757,0.1541,53.56558685446009,0.996093896713615,77.46478873239437
momentum_pvo,P10_long,fwd_5d,long,213,55895,0.33239530516431925,0.2676,54.47657276995305,1.254849765258216,76.99530516431925
momentum_pvo,P20_long,fwd_1d,long,213,111781,0.05291549295774648,0.0529,51.50760563380282,0.7884882629107982,79.81220657276995
momentum_pvo,P20_long,fwd_2d,long,213,111781,0.11371455399061033,0.0972,52.633568075117374,1.1285633802816901,84.03755868544602
momentum_pvo,P20_long,fwd_3d,long,213,111781,0.17486713615023472,0.1491,53.472206572769956,1.3623849765258216,84.50704225352112
momentum_pvo,P20_long,fwd_5d,long,213,111781,0.299443661971831,0.2555,54.458779342723,1.7195492957746479,84.03755868544602
momentum_pvo,P80_short,fwd_1d,short,213,111781,0.06244788732394366,0.0511,51.83708920187793,0.511244131455399,73.23943661971832
momentum_pvo,P80_short,fwd_2d,short,213,111781,0.14397981220657277,0.1269,52.97779342723005,0.8934037558685446,79.34272300469483
momentum_pvo,P80_short,fwd_3d,short,213,111781,0.2319769953051643,0.1916,53.669154929577466,1.1713849765258215,80.28169014084507
momentum_pvo,P80_short,fwd_5d,short,213,111781,0.39730985915492956,0.3411,55.00370892018779,1.627699530516432,84.50704225352112
momentum_pvo,P90_short,fwd_1d,short,213,55895,0.054191549295774646,0.037,51.880938967136146,0.2735962441314554,61.97183098591549
momentum_pvo,P90_short,fwd_2d,short,213,55895,0.10857370892018779,0.0802,52.824131455399055,0.4357511737089202,62.91079812206573
momentum_pvo,P90_short,fwd_3d,short,213,55895,0.17902347417840375,0.153,53.403145539906106,0.594018779342723,65.72769953051643
momentum_pvo,P90_short,fwd_5d,short,213,55895,0.3049868544600939,0.2464,54.741549295774654,0.8160751173708921,68.54460093896714
momentum_pvo_hist,P10_long,fwd_1d,long,213,55895,0.09725727699530518,0.088,51.561314553990606,0.8233474178403756,84.50704225352112
momentum_pvo_hist,P10_long,fwd_2d,long,213,55895,0.18865446009389672,0.1638,53.267042253521126,1.1362582159624413,81.69014084507043
momentum_pvo_hist,P10_long,fwd_3d,long,213,55895,0.29583474178403757,0.2691,54.06887323943662,1.4656478873239436,84.03755868544602
momentum_pvo_hist,P10_long,fwd_5d,long,213,55895,0.4767197183098592,0.458,55.40051643192488,1.8659718309859155,87.79342723004694
momentum_pvo_hist,P20_long,fwd_1d,long,213,111781,0.09066807511737089,0.0861,52.00746478873239,1.1734553990610328,91.07981220657277
momentum_pvo_hist,P20_long,fwd_2d,long,213,111781,0.18074835680751175,0.1701,53.59136150234741,1.6545352112676057,91.07981220657277
momentum_pvo_hist,P20_long,fwd_3d,long,213,111781,0.2750638497652582,0.2641,54.425258215962444,2.024356807511737,91.07981220657277
momentum_pvo_hist,P20_long,fwd_5d,long,213,111781,0.44005070422535214,0.3978,55.497089201877934,2.512356807511737,93.42723004694837
momentum_pvo_hist,P80_short,fwd_1d,short,213,111781,0.05321596244131456,0.0482,51.57633802816901,0.5008497652582159,69.01408450704226
momentum_pvo_hist,P80_short,fwd_2d,short,213,111781,0.1104826291079812,0.1093,52.560563380281685,0.7968591549295775,71.36150234741784
momentum_pvo_hist,P80_short,fwd_3d,short,213,111781,0.18266572769953052,0.1721,53.081502347417846,1.0966244131455398,75.5868544600939
momentum_pvo_hist,P80_short,fwd_5d,short,213,111781,0.3142586854460094,0.2539,54.289530516431924,1.5513943661971832,82.62910798122066
momentum_pvo_hist,P90_short,fwd_1d,short,213,55895,0.04163004694835681,0.0448,51.213427230046946,0.3678122065727699,61.502347417840376
momentum_pvo_hist,P90_short,fwd_2d,short,213,55895,0.10171784037558686,0.1067,52.25990610328639,0.6369483568075117,67.13615023474179
momentum_pvo_hist,P90_short,fwd_3d,short,213,55895,0.16963427230046949,0.1635,52.73953051643193,0.834830985915493,70.89201877934272
momentum_pvo_hist,P90_short,fwd_5d,short,213,55895,0.31590469483568073,0.2496,54.169295774647885,1.2037089201877933,76.52582159624414
momentum_pvo_signal,P10_long,fwd_1d,long,213,55895,0.07096760563380282,0.0635,51.87784037558685,0.6265211267605635,73.23943661971832
momentum_pvo_signal,P10_long,fwd_2d,long,213,55895,0.14826478873239438,0.1226,53.013990610328634,0.8911361502347418,73.70892018779342
momentum_pvo_signal,P10_long,fwd_3d,long,213,55895,0.22785399061032863,0.1986,53.52352112676056,1.072600938967136,73.70892018779342
momentum_pvo_signal,P10_long,fwd_5d,long,213,55895,0.37227464788732395,0.3336,54.34192488262911,1.3409342723004696,72.76995305164318
momentum_pvo_signal,P20_long,fwd_1d,long,213,111781,0.05868826291079812,0.0503,51.830704225352115,0.7685211267605634,82.15962441314554
momentum_pvo_signal,P20_long,fwd_2d,long,213,111781,0.12174741784037557,0.1022,52.86352112676057,1.0884366197183097,82.15962441314554
momentum_pvo_signal,P20_long,fwd_3d,long,213,111781,0.184062441314554,0.157,53.275023474178404,1.3029530516431924,82.62910798122066
momentum_pvo_signal,P20_long,fwd_5d,long,213,111781,0.30723896713615023,0.2621,54.2043661971831,1.672131455399061,82.15962441314554
momentum_pvo_signal,P80_short,fwd_1d,short,213,111781,0.0983849765258216,0.0835,52.589812206572766,0.8146291079812206,84.03755868544602
momentum_pvo_signal,P80_short,fwd_2d,short,213,111781,0.19375305164319248,0.1577,53.791408450704225,1.2086713615023474,84.03755868544602
momentum_pvo_signal,P80_short,fwd_3d,short,213,111781,0.28977464788732393,0.225,54.53539906103286,1.4688262910798122,84.97652582159625
momentum_pvo_signal,P80_short,fwd_5d,short,213,111781,0.48682300469483564,0.3958,55.80830985915493,1.9820469483568075,88.73239436619718
momentum_pvo_signal,P90_short,fwd_1d,short,213,55895,0.08922863849765258,0.0742,52.46460093896713,0.44056807511737084,72.76995305164318
momentum_pvo_signal,P90_short,fwd_2d,short,213,55895,0.16706478873239436,0.1271,53.67788732394366,0.6434225352112677,70.89201877934272
momentum_pvo_signal,P90_short,fwd_3d,short,213,55895,0.26812769953051646,0.2084,54.52953051643192,0.8466150234741784,73.70892018779342
momentum_pvo_signal,P90_short,fwd_5d,short,213,55895,0.4634004694835681,0.3837,56.009389671361504,1.1954976525821597,76.99530516431925
momentum_roc,P10_long,fwd_1d,long,213,55895,0.1536967136150235,0.1253,53.35521126760563,0.8211455399061033,88.73239436619718
momentum_roc,P10_long,fwd_2d,long,213,55895,0.2976483568075117,0.2494,54.75849765258216,1.2221830985915492,90.14084507042254
momentum_roc,P10_long,fwd_3d,long,213,55895,0.4229788732394366,0.3492,55.3718779342723,1.454549295774648,89.67136150234741
momentum_roc,P10_long,fwd_5d,long,213,55895,0.672250234741784,0.5735,57.33920187793427,1.892394366197183,91.54929577464789
momentum_roc,P20_long,fwd_1d,long,213,111781,0.1053924882629108,0.0923,53.08356807511737,0.9414647887323944,91.07981220657277
momentum_roc,P20_long,fwd_2d,long,213,111781,0.21467323943661973,0.1872,54.112863849765255,1.444849765258216,93.42723004694837
momentum_roc,P20_long,fwd_3d,long,213,111781,0.322731455399061,0.2745,54.86723004694835,1.7895352112676055,93.89671361502347
momentum_roc,P20_long,fwd_5d,long,213,111781,0.5401849765258215,0.4788,56.36910798122066,2.407586854460094,93.89671361502347
momentum_roc,P80_short,fwd_1d,short,213,111781,0.08253661971830986,0.0608,51.167840375586856,0.7629154929577465,82.62910798122066
momentum_roc,P80_short,fwd_2d,short,213,111781,0.15608544600938967,0.1152,52.40492957746479,1.0275539906103286,83.09859154929578
momentum_roc,P80_short,fwd_3d,short,213,111781,0.24235352112676056,0.1792,53.255868544600936,1.3601737089201877,87.32394366197182
momentum_roc,P80_short,fwd_5d,short,213,111781,0.4068140845070422,0.2832,54.389342723004695,1.8334225352112676,88.73239436619718
momentum_roc,P90_short,fwd_1d,short,213,55895,0.09325211267605633,0.0565,50.9043192488263,0.5131173708920188,70.89201877934272
momentum_roc,P90_short,fwd_2d,short,213,55895,0.1741150234741784,0.1054,52.06051643192488,0.7057464788732395,74.17840375586854
momentum_roc,P90_short,fwd_3d,short,213,55895,0.27751314553990614,0.1709,53.09882629107981,0.9737136150234742,78.87323943661971
momentum_roc,P90_short,fwd_5d,short,213,55895,0.4899591549295775,0.3409,54.824366197183096,1.4569154929577464,81.2206572769953
momentum_rsi,P10_long,fwd_1d,long,213,55894,0.16731032863849762,0.1554,53.82577464788732,1.05037558685446,86.85446009389672
momentum_rsi,P10_long,fwd_2d,long,213,55894,0.3067004694835681,0.2579,54.912065727699535,1.40281220657277,87.79342723004694
momentum_rsi,P10_long,fwd_3d,long,213,55894,0.47711596244131455,0.4232,55.80075117370892,1.7389295774647888,89.2018779342723
momentum_rsi,P10_long,fwd_5d,long,213,55894,0.7243652582159624,0.6335,57.556291079812205,2.184014084507042,89.2018779342723
momentum_rsi,P20_long,fwd_1d,long,213,111780,0.1184093896713615,0.1102,53.341314553990614,1.093718309859155,88.26291079812206
momentum_rsi,P20_long,fwd_2d,long,213,111780,0.22970704225352112,0.2081,54.246572769953055,1.571342723004695,90.14084507042254
momentum_rsi,P20_long,fwd_3d,long,213,111780,0.3569854460093897,0.3175,54.90802816901408,1.9623004694835682,90.61032863849765
momentum_rsi,P20_long,fwd_5d,long,213,111780,0.5774478873239436,0.4945,56.48605633802817,2.5800516431924883,91.54929577464789
momentum_rsi,P80_short,fwd_1d,short,213,111780,0.052920657276995305,0.0197,50.91347417840375,0.4064084507042253,63.84976525821596
momentum_rsi,P80_short,fwd_2d,short,213,111780,0.09803192488262912,0.0366,51.80840375586855,0.5202910798122066,63.84976525821596
momentum_rsi,P80_short,fwd_3d,short,213,111780,0.15233849765258214,0.06,52.416854460093894,0.6898591549295775,66.66666666666666
momentum_rsi,P80_short,fwd_5d,short,213,111780,0.26926854460093896,0.1108,53.362441314554,0.996605633802817,71.83098591549296
momentum_rsi,P90_short,fwd_1d,short,213,55895,0.04504319248826291,0.0064,50.30962441314554,0.11170422535211269,53.990610328638496
momentum_rsi,P90_short,fwd_2d,short,213,55895,0.08693098591549296,0.0064,50.91192488262911,0.1356713615023474,51.64319248826291
momentum_rsi,P90_short,fwd_3d,short,213,55895,0.13227276995305165,0.0167,51.64737089201878,0.20944600938967134,54.460093896713616
momentum_rsi,P90_short,fwd_5d,short,213,55895,0.25258732394366196,0.0366,52.79887323943662,0.3887840375586854,60.56338028169014
momentum_stoch,P10_long,fwd_1d,long,213,55895,0.12320751173708919,0.115,53.195164319248825,0.8644976525821596,75.11737089201877
momentum_stoch,P10_long,fwd_2d,long,213,55895,0.19922394366197183,0.1694,53.54985915492958,1.0223380281690142,78.87323943661971
momentum_stoch,P10_long,fwd_3d,long,213,55895,0.28965868544600937,0.2493,53.93446009389671,1.2214647887323944,76.05633802816901
momentum_stoch,P10_long,fwd_5d,long,213,55895,0.5700014084507042,0.4593,55.95084507042254,1.9072863849765258,88.73239436619718
momentum_stoch,P20_long,fwd_1d,long,213,111781,0.09595868544600938,0.0896,53.1950234741784,1.0187840375586854,81.2206572769953
momentum_stoch,P20_long,fwd_2d,long,213,111781,0.17630892018779343,0.1567,53.685680751173706,1.334431924882629,83.56807511737088
momentum_stoch,P20_long,fwd_3d,long,213,111781,0.30358779342723,0.2642,54.4681690140845,1.7961361502347417,89.2018779342723
momentum_stoch,P20_long,fwd_5d,long,213,111781,0.5278399061032863,0.4338,56.01967136150235,2.5183849765258213,91.07981220657277
momentum_stoch,P80_short,fwd_1d,short,213,111781,0.04510610328638497,0.0257,50.680657276995305,0.41569953051643194,67.13615023474179
momentum_stoch,P80_short,fwd_2d,short,213,111781,0.08805023474178404,0.0559,51.93474178403756,0.6305633802816901,69.48356807511738
momentum_stoch,P80_short,fwd_3d,short,213,111781,0.12906197183098592,0.0824,52.73474178403756,0.8474929577464788,74.17840375586854
momentum_stoch,P80_short,fwd_5d,short,213,111781,0.2308319248826291,0.1485,53.63713615023474,1.1518732394366196,77.46478873239437
momentum_stoch,P90_short,fwd_1d,short,213,55895,0.03727089201877934,0.0079,50.340938967136154,0.17397652582159626,55.39906103286385
momentum_stoch,P90_short,fwd_2d,short,213,55895,0.06655727699530517,0.026,51.47633802816901,0.28030046948356807,57.74647887323944
momentum_stoch,P90_short,fwd_3d,short,213,55895,0.10748638497652582,0.0669,52.27089201877935,0.4367699530516432,62.91079812206573
momentum_stoch,P90_short,fwd_5d,short,213,55895,0.19938169014084506,0.1164,53.60220657276996,0.6984272300469484,69.48356807511738
momentum_stoch_rsi,P20_long,fwd_1d,long,213,111780,0.08987605633802817,0.0665,53.14610328638498,1.0379107981220657,81.2206572769953
momentum_stoch_rsi,P20_long,fwd_2d,long,213,111780,0.16355164319248827,0.1281,53.58417840375587,1.2713427230046948,79.81220657276995
momentum_stoch_rsi,P20_long,fwd_3d,long,213,111780,0.25989530516431925,0.2197,54.10699530516432,1.659136150234742,84.50704225352112
momentum_stoch_rsi,P20_long,fwd_5d,long,213,111780,0.46377793427230046,0.3599,55.218826291079814,2.351112676056338,90.61032863849765
momentum_stoch_rsi,P80_short,fwd_1d,short,213,111781,0.047174178403755866,0.0322,50.92037558685446,0.5149201877934272,69.01408450704226
momentum_stoch_rsi,P80_short,fwd_2d,short,213,111781,0.09956384976525821,0.0719,52.34046948356808,0.829469483568075,75.11737089201877
momentum_stoch_rsi,P80_short,fwd_3d,short,213,111781,0.13419671361502347,0.1129,52.98098591549296,0.9836854460093897,78.87323943661971
momentum_stoch_rsi,P80_short,fwd_5d,short,213,111781,0.22895962441314555,0.1962,54.07281690140845,1.301830985915493,80.28169014084507
momentum_stoch_rsi_d,P10_long,fwd_1d,long,213,55895,0.1313056338028169,0.1024,53.2649765258216,0.9697699530516433,81.69014084507043
momentum_stoch_rsi_d,P10_long,fwd_2d,long,213,55895,0.2606971830985916,0.2001,54.35985915492957,1.4260845070422536,84.50704225352112
momentum_stoch_rsi_d,P10_long,fwd_3d,long,213,55895,0.3577971830985916,0.2927,55.00183098591549,1.6598215962441316,83.09859154929578
momentum_stoch_rsi_d,P10_long,fwd_5d,long,213,55895,0.43736431924882635,0.3547,55.00924882629108,1.6530422535211269,80.75117370892019
momentum_stoch_rsi_d,P20_long,fwd_1d,long,213,111781,0.09858403755868544,0.0943,52.79948356807511,1.0965492957746479,82.62910798122066
momentum_stoch_rsi_d,P20_long,fwd_2d,long,213,111781,0.2031018779342723,0.1863,54.00370892018779,1.6389295774647887,87.79342723004694
momentum_stoch_rsi_d,P20_long,fwd_3d,long,213,111781,0.2848220657276995,0.2492,54.52840375586854,1.8949906103286385,87.79342723004694
momentum_stoch_rsi_d,P20_long,fwd_5d,long,213,111781,0.38610985915492957,0.3152,55.00300469483568,2.11268544600939,84.97652582159625
momentum_stoch_rsi_d,P80_short,fwd_1d,short,213,111781,0.047457746478873235,0.0479,51.387089201877934,0.5955727699530516,77.46478873239437
momentum_stoch_rsi_d,P80_short,fwd_2d,short,213,111781,0.09162441314553992,0.0871,52.37901408450704,0.8549483568075118,76.52582159624414
momentum_stoch_rsi_d,P80_short,fwd_3d,short,213,111781,0.1546488262910798,0.1496,53.182488262910795,1.1437652582159625,80.28169014084507
momentum_stoch_rsi_d,P80_short,fwd_5d,short,213,111781,0.31507183098591546,0.2645,54.5306103286385,1.7531361502347418,85.91549295774648
momentum_stoch_rsi_d,P90_short,fwd_1d,short,213,55895,0.03442300469483568,0.0253,50.81474178403755,0.29418779342723006,64.7887323943662
momentum_stoch_rsi_d,P90_short,fwd_2d,short,213,55895,0.0655413145539906,0.0586,51.92464788732395,0.3852441314553991,64.31924882629107
momentum_stoch_rsi_d,P90_short,fwd_3d,short,213,55895,0.12549812206572772,0.105,52.97549295774648,0.5831408450704225,67.6056338028169
momentum_stoch_rsi_d,P90_short,fwd_5d,short,213,55895,0.2997868544600939,0.2273,54.64586854460094,1.0935915492957746,76.05633802816901
momentum_stoch_rsi_k,P10_long,fwd_1d,long,213,55863,0.11319201877934272,0.0933,52.96028169014084,0.8370000000000001,76.52582159624414
momentum_stoch_rsi_k,P10_long,fwd_2d,long,213,55863,0.22570985915492958,0.1825,53.89507042253521,1.1777981220657276,80.28169014084507
momentum_stoch_rsi_k,P10_long,fwd_3d,long,213,55863,0.36271784037558685,0.2946,54.737417840375585,1.5877370892018778,84.03755868544602
momentum_stoch_rsi_k,P10_long,fwd_5d,long,213,55863,0.5095464788732395,0.4053,55.32845070422535,1.873319248826291,85.91549295774648
momentum_stoch_rsi_k,P20_long,fwd_1d,long,213,111772,0.09538169014084506,0.0784,52.9369014084507,1.0075586854460092,83.09859154929578
momentum_stoch_rsi_k,P20_long,fwd_2d,long,213,111772,0.1907976525821596,0.1709,53.8743661971831,1.470413145539906,83.09859154929578
momentum_stoch_rsi_k,P20_long,fwd_3d,long,213,111772,0.3047347417840376,0.2572,54.5650234741784,1.9538967136150236,85.91549295774648
momentum_stoch_rsi_k,P20_long,fwd_5d,long,213,111772,0.4424347417840376,0.3685,55.157183098591545,2.3022347417840376,87.79342723004694
momentum_stoch_rsi_k,P80_short,fwd_1d,short,213,111771,0.04434084507042253,0.0402,51.20075117370892,0.5807276995305164,76.05633802816901
momentum_stoch_rsi_k,P80_short,fwd_2d,short,213,111771,0.08443239436619719,0.0855,52.368779342723,0.7870610328638498,76.05633802816901
momentum_stoch_rsi_k,P80_short,fwd_3d,short,213,111771,0.13325023474178405,0.1291,53.09032863849765,1.018093896713615,77.93427230046949
momentum_stoch_rsi_k,P80_short,fwd_5d,short,213,111771,0.2743774647887324,0.2438,54.34643192488262,1.5732159624413147,82.15962441314554
momentum_stoch_rsi_k,P90_short,fwd_1d,short,213,55869,0.014427230046948356,0.0193,50.56643192488263,0.19905164319248825,58.21596244131455
momentum_stoch_rsi_k,P90_short,fwd_2d,short,213,55869,0.048276995305164314,0.0389,51.87286384976526,0.33069953051643197,62.441314553990615
momentum_stoch_rsi_k,P90_short,fwd_3d,short,213,55869,0.06521079812206573,0.0664,52.43394366197183,0.3754600938967136,63.38028169014085
momentum_stoch_rsi_k,P90_short,fwd_5d,short,213,55869,0.20424272300469484,0.1615,54.156431924882625,0.7776760563380282,69.48356807511738
momentum_stoch_signal,P10_long,fwd_1d,long,213,55893,0.1313305164319249,0.1226,53.36615023474178,0.9068544600938967,81.2206572769953
momentum_stoch_signal,P10_long,fwd_2d,long,213,55893,0.25767276995305166,0.2183,54.39652582159624,1.334924882629108,85.91549295774648
momentum_stoch_signal,P10_long,fwd_3d,long,213,55893,0.4107990610328639,0.3608,55.307840375586856,1.7276854460093898,87.32394366197182
momentum_stoch_signal,P10_long,fwd_5d,long,213,55893,0.6278450704225352,0.58,56.778967136150236,2.1666478873239434,87.32394366197182
momentum_stoch_signal,P20_long,fwd_1d,long,213,111781,0.10859718309859155,0.0937,53.09300469483568,1.0354084507042254,89.67136150234741
momentum_stoch_signal,P20_long,fwd_2d,long,213,111781,0.2283868544600939,0.1959,54.29230046948357,1.6316103286384978,92.95774647887323
momentum_stoch_signal,P20_long,fwd_3d,long,213,111781,0.35184600938967137,0.2928,55.094319248826295,2.0487840375586854,93.42723004694837
momentum_stoch_signal,P20_long,fwd_5d,long,213,111781,0.5185267605633803,0.4745,56.080751173708926,2.4746291079812206,91.54929577464789
momentum_stoch_signal,P80_short,fwd_1d,short,213,111781,0.03604600938967136,0.0279,51.044976525821596,0.4450234741784037,69.01408450704226
momentum_stoch_signal,P80_short,fwd_2d,short,213,111781,0.07719530516431924,0.0719,51.972535211267605,0.630755868544601,68.07511737089203
momentum_stoch_signal,P80_short,fwd_3d,short,213,111781,0.12359295774647887,0.0924,52.71018779342723,0.8116056338028168,72.30046948356808
momentum_stoch_signal,P80_short,fwd_5d,short,213,111781,0.2250732394366197,0.1529,53.66079812206573,1.1205164319248826,74.17840375586854
momentum_stoch_signal,P90_short,fwd_1d,short,213,55895,0.028282159624413144,0.0244,50.67286384976526,0.23355399061032864,59.154929577464785
momentum_stoch_signal,P90_short,fwd_2d,short,213,55895,0.06547840375586854,0.0395,51.60985915492957,0.3511596244131455,59.154929577464785
momentum_stoch_signal,P90_short,fwd_3d,short,213,55895,0.11130563380281691,0.0735,52.52201877934272,0.4925586854460094,63.38028169014085
momentum_stoch_signal,P90_short,fwd_5d,short,213,55895,0.23050657276995307,0.1457,53.815070422535214,0.7406901408450705,64.31924882629107
momentum_tsi,P10_long,fwd_1d,long,213,55895,0.1636492957746479,0.148,53.388638497652586,0.9629906103286384,85.91549295774648
momentum_tsi,P10_long,fwd_2d,long,213,55895,0.2839586854460094,0.2528,54.6318779342723,1.2934366197183098,84.97652582159625
momentum_tsi,P10_long,fwd_3d,long,213,55895,0.4138469483568075,0.3739,55.542441314554,1.5421971830985914,85.91549295774648
momentum_tsi,P10_long,fwd_5d,long,213,55895,0.6061300469483568,0.5726,57.114225352112676,1.8853474178403755,85.44600938967136
momentum_tsi,P20_long,fwd_1d,long,213,111781,0.11870328638497653,0.1071,52.901455399061035,1.0778544600938966,88.26291079812206
momentum_tsi,P20_long,fwd_2d,long,213,111781,0.22655399061032863,0.2166,54.08347417840376,1.542525821596244,88.73239436619718
momentum_tsi,P20_long,fwd_3d,long,213,111781,0.33998638497652584,0.3148,54.916854460093894,1.8780234741784039,91.07981220657277
momentum_tsi,P20_long,fwd_5d,long,213,111781,0.5358164319248826,0.5015,56.30079812206573,2.423868544600939,91.54929577464789
momentum_tsi,P80_short,fwd_1d,short,213,111781,0.045242253521126756,0.0142,51.30107981220657,0.33041784037558686,63.84976525821596
momentum_tsi,P80_short,fwd_2d,short,213,111781,0.09410985915492959,0.0324,52.11258215962441,0.49011737089201873,63.38028169014085
momentum_tsi,P80_short,fwd_3d,short,213,111781,0.14281830985915495,0.0442,52.3812676056338,0.6124413145539905,63.38028169014085
momentum_tsi,P80_short,fwd_5d,short,213,111781,0.24574225352112675,0.0885,53.13450704225352,0.8848779342723005,68.54460093896714
momentum_tsi,P90_short,fwd_1d,short,213,55895,0.036469953051643196,-0.0035,50.897887323943664,-0.009450704225352123,48.35680751173709
momentum_tsi,P90_short,fwd_2d,short,213,55895,0.07646948356807512,-0.012,51.46483568075117,0.03479342723004695,47.417840375586856
momentum_tsi,P90_short,fwd_3d,short,213,55895,0.11711220657276995,-0.0099,51.59798122065728,0.06044131455399061,48.35680751173709
momentum_tsi,P90_short,fwd_5d,short,213,55895,0.19862394366197184,0.0022,52.12173708920188,0.15462441314553993,50.70422535211267
momentum_uo,P10_long,fwd_1d,long,213,55895,0.11868779342723004,0.1145,52.91403755868545,0.897774647887324,78.87323943661971
momentum_uo,P10_long,fwd_2d,long,213,55895,0.23433661971830985,0.2324,53.78746478873239,1.2641455399061032,82.62910798122066
momentum_uo,P10_long,fwd_3d,long,213,55895,0.3690995305164319,0.3402,54.865258215962434,1.6736384976525822,84.03755868544602
momentum_uo,P10_long,fwd_5d,long,213,55895,0.5866859154929578,0.5435,56.45338028169014,2.1286056338028168,85.44600938967136
momentum_uo,P20_long,fwd_1d,long,213,111781,0.10469014084507042,0.0944,52.90990610328638,1.115131455399061,87.79342723004694
momentum_uo,P20_long,fwd_2d,long,213,111781,0.21747793427230047,0.194,53.99399061032864,1.6453661971830986,88.26291079812206
momentum_uo,P20_long,fwd_3d,long,213,111781,0.3292769953051643,0.2872,54.63591549295775,2.0296338028169014,87.79342723004694
momentum_uo,P20_long,fwd_5d,long,213,111781,0.5332826291079813,0.4513,55.97267605633803,2.598849765258216,90.14084507042254
momentum_uo,P80_short,fwd_1d,short,213,111781,0.045953521126760564,0.0271,50.813943661971834,0.40350234741784036,62.441314553990615
momentum_uo,P80_short,fwd_2d,short,213,111781,0.10023380281690142,0.051,52.169295774647885,0.6812676056338027,68.54460093896714
momentum_uo,P80_short,fwd_3d,short,213,111781,0.16172206572769954,0.0985,53.068215962441315,0.9611455399061032,76.52582159624414
momentum_uo,P80_short,fwd_5d,short,213,111781,0.2832549295774648,0.1637,54.20460093896713,1.2920892018779342,76.99530516431925
momentum_uo,P90_short,fwd_1d,short,213,55895,0.0326131455399061,0.004,50.30356807511737,0.12172300469483568,52.112676056338024
momentum_uo,P90_short,fwd_2d,short,213,55895,0.07788638497652582,0.0311,51.42028169014085,0.2854037558685446,56.8075117370892
momentum_uo,P90_short,fwd_3d,short,213,55895,0.13252723004694836,0.0578,52.47859154929578,0.4373051643192488,61.502347417840376
momentum_uo,P90_short,fwd_5d,short,213,55895,0.27659248826291083,0.1545,54.1169014084507,0.8215399061032864,67.13615023474179
momentum_wr,P10_long,fwd_1d,long,213,55895,0.12320751173708919,0.115,53.195164319248825,0.8644976525821596,75.11737089201877
momentum_wr,P10_long,fwd_2d,long,213,55895,0.19922394366197183,0.1694,53.54985915492958,1.0223380281690142,78.87323943661971
momentum_wr,P10_long,fwd_3d,long,213,55895,0.28965868544600937,0.2493,53.93446009389671,1.2214647887323944,76.05633802816901
momentum_wr,P10_long,fwd_5d,long,213,55895,0.5700014084507042,0.4593,55.95084507042254,1.9072863849765258,88.73239436619718
momentum_wr,P20_long,fwd_1d,long,213,111780,0.09608685446009389,0.0896,53.196103286384975,1.0191924882629109,81.2206572769953
momentum_wr,P20_long,fwd_2d,long,213,111780,0.1764769953051643,0.1567,53.68680751173709,1.3347840375586855,83.56807511737088
momentum_wr,P20_long,fwd_3d,long,213,111780,0.30377417840375587,0.2642,54.469342723004694,1.7964460093896713,89.2018779342723
momentum_wr,P20_long,fwd_5d,long,213,111780,0.5281201877934272,0.4338,56.02084507042254,2.51875117370892,91.07981220657277
momentum_wr,P80_short,fwd_1d,short,213,111781,0.04510610328638497,0.0257,50.680657276995305,0.41569953051643194,67.13615023474179
momentum_wr,P80_short,fwd_2d,short,213,111781,0.08805023474178404,0.0559,51.93474178403756,0.6305633802816901,69.48356807511738
momentum_wr,P80_short,fwd_3d,short,213,111781,0.12906197183098592,0.0824,52.73474178403756,0.8474929577464788,74.17840375586854
momentum_wr,P80_short,fwd_5d,short,213,111781,0.2308319248826291,0.1485,53.63713615023474,1.1518732394366196,77.46478873239437
momentum_wr,P90_short,fwd_1d,short,213,55895,0.03727089201877934,0.0079,50.340938967136154,0.17397652582159626,55.39906103286385
momentum_wr,P90_short,fwd_2d,short,213,55895,0.06655727699530517,0.026,51.47633802816901,0.28030046948356807,57.74647887323944
momentum_wr,P90_short,fwd_3d,short,213,55895,0.10748638497652582,0.0669,52.27089201877935,0.4367699530516432,62.91079812206573
momentum_wr,P90_short,fwd_5d,short,213,55895,0.19938169014084506,0.1164,53.60220657276996,0.6984272300469484,69.48356807511738
others_cr,P10_long,fwd_1d,long,213,55832,0.28836384976525825,0.2167,54.72431924882629,1.8735774647887324,100.0
others_cr,P10_long,fwd_2d,long,213,55832,0.5534929577464789,0.4274,57.167417840375585,2.634154929577465,100.0
others_cr,P10_long,fwd_3d,long,213,55832,0.8270018779342723,0.6332,58.72657276995305,3.231356807511737,100.0
others_cr,P10_long,fwd_5d,long,213,55832,1.3319262910798124,1.0226,61.199436619718306,4.14806103286385,100.0
others_cr,P20_long,fwd_1d,long,213,111704,0.1906887323943662,0.1552,53.39647887323944,1.8561502347417842,100.0
others_cr,P20_long,fwd_2d,long,213,111704,0.37773896713615024,0.2874,55.38549295774648,2.607943661971831,100.0
others_cr,P20_long,fwd_3d,long,213,111704,0.5724521126760563,0.4249,56.68206572769953,3.2125962441314555,100.0
others_cr,P20_long,fwd_5d,long,213,111704,0.9330178403755869,0.7121,58.470845070422534,4.173666666666667,100.0
others_cr,P80_short,fwd_1d,short,213,111744,-0.03213661971830986,-0.0331,50.45910798122066,-0.3649718309859155,29.577464788732392
others_cr,P80_short,fwd_2d,short,213,111744,-0.05853239436619718,-0.074,50.608122065727706,-0.48207511737089204,28.169014084507044
others_cr,P80_short,fwd_3d,short,213,111744,-0.0839924882629108,-0.1069,50.40657276995305,-0.5613849765258216,27.699530516431924
others_cr,P80_short,fwd_5d,short,213,111744,-0.13381596244131455,-0.1736,50.03577464788733,-0.6947981220657277,28.638497652582164
others_cr,P90_short,fwd_1d,short,213,55871,-0.07404131455399061,-0.0825,49.45098591549296,-0.6091877934272301,24.88262910798122
others_cr,P90_short,fwd_2d,short,213,55871,-0.147106103286385,-0.169,49.51230046948357,-0.8453333333333334,23.943661971830984
others_cr,P90_short,fwd_3d,short,213,55871,-0.22077887323943662,-0.2574,49.03798122065728,-1.0186291079812206,24.88262910798122
others_cr,P90_short,fwd_5d,short,213,55871,-0.35601596244131456,-0.4037,48.002347417840376,-1.271530516431925,24.413145539906104
others_dlr,P10_long,fwd_1d,long,213,55895,0.1156262910798122,0.1006,52.49774647887324,0.75837558685446,80.75117370892019
others_dlr,P10_long,fwd_2d,long,213,55895,0.1719305164319249,0.1726,53.48046948356808,0.8666854460093897,79.81220657276995
others_dlr,P10_long,fwd_3d,long,213,55895,0.30801737089201875,0.2658,54.00708920187793,1.1428262910798122,91.54929577464789
others_dlr,P10_long,fwd_5d,long,213,55895,0.6492103286384977,0.5965,55.89028169014084,1.7987417840375588,97.65258215962442
others_dlr,P20_long,fwd_1d,long,213,111779,0.09061079812206572,0.0935,52.72131455399061,0.9728826291079812,84.50704225352112
others_dlr,P20_long,fwd_2d,long,213,111779,0.16642910798122065,0.1493,53.47131455399061,1.284694835680751,89.2018779342723
others_dlr,P20_long,fwd_3d,long,213,111779,0.2745417840375587,0.2406,53.96652582159625,1.5875539906103286,96.71361502347418
others_dlr,P20_long,fwd_5d,long,213,111779,0.5211009389671362,0.4608,55.5124882629108,2.326,99.53051643192488
others_dlr,P80_short,fwd_1d,short,213,111781,0.027946948356807513,0.0046,50.488215962441316,0.04859624413145539,51.64319248826291
others_dlr,P80_short,fwd_2d,short,213,111781,0.11441643192488263,0.0733,52.234600938967134,0.6406666666666666,75.5868544600939
others_dlr,P80_short,fwd_3d,short,213,111781,0.17232535211267605,0.1442,53.24553990610328,0.969112676056338,83.56807511737088
others_dlr,P80_short,fwd_5d,short,213,111781,0.26627511737089204,0.2263,53.82244131455399,1.2620281690140847,88.26291079812206
others_dlr,P90_short,fwd_1d,short,213,55895,-0.009369483568075118,-0.0243,49.62826291079812,-0.2556431924882629,39.906103286384976
others_dlr,P90_short,fwd_2d,short,213,55895,0.10437558685446009,0.0533,52.00854460093897,0.3107370892018779,61.502347417840376
others_dlr,P90_short,fwd_3d,short,213,55895,0.13997042253521128,0.1104,52.88417840375587,0.47420657276995304,69.01408450704226
others_dlr,P90_short,fwd_5d,short,213,55895,0.2210943661971831,0.2021,53.31568075117371,0.6910281690140845,76.99530516431925
others_dr,P10_long,fwd_1d,long,213,55895,0.1156262910798122,0.1006,52.49774647887324,0.75837558685446,80.75117370892019
others_dr,P10_long,fwd_2d,long,213,55895,0.1719305164319249,0.1726,53.48046948356808,0.8666854460093897,79.81220657276995
others_dr,P10_long,fwd_3d,long,213,55895,0.30801737089201875,0.2658,54.00708920187793,1.1428262910798122,91.54929577464789
others_dr,P10_long,fwd_5d,long,213,55895,0.6492103286384977,0.5965,55.89028169014084,1.7987417840375588,97.65258215962442
others_dr,P20_long,fwd_1d,long,213,111780,0.09062535211267606,0.0935,52.72192488262911,0.9729342723004694,84.50704225352112
others_dr,P20_long,fwd_2d,long,213,111780,0.16647089201877935,0.1493,53.4718779342723,1.2848262910798123,89.2018779342723
others_dr,P20_long,fwd_3d,long,213,111780,0.27458544600938967,0.2406,53.967136150234744,1.5876760563380283,96.71361502347418
others_dr,P20_long,fwd_5d,long,213,111780,0.5210478873239437,0.4608,55.511877934272306,2.3259107981220657,99.53051643192488
others_dr,P80_short,fwd_1d,short,213,111781,0.027946948356807513,0.0046,50.488215962441316,0.04859624413145539,51.64319248826291
others_dr,P80_short,fwd_2d,short,213,111781,0.11441643192488263,0.0733,52.234600938967134,0.6406666666666666,75.5868544600939
others_dr,P80_short,fwd_3d,short,213,111781,0.17232535211267605,0.1442,53.24553990610328,0.969112676056338,83.56807511737088
others_dr,P80_short,fwd_5d,short,213,111781,0.26627511737089204,0.2263,53.82244131455399,1.2620281690140847,88.26291079812206
others_dr,P90_short,fwd_1d,short,213,55895,-0.009369483568075118,-0.0243,49.62826291079812,-0.2556431924882629,39.906103286384976
others_dr,P90_short,fwd_2d,short,213,55895,0.10437558685446009,0.0533,52.00854460093897,0.3107370892018779,61.502347417840376
others_dr,P90_short,fwd_3d,short,213,55895,0.13997042253521128,0.1104,52.88417840375587,0.47420657276995304,69.01408450704226
others_dr,P90_short,fwd_5d,short,213,55895,0.2210943661971831,0.2021,53.31568075117371,0.6910281690140845,76.99530516431925
trend_adx,P10_long,fwd_1d,long,213,55895,0.0965849765258216,0.0852,52.04854460093897,0.771774647887324,78.87323943661971
trend_adx,P10_long,fwd_2d,long,213,55895,0.19029483568075117,0.151,53.42220657276995,1.0489859154929577,79.34272300469483
trend_adx,P10_long,fwd_3d,long,213,55895,0.2819962441314554,0.2145,54.123849765258214,1.2495727699530517,77.93427230046949
trend_adx,P10_long,fwd_5d,long,213,55895,0.4872023474178404,0.3971,54.9030985915493,1.6637276995305166,77.46478873239437
trend_adx,P20_long,fwd_1d,long,213,111781,0.07086525821596244,0.0568,51.913145539906104,0.8736666666666667,80.75117370892019
trend_adx,P20_long,fwd_2d,long,213,111781,0.14699483568075117,0.1226,53.195211267605636,1.2709953051643192,81.69014084507043
trend_adx,P20_long,fwd_3d,long,213,111781,0.22752535211267605,0.1958,53.69,1.5855211267605633,83.09859154929578
trend_adx,P20_long,fwd_5d,long,213,111781,0.3876723004694836,0.3384,54.49267605633803,2.1051830985915494,85.91549295774648
trend_adx,P80_short,fwd_1d,short,213,111781,0.07196103286384976,0.062,52.055211267605635,0.6734835680751173,81.2206572769953
trend_adx,P80_short,fwd_2d,short,213,111781,0.13518215962441316,0.1115,52.80004694835681,0.9533474178403756,82.15962441314554
trend_adx,P80_short,fwd_3d,short,213,111781,0.20498873239436619,0.1588,53.190328638497654,1.1785539906103286,81.69014084507043
trend_adx,P80_short,fwd_5d,short,213,111781,0.3357727699530516,0.2584,54.254131455399055,1.5610422535211268,81.2206572769953
trend_adx,P90_short,fwd_1d,short,213,55895,0.08466666666666667,0.0734,52.06220657276995,0.5277323943661971,78.40375586854461
trend_adx,P90_short,fwd_2d,short,213,55895,0.16038544600938967,0.1226,52.62037558685446,0.7548122065727699,75.11737089201877
trend_adx,P90_short,fwd_3d,short,213,55895,0.24486150234741785,0.1967,53.04572769953052,0.9224835680751174,75.5868544600939
trend_adx,P90_short,fwd_5d,short,213,55895,0.40752253521126763,0.3241,54.11014084507042,1.2251079812206571,76.99530516431925
trend_adx_neg,P10_long,fwd_1d,long,213,55895,0.034431455399061034,0.0167,50.67896713615024,0.1576338028169014,59.624413145539904
trend_adx_neg,P10_long,fwd_2d,long,213,55895,0.06656854460093897,0.023,51.122957746478875,0.17207981220657276,57.74647887323944
trend_adx_neg,P10_long,fwd_3d,long,213,55895,0.1063431924882629,0.0457,51.47300469483568,0.21581220657276995,59.154929577464785
trend_adx_neg,P10_long,fwd_5d,long,213,55895,0.20485117370892017,0.0506,52.157934272300466,0.3412018779342723,58.68544600938967
trend_adx_neg,P20_long,fwd_1d,long,213,111781,0.04184929577464789,0.021,51.138591549295775,0.36319718309859156,65.72769953051643
trend_adx_neg,P20_long,fwd_2d,long,213,111781,0.08082723004694836,0.0371,51.78943661971831,0.5110234741784038,66.66666666666666
trend_adx_neg,P20_long,fwd_3d,long,213,111781,0.1223718309859155,0.0581,52.07441314553991,0.6134976525821597,69.01408450704226
trend_adx_neg,P20_long,fwd_5d,long,213,111781,0.22493708920187794,0.1226,52.95694835680751,0.8776948356807512,72.30046948356808
trend_adx_neg,P80_short,fwd_1d,short,213,111781,0.09523474178403755,0.0895,52.77023474178404,0.8553521126760564,84.03755868544602
trend_adx_neg,P80_short,fwd_2d,short,213,111781,0.2029488262910798,0.1786,53.914272300469484,1.3379577464788732,87.32394366197182
trend_adx_neg,P80_short,fwd_3d,short,213,111781,0.32968309859154926,0.2836,54.76239436619718,1.747600938967136,90.61032863849765
trend_adx_neg,P80_short,fwd_5d,short,213,111781,0.536218779342723,0.4665,56.23934272300469,2.260131455399061,92.01877934272301
trend_adx_neg,P90_short,fwd_1d,short,213,55895,0.09820281690140846,0.0788,52.91971830985916,0.5632253521126761,77.93427230046949
trend_adx_neg,P90_short,fwd_2d,short,213,55895,0.20448215962441313,0.1815,53.95211267605634,0.8501830985915493,76.52582159624414
trend_adx_neg,P90_short,fwd_3d,short,213,55895,0.33772347417840376,0.2891,54.73272300469483,1.1139906103286386,80.28169014084507
trend_adx_neg,P90_short,fwd_5d,short,213,55895,0.5663577464788732,0.4539,56.404788732394366,1.5256525821596245,83.56807511737088
trend_adx_pos,P10_long,fwd_1d,long,213,55895,0.15741455399061033,0.1431,53.80840375586855,0.9376901408450704,84.97652582159625
trend_adx_pos,P10_long,fwd_2d,long,213,55895,0.2905845070422535,0.2686,55.00333333333333,1.3121596244131455,84.97652582159625
trend_adx_pos,P10_long,fwd_3d,long,213,55895,0.45200328638497655,0.4124,55.99145539906103,1.6509154929577463,87.32394366197182
trend_adx_pos,P10_long,fwd_5d,long,213,55895,0.7084093896713615,0.664,57.486713615023476,2.1331220657276995,89.2018779342723
trend_adx_pos,P20_long,fwd_1d,long,213,111781,0.11426056338028168,0.1011,53.28136150234742,1.0432723004694837,91.07981220657277
trend_adx_pos,P20_long,fwd_2d,long,213,111781,0.22714835680751175,0.2009,54.487652582159626,1.5654178403755867,93.42723004694837
trend_adx_pos,P20_long,fwd_3d,long,213,111781,0.35372863849765257,0.3204,55.26769953051643,2.00181220657277,94.83568075117371
trend_adx_pos,P20_long,fwd_5d,long,213,111781,0.5677943661971832,0.5701,56.65619718309859,2.6079906103286383,92.95774647887323
trend_adx_pos,P80_short,fwd_1d,short,213,111780,0.06695539906103286,0.0443,51.364178403755865,0.665643192488263,79.34272300469483
trend_adx_pos,P80_short,fwd_2d,short,213,111780,0.13263427230046948,0.0902,52.378920187793426,0.9315305164319249,79.34272300469483
trend_adx_pos,P80_short,fwd_3d,short,213,111780,0.19580328638497652,0.1248,52.98361502347418,1.1269154929577465,78.87323943661971
trend_adx_pos,P80_short,fwd_5d,short,213,111780,0.32302910798122064,0.2065,54.10239436619718,1.4931784037558686,81.2206572769953
trend_adx_pos,P90_short,fwd_1d,short,213,55895,0.052089671361502346,0.0264,50.693380281690146,0.23346948356807512,60.56338028169014
trend_adx_pos,P90_short,fwd_2d,short,213,55895,0.11153755868544601,0.0528,51.46539906103286,0.34705633802816904,63.84976525821596
trend_adx_pos,P90_short,fwd_3d,short,213,55895,0.17653427230046947,0.0844,52.084647887323946,0.5058497652582159,66.66666666666666
trend_adx_pos,P90_short,fwd_5d,short,213,55895,0.33264460093896714,0.1798,53.688779342723,0.8780845070422536,70.4225352112676
trend_aroon_down,P10_long,fwd_1d,long,2,190,-0.5243,-0.5243,44.120000000000005,-1.495,0.0
trend_aroon_down,P10_long,fwd_2d,long,2,190,-0.8654999999999999,-0.8654999999999999,42.635000000000005,-1.6059999999999999,0.0
trend_aroon_down,P10_long,fwd_3d,long,2,190,-1.1348,-1.1348,41.665,-1.6804999999999999,0.0
trend_aroon_down,P10_long,fwd_5d,long,2,190,-1.706,-1.706,40.905,-2.1479999999999997,0.0
trend_aroon_down,P20_long,fwd_1d,long,213,91880,0.038415492957746475,0.0233,51.487089201877936,0.35089671361502345,61.03286384976526
trend_aroon_down,P20_long,fwd_2d,long,213,91880,0.05695399061032864,0.0401,51.846760563380286,0.3804929577464789,61.502347417840376
trend_aroon_down,P20_long,fwd_3d,long,213,91880,0.08520845070422535,0.0587,52.026009389671366,0.5042112676056338,63.84976525821596
trend_aroon_down,P20_long,fwd_5d,long,213,91880,0.17583615023474178,0.1366,52.63633802816902,0.8430140845070423,70.89201877934272
trend_aroon_down,P80_short,fwd_1d,short,213,103652,0.09078169014084507,0.0857,52.8830985915493,0.8148450704225353,83.56807511737088
trend_aroon_down,P80_short,fwd_2d,short,213,103652,0.19446713615023475,0.1616,53.97164319248826,1.2731877934272302,86.85446009389672
trend_aroon_down,P80_short,fwd_3d,short,213,103652,0.30779061032863847,0.2561,54.85962441314554,1.6223098591549296,88.73239436619718
trend_aroon_down,P80_short,fwd_5d,short,213,103652,0.5201267605633804,0.4391,56.42516431924882,2.215319248826291,90.14084507042254
trend_aroon_down,P90_short,fwd_1d,short,188,41749,0.09693031914893617,0.10565,53.1763829787234,0.6305797872340426,73.93617021276596
trend_aroon_down,P90_short,fwd_2d,short,188,41749,0.1151154255319149,0.13605,53.66914893617021,0.6019627659574468,67.5531914893617
trend_aroon_down,P90_short,fwd_3d,short,188,41749,0.27947659574468087,0.26805,54.76824468085106,1.0650265957446807,77.6595744680851
trend_aroon_down,P90_short,fwd_5d,short,188,41749,0.5874617021276596,0.51085,56.93760638297873,1.7294627659574469,87.2340425531915
trend_aroon_ind,P10_long,fwd_1d,long,213,50771,0.13328779342723004,0.1217,52.839061032863846,0.7894319248826291,80.75117370892019
trend_aroon_ind,P10_long,fwd_2d,long,213,50771,0.26354225352112676,0.2241,54.136197183098595,1.1491643192488263,83.09859154929578
trend_aroon_ind,P10_long,fwd_3d,long,213,50771,0.4257173708920188,0.342,55.43356807511737,1.5174413145539905,85.44600938967136
trend_aroon_ind,P10_long,fwd_5d,long,213,50771,0.6978042253521126,0.6095,57.458215962441315,2.1210046948356807,87.32394366197182
trend_aroon_ind,P20_long,fwd_1d,long,213,105119,0.10820422535211267,0.0954,52.783802816901414,0.9624319248826291,86.3849765258216
trend_aroon_ind,P20_long,fwd_2d,long,213,105119,0.21038262910798122,0.1871,53.9687323943662,1.400882629107981,86.85446009389672
trend_aroon_ind,P20_long,fwd_3d,long,213,105119,0.33199577464788727,0.2869,54.89352112676056,1.794694835680751,87.32394366197182
trend_aroon_ind,P20_long,fwd_5d,long,213,105119,0.5604661971830986,0.4927,56.43962441314554,2.4978920187793427,90.61032863849765
trend_aroon_ind,P80_short,fwd_1d,short,213,103122,0.05138028169014085,0.0346,51.523896713615024,0.4606244131455399,68.07511737089203
trend_aroon_ind,P80_short,fwd_2d,short,213,103122,0.10284319248826292,0.0575,52.206150234741784,0.6636760563380282,69.48356807511738
trend_aroon_ind,P80_short,fwd_3d,short,213,103122,0.15632769953051645,0.0933,52.57666666666667,0.8382347417840376,70.4225352112676
trend_aroon_ind,P80_short,fwd_5d,short,213,103122,0.26175446009389675,0.1563,53.322723004694836,1.1585258215962442,72.76995305164318
trend_aroon_ind,P90_short,fwd_1d,short,213,47650,0.02782863849765258,0.0131,51.00953051643193,0.1165962441314554,56.33802816901409
trend_aroon_ind,P90_short,fwd_2d,short,213,47650,0.04319248826291079,0.0182,51.358591549295774,0.0928075117370892,54.460093896713616
trend_aroon_ind,P90_short,fwd_3d,short,213,47650,0.07549295774647886,0.0324,51.59403755868545,0.16949295774647885,53.52112676056338
trend_aroon_ind,P90_short,fwd_5d,short,213,47650,0.17293521126760564,0.0903,52.213427230046946,0.4165633802816901,60.56338028169014
trend_aroon_up,P10_long,fwd_1d,long,129,30642,0.12403720930232556,0.1079,53.444806201550385,0.9145116279069767,86.04651162790698
trend_aroon_up,P10_long,fwd_2d,long,129,30642,0.2588992248062016,0.2289,55.42480620155039,1.4075736434108528,91.47286821705426
trend_aroon_up,P10_long,fwd_3d,long,129,30642,0.392377519379845,0.3648,56.67682170542636,1.7636046511627907,91.47286821705426
trend_aroon_up,P10_long,fwd_5d,long,129,30642,0.687808527131783,0.67,58.47279069767442,2.5608062015503874,97.67441860465115
trend_aroon_up,P20_long,fwd_1d,long,213,102478,0.1191150234741784,0.109,52.34835680751174,1.1746948356807512,88.26291079812206
trend_aroon_up,P20_long,fwd_2d,long,213,102478,0.23989201877934274,0.2207,53.891032863849766,1.6919389671361502,87.79342723004694
trend_aroon_up,P20_long,fwd_3d,long,213,102478,0.36495586854460094,0.323,54.942957746478875,2.0514460093896716,90.14084507042254
trend_aroon_up,P20_long,fwd_5d,long,213,102478,0.5660521126760564,0.4955,56.16431924882629,2.6371596244131457,90.61032863849765
trend_aroon_up,P80_short,fwd_1d,short,210,92480,0.05227428571428572,0.03195,51.074000000000005,0.4611,69.52380952380952
trend_aroon_up,P80_short,fwd_2d,short,210,92480,0.09816714285714284,0.0627,52.058142857142855,0.5953571428571429,69.04761904761905
trend_aroon_up,P80_short,fwd_3d,short,210,92480,0.1453138095238095,0.09145,52.54333333333334,0.7411761904761904,70.47619047619048
trend_aroon_up,P80_short,fwd_5d,short,210,92480,0.2620533333333333,0.1509,53.36047619047619,1.0147333333333333,75.23809523809524
trend_aroon_up,P90_short,fwd_1d,short,8,1127,0.07101249999999999,-0.0408,47.37125,-0.013624999999999983,37.5
trend_aroon_up,P90_short,fwd_2d,short,8,1127,0.001099999999999983,-0.0915,45.18125,-0.22050000000000003,37.5
trend_aroon_up,P90_short,fwd_3d,short,8,1127,0.08231250000000001,-0.04325,47.07125,-0.0635,50.0
trend_aroon_up,P90_short,fwd_5d,short,8,1127,0.67355,0.6819999999999999,49.31125,0.534125,75.0
trend_cci,P10_long,fwd_1d,long,213,55895,0.10066901408450704,0.0828,53.15413145539906,0.6894553990610329,73.70892018779342
trend_cci,P10_long,fwd_2d,long,213,55895,0.17310046948356805,0.1541,53.89948356807512,0.887018779342723,72.76995305164318
trend_cci,P10_long,fwd_3d,long,213,55895,0.2993568075117371,0.2837,54.55981220657277,1.228356807511737,78.87323943661971
trend_cci,P10_long,fwd_5d,long,213,55895,0.5372366197183098,0.5164,56.36694835680751,1.783450704225352,84.03755868544602
trend_cci,P20_long,fwd_1d,long,213,111781,0.0844056338028169,0.0829,53.21525821596244,0.8278028169014084,83.09859154929578
trend_cci,P20_long,fwd_2d,long,213,111781,0.1779338028169014,0.1724,54.07849765258216,1.2822723004694836,84.97652582159625
trend_cci,P20_long,fwd_3d,long,213,111781,0.2886906103286385,0.259,54.804084507042255,1.678737089201878,89.67136150234741
trend_cci,P20_long,fwd_5d,long,213,111781,0.48888169014084504,0.4405,56.1724882629108,2.267492957746479,91.07981220657277
trend_cci,P80_short,fwd_1d,short,213,111781,0.0585962441314554,0.0384,51.01882629107981,0.5804225352112676,71.36150234741784
trend_cci,P80_short,fwd_2d,short,213,111781,0.11621502347417839,0.0721,52.21615023474178,0.8166431924882629,73.70892018779342
trend_cci,P80_short,fwd_3d,short,213,111781,0.16994929577464787,0.1083,52.90446009389671,0.9890046948356809,76.52582159624414
trend_cci,P80_short,fwd_5d,short,213,111781,0.27302910798122065,0.1743,53.873004694835686,1.269474178403756,76.05633802816901
trend_cci,P90_short,fwd_1d,short,213,55895,0.03524647887323944,0.0292,50.59347417840375,0.2516948356807512,62.441314553990615
trend_cci,P90_short,fwd_2d,short,213,55895,0.07867089201877933,0.0586,51.62079812206573,0.3896995305164319,64.31924882629107
trend_cci,P90_short,fwd_3d,short,213,55895,0.09787276995305165,0.0919,52.30760563380282,0.41118779342723005,62.441314553990615
trend_cci,P90_short,fwd_5d,short,213,55895,0.18927981220657278,0.1343,53.346666666666664,0.6154272300469483,64.31924882629107
trend_dpo,P10_long,fwd_1d,long,213,55891,0.08512488262910797,0.0726,51.29694835680751,0.5907230046948356,77.46478873239437
trend_dpo,P10_long,fwd_2d,long,213,55891,0.15340422535211268,0.1373,52.52774647887324,0.7811455399061032,76.52582159624414
trend_dpo,P10_long,fwd_3d,long,213,55891,0.19705492957746482,0.191,53.12732394366198,0.8087793427230048,75.11737089201877
trend_dpo,P10_long,fwd_5d,long,213,55891,0.2911647887323944,0.2844,53.52192488262911,1.0120610328638497,77.93427230046949
trend_dpo,P20_long,fwd_1d,long,213,111777,0.07467605633802817,0.0646,51.54995305164319,0.7485211267605634,79.81220657276995
trend_dpo,P20_long,fwd_2d,long,213,111777,0.14846713615023474,0.1338,52.706338028169014,1.0412394366197182,83.09859154929578
trend_dpo,P20_long,fwd_3d,long,213,111777,0.19736150234741784,0.1751,53.18953051643193,1.1003568075117371,80.75117370892019
trend_dpo,P20_long,fwd_5d,long,213,111777,0.30265023474178404,0.2814,53.63661971830986,1.3965070422535213,82.62910798122066
trend_dpo,P80_short,fwd_1d,short,213,111772,0.04759765258215962,0.0471,51.42291079812207,0.544413145539906,74.64788732394366
trend_dpo,P80_short,fwd_2d,short,213,111772,0.08557699530516431,0.0746,52.560938967136146,0.701718309859155,74.17840375586854
trend_dpo,P80_short,fwd_3d,short,213,111772,0.1715300469483568,0.1519,53.06483568075117,1.091037558685446,80.28169014084507
trend_dpo,P80_short,fwd_5d,short,213,111772,0.2943830985915493,0.2901,54.28253521126761,1.569112676056338,85.91549295774648
trend_dpo,P90_short,fwd_1d,short,213,55891,0.05979671361502348,0.0414,50.99530516431925,0.34938967136150234,66.19718309859155
trend_dpo,P90_short,fwd_2d,short,213,55891,0.09466666666666668,0.0761,51.855070422535206,0.4269342723004695,62.91079812206573
trend_dpo,P90_short,fwd_3d,short,213,55891,0.19615774647887324,0.1784,52.61915492957746,0.7195539906103285,73.70892018779342
trend_dpo,P90_short,fwd_5d,short,213,55891,0.2950985915492958,0.2834,53.817652582159624,1.0003333333333333,76.99530516431925
trend_ema_fast,P10_long,fwd_1d,long,213,55895,0.27280985915492956,0.2056,54.4350234741784,1.8718169014084507,100.0
trend_ema_fast,P10_long,fwd_2d,long,213,55895,0.5344948356807512,0.3961,57.05230046948356,2.649037558685446,100.0
trend_ema_fast,P10_long,fwd_3d,long,213,55895,0.797086854460094,0.5664,58.55197183098591,3.2356666666666665,100.0
trend_ema_fast,P10_long,fwd_5d,long,213,55895,1.2999516431924882,0.9039,60.904037558685445,4.181892018779343,100.0
trend_ema_fast,P20_long,fwd_1d,long,213,111781,0.1873769953051643,0.1439,53.186431924882626,1.8656431924882628,100.0
trend_ema_fast,P20_long,fwd_2d,long,213,111781,0.3707328638497652,0.2809,55.27150234741784,2.6452582159624414,100.0
trend_ema_fast,P20_long,fwd_3d,long,213,111781,0.5539422535211268,0.4182,56.530046948356805,3.2427652582159623,100.0
trend_ema_fast,P20_long,fwd_5d,long,213,111781,0.9056549295774649,0.6945,58.2762441314554,4.200215962441314,100.0
trend_ema_fast,P80_short,fwd_1d,short,213,111781,-0.02963943661971831,-0.0335,50.50591549295775,-0.3427136150234742,29.107981220657276
trend_ema_fast,P80_short,fwd_2d,short,213,111781,-0.0578830985915493,-0.0656,50.66737089201878,-0.4760422535211268,29.107981220657276
trend_ema_fast,P80_short,fwd_3d,short,213,111781,-0.08152816901408451,-0.1004,50.443755868544606,-0.5517276995305165,30.046948356807512
trend_ema_fast,P80_short,fwd_5d,short,213,111781,-0.131743661971831,-0.1721,50.03525821596244,-0.6664694835680751,29.577464788732392
trend_ema_fast,P90_short,fwd_1d,short,213,55895,-0.07998920187793428,-0.0794,49.58173708920188,-0.6166995305164319,24.88262910798122
trend_ema_fast,P90_short,fwd_2d,short,213,55895,-0.15983849765258215,-0.1608,49.55474178403756,-0.8663521126760563,24.413145539906104
trend_ema_fast,P90_short,fwd_3d,short,213,55895,-0.23350704225352115,-0.2421,49.01206572769953,-1.0408544600938967,24.413145539906104
trend_ema_fast,P90_short,fwd_5d,short,213,55895,-0.37843333333333334,-0.3868,47.77291079812206,-1.2982394366197183,23.943661971830984
trend_ema_slow,P10_long,fwd_1d,long,213,55895,0.26939765258215964,0.1876,54.30652582159624,1.8721220657276996,100.0
trend_ema_slow,P10_long,fwd_2d,long,213,55895,0.5328643192488263,0.3771,56.95816901408451,2.653206572769953,100.0
trend_ema_slow,P10_long,fwd_3d,long,213,55895,0.7967723004694836,0.5516,58.46784037558685,3.261718309859155,100.0
trend_ema_slow,P10_long,fwd_5d,long,213,55895,1.2995464788732396,0.9082,60.79896713615024,4.199211267605634,100.0
trend_ema_slow,P20_long,fwd_1d,long,213,111781,0.1823018779342723,0.1474,53.09089201877934,1.849774647887324,100.0
trend_ema_slow,P20_long,fwd_2d,long,213,111781,0.36233802816901406,0.283,55.15591549295774,2.6141173708920187,100.0
trend_ema_slow,P20_long,fwd_3d,long,213,111781,0.541675117370892,0.4144,56.31995305164319,3.204244131455399,100.0
trend_ema_slow,P20_long,fwd_5d,long,213,111781,0.8850159624413145,0.6827,58.02230046948357,4.14906572769953,100.0
trend_ema_slow,P80_short,fwd_1d,short,213,111781,-0.02896338028169014,-0.0347,50.546807511737086,-0.3020140845070422,30.51643192488263
trend_ema_slow,P80_short,fwd_2d,short,213,111781,-0.05726948356807512,-0.0673,50.74558685446009,-0.4268309859154929,30.046948356807512
trend_ema_slow,P80_short,fwd_3d,short,213,111781,-0.0835206572769953,-0.0972,50.556525821596246,-0.5056150234741784,30.51643192488263
trend_ema_slow,P80_short,fwd_5d,short,213,111781,-0.14042910798122066,-0.1622,50.131643192488255,-0.6318122065727699,31.92488262910798
trend_ema_slow,P90_short,fwd_1d,short,213,55895,-0.0908507042253521,-0.0868,49.54990610328638,-0.6412957746478873,23.004694835680752
trend_ema_slow,P90_short,fwd_2d,short,213,55895,-0.17713474178403757,-0.1725,49.431784037558685,-0.8917887323943662,23.004694835680752
trend_ema_slow,P90_short,fwd_3d,short,213,55895,-0.2572896713615024,-0.2573,48.90661971830986,-1.0584225352112675,23.474178403755868
trend_ema_slow,P90_short,fwd_5d,short,213,55895,-0.40378779342723004,-0.4247,47.83042253521126,-1.2789530516431924,23.474178403755868
trend_ichimoku_a,P10_long,fwd_1d,long,213,55763,0.27174178403755866,0.1945,54.20849765258216,1.8637981220657276,100.0
trend_ichimoku_a,P10_long,fwd_2d,long,213,55763,0.5383014084507043,0.3939,56.941830985915495,2.663281690140845,100.0
trend_ichimoku_a,P10_long,fwd_3d,long,213,55763,0.7996967136150235,0.5815,58.43840375586854,3.2602159624413147,100.0
trend_ichimoku_a,P10_long,fwd_5d,long,213,55763,1.3000934272300468,0.927,60.74262910798122,4.187192488262911,100.0
trend_ichimoku_a,P20_long,fwd_1d,long,213,111667,0.1838582159624413,0.1436,53.14849765258216,1.841455399061033,100.0
trend_ichimoku_a,P20_long,fwd_2d,long,213,111667,0.3619868544600939,0.2807,55.208356807511734,2.604784037558685,100.0
trend_ichimoku_a,P20_long,fwd_3d,long,213,111667,0.5420774647887324,0.4298,56.39136150234742,3.194666666666667,100.0
trend_ichimoku_a,P20_long,fwd_5d,long,213,111667,0.8936859154929577,0.7,58.11953051643192,4.152713615023474,100.0
trend_ichimoku_a,P80_short,fwd_1d,short,213,111678,-0.026670892018779344,-0.031,50.608215962441314,-0.29996244131455396,30.51643192488263
trend_ichimoku_a,P80_short,fwd_2d,short,213,111678,-0.05160845070422535,-0.0645,50.765352112676055,-0.4079530516431925,30.51643192488263
trend_ichimoku_a,P80_short,fwd_3d,short,213,111678,-0.07652676056338029,-0.0925,50.55957746478874,-0.49379342723004693,30.51643192488263
trend_ichimoku_a,P80_short,fwd_5d,short,213,111678,-0.1249206572769953,-0.1535,50.14389671361502,-0.613718309859155,30.51643192488263
trend_ichimoku_a,P90_short,fwd_1d,short,213,55796,-0.08139906103286386,-0.0814,49.63417840375587,-0.6194929577464788,25.352112676056336
trend_ichimoku_a,P90_short,fwd_2d,short,213,55796,-0.1651732394366197,-0.1642,49.594319248826295,-0.8715352112676056,24.413145539906104
trend_ichimoku_a,P90_short,fwd_3d,short,213,55796,-0.2439718309859155,-0.2401,49.0156338028169,-1.047323943661972,24.413145539906104
trend_ichimoku_a,P90_short,fwd_5d,short,213,55796,-0.38787605633802813,-0.3953,47.88511737089202,-1.2901455399061033,23.943661971830984
trend_ichimoku_b,P10_long,fwd_1d,long,213,54729,0.2444793427230047,0.1751,54.015023474178406,1.7296854460093898,100.0
trend_ichimoku_b,P10_long,fwd_2d,long,213,54729,0.480562910798122,0.351,56.38403755868544,2.429732394366197,100.0
trend_ichimoku_b,P10_long,fwd_3d,long,213,54729,0.7142826291079812,0.521,57.699061032863845,2.9597840375586855,100.0
trend_ichimoku_b,P10_long,fwd_5d,long,213,54729,1.1717239436619717,0.8504,59.78755868544601,3.81218779342723,100.0
trend_ichimoku_b,P20_long,fwd_1d,long,213,110682,0.17276291079812206,0.1372,53.01990610328638,1.8153098591549295,100.0
trend_ichimoku_b,P20_long,fwd_2d,long,213,110682,0.34293943661971826,0.2761,54.970469483568074,2.576347417840376,100.0
trend_ichimoku_b,P20_long,fwd_3d,long,213,110682,0.512537558685446,0.4073,56.16234741784037,3.1535164319248823,100.0
trend_ichimoku_b,P20_long,fwd_5d,long,213,110682,0.8436619718309859,0.6683,57.79089201877934,4.077615023474179,100.0
trend_ichimoku_b,P80_short,fwd_1d,short,213,110553,-0.024702347417840376,-0.0235,50.692347417840374,-0.2041079812206573,33.80281690140845
trend_ichimoku_b,P80_short,fwd_2d,short,213,110553,-0.04779483568075117,-0.0443,51.000985915492954,-0.2764460093896714,34.27230046948357
trend_ichimoku_b,P80_short,fwd_3d,short,213,110553,-0.06872582159624413,-0.0686,50.83845070422535,-0.32028169014084507,34.74178403755869
trend_ichimoku_b,P80_short,fwd_5d,short,213,110553,-0.11431079812206572,-0.111,50.544976525821596,-0.39560093896713616,37.08920187793427
trend_ichimoku_b,P90_short,fwd_1d,short,213,54721,-0.07185023474178404,-0.075,49.68511737089202,-0.4801643192488263,23.943661971830984
trend_ichimoku_b,P90_short,fwd_2d,short,213,54721,-0.14123427230046948,-0.1401,49.75431924882629,-0.6475305164319249,23.943661971830984
trend_ichimoku_b,P90_short,fwd_3d,short,213,54721,-0.21401408450704226,-0.1987,49.36431924882629,-0.7864460093896714,24.413145539906104
trend_ichimoku_b,P90_short,fwd_5d,short,213,54721,-0.3655328638497653,-0.3382,48.454694835680755,-1.0003474178403757,25.821596244131456
trend_ichimoku_base,P10_long,fwd_1d,long,213,55259,0.26403145539906103,0.1891,54.11732394366197,1.831150234741784,100.0
trend_ichimoku_base,P10_long,fwd_2d,long,213,55259,0.5205450704225352,0.3712,56.81525821596244,2.5927558685446006,100.0
trend_ichimoku_base,P10_long,fwd_3d,long,213,55259,0.7761610328638499,0.5505,58.25323943661972,3.189755868544601,100.0
trend_ichimoku_base,P10_long,fwd_5d,long,213,55259,1.274625821596244,0.9219,60.673192488262906,4.12656338028169,100.0
trend_ichimoku_base,P20_long,fwd_1d,long,213,111207,0.18056338028169014,0.1428,53.068028169014084,1.8191220657276996,100.0
trend_ichimoku_base,P20_long,fwd_2d,long,213,111207,0.3573629107981221,0.2834,55.10723004694836,2.5730328638497655,100.0
trend_ichimoku_base,P20_long,fwd_3d,long,213,111207,0.536850234741784,0.4168,56.28666666666666,3.1688685446009393,100.0
trend_ichimoku_base,P20_long,fwd_5d,long,213,111207,0.8841356807511737,0.68,57.9943661971831,4.110849765258216,100.0
trend_ichimoku_base,P80_short,fwd_1d,short,213,111319,-0.024322535211267603,-0.0258,50.67892018779343,-0.2597793427230047,31.92488262910798
trend_ichimoku_base,P80_short,fwd_2d,short,213,111319,-0.0481131455399061,-0.0544,50.88384976525822,-0.35151643192488263,30.985915492957744
trend_ichimoku_base,P80_short,fwd_3d,short,213,111319,-0.07145868544600939,-0.08,50.70089201877935,-0.419981220657277,30.51643192488263
trend_ichimoku_base,P80_short,fwd_5d,short,213,111319,-0.11820046948356808,-0.1273,50.31572769953052,-0.5225070422535211,31.92488262910798
trend_ichimoku_base,P90_short,fwd_1d,short,213,55385,-0.07710985915492957,-0.0775,49.734225352112674,-0.5635727699530516,25.352112676056336
trend_ichimoku_base,P90_short,fwd_2d,short,213,55385,-0.15688779342723003,-0.1533,49.64577464788732,-0.7882300469483569,25.352112676056336
trend_ichimoku_base,P90_short,fwd_3d,short,213,55385,-0.23281408450704225,-0.223,49.09760563380282,-0.9489154929577465,25.821596244131456
trend_ichimoku_base,P90_short,fwd_5d,short,213,55385,-0.3734910798122066,-0.356,48.15821596244132,-1.1614178403755868,25.821596244131456
trend_ichimoku_conv,P10_long,fwd_1d,long,213,55729,0.26771596244131457,0.1982,54.358122065727706,1.8310798122065728,100.0
trend_ichimoku_conv,P10_long,fwd_2d,long,213,55729,0.5301929577464789,0.3966,57.084788732394365,2.6271643192488265,100.0
trend_ichimoku_conv,P10_long,fwd_3d,long,213,55729,0.7893591549295774,0.5937,58.54629107981221,3.2216807511737087,100.0
trend_ichimoku_conv,P10_long,fwd_5d,long,213,55729,1.2897169014084506,0.9626,60.902159624413144,4.164319248826291,100.0
trend_ichimoku_conv,P20_long,fwd_1d,long,213,111586,0.186881220657277,0.1408,53.17455399061033,1.8331924882629107,100.0
trend_ichimoku_conv,P20_long,fwd_2d,long,213,111586,0.36861361502347423,0.2849,55.2550234741784,2.6124037558685447,100.0
trend_ichimoku_conv,P20_long,fwd_3d,long,213,111586,0.5517995305164319,0.4247,56.518685446009385,3.2142629107981224,100.0
trend_ichimoku_conv,P20_long,fwd_5d,long,213,111586,0.9070568075117371,0.6867,58.29544600938967,4.185755868544601,100.0
trend_ichimoku_conv,P80_short,fwd_1d,short,213,111664,-0.026189201877934276,-0.0289,50.58863849765258,-0.2955352112676056,31.92488262910798
trend_ichimoku_conv,P80_short,fwd_2d,short,213,111664,-0.04971784037558685,-0.0605,50.76652582159625,-0.40542253521126764,31.92488262910798
trend_ichimoku_conv,P80_short,fwd_3d,short,213,111664,-0.0737830985915493,-0.0889,50.571971830985916,-0.49152582159624414,32.3943661971831
trend_ichimoku_conv,P80_short,fwd_5d,short,213,111664,-0.12201549295774648,-0.1568,50.1155868544601,-0.6095399061032863,30.985915492957744
trend_ichimoku_conv,P90_short,fwd_1d,short,213,55744,-0.07774600938967136,-0.0763,49.59849765258216,-0.5958075117370892,23.474178403755868
trend_ichimoku_conv,P90_short,fwd_2d,short,213,55744,-0.15839577464788734,-0.1616,49.64169014084507,-0.84237558685446,24.88262910798122
trend_ichimoku_conv,P90_short,fwd_3d,short,213,55744,-0.2353605633802817,-0.2317,49.07075117370892,-1.017338028169014,23.943661971830984
trend_ichimoku_conv,P90_short,fwd_5d,short,213,55744,-0.3779075117370892,-0.4018,47.8956338028169,-1.266206572769953,23.943661971830984
trend_kst,P10_long,fwd_1d,long,213,55895,0.17075962441314554,0.1523,52.7481220657277,0.8967370892018779,90.14084507042254
trend_kst,P10_long,fwd_2d,long,213,55895,0.3183901408450704,0.268,54.35793427230047,1.2960798122065729,90.14084507042254
trend_kst,P10_long,fwd_3d,long,213,55895,0.4808760563380282,0.4098,55.74079812206573,1.608079812206573,91.54929577464789
trend_kst,P10_long,fwd_5d,long,213,55895,0.7749713615023474,0.6818,56.97342723004695,2.158600938967136,91.54929577464789
trend_kst,P20_long,fwd_1d,long,213,111781,0.12273849765258216,0.1157,52.64737089201878,1.1056572769953052,93.42723004694837
trend_kst,P20_long,fwd_2d,long,213,111781,0.23264507042253524,0.22,54.1075117370892,1.5999061032863848,93.42723004694837
trend_kst,P20_long,fwd_3d,long,213,111781,0.3512492957746479,0.3267,55.03835680751174,1.9603849765258217,93.42723004694837
trend_kst,P20_long,fwd_5d,long,213,111781,0.5760356807511737,0.5429,56.322159624413146,2.5858262910798118,93.42723004694837
trend_kst,P80_short,fwd_1d,short,213,111781,0.052220657276995305,0.037,51.415727699530514,0.5392769953051643,74.17840375586854
trend_kst,P80_short,fwd_2d,short,213,111781,0.1040018779342723,0.0669,52.27845070422535,0.7638028169014084,75.5868544600939
trend_kst,P80_short,fwd_3d,short,213,111781,0.15333286384976527,0.1049,52.64779342723004,0.9294600938967136,76.52582159624414
trend_kst,P80_short,fwd_5d,short,213,111781,0.24880704225352113,0.1546,53.24253521126761,1.208018779342723,75.11737089201877
trend_kst,P90_short,fwd_1d,short,213,55895,0.0481962441314554,0.0207,50.930610328638494,0.2510610328638498,62.91079812206573
trend_kst,P90_short,fwd_2d,short,213,55895,0.10204272300469483,0.0476,51.65746478873239,0.38836619718309856,64.31924882629107
trend_kst,P90_short,fwd_3d,short,213,55895,0.15377323943661972,0.0722,51.93619718309859,0.4966760563380282,63.38028169014085
trend_kst,P90_short,fwd_5d,short,213,55895,0.2390075117370892,0.1316,52.402910798122065,0.6529765258215963,63.84976525821596
trend_kst_diff,P10_long,fwd_1d,long,213,55895,0.08400938967136151,0.0714,52.61854460093897,0.5103380281690141,76.05633802816901
trend_kst_diff,P10_long,fwd_2d,long,213,55895,0.13262394366197183,0.1158,53.224413145539906,0.6450985915492958,70.89201877934272
trend_kst_diff,P10_long,fwd_3d,long,213,55895,0.18741737089201876,0.129,53.630798122065734,0.7344929577464789,70.89201877934272
trend_kst_diff,P10_long,fwd_5d,long,213,55895,0.291368544600939,0.2158,54.56314553990611,0.910450704225352,71.83098591549296
trend_kst_diff,P20_long,fwd_1d,long,213,111781,0.08310469483568075,0.0758,52.599530516431926,0.7964366197183098,84.50704225352112
trend_kst_diff,P20_long,fwd_2d,long,213,111781,0.15246431924882628,0.131,53.43474178403756,1.1010985915492957,84.50704225352112
trend_kst_diff,P20_long,fwd_3d,long,213,111781,0.23095915492957747,0.1823,54.0087323943662,1.340582159624413,84.97652582159625
trend_kst_diff,P20_long,fwd_5d,long,213,111781,0.36033474178403757,0.2989,54.93821596244131,1.667887323943662,84.03755868544602
trend_kst_diff,P80_short,fwd_1d,short,213,111781,0.10798732394366198,0.0855,52.027136150234746,1.138774647887324,89.2018779342723
trend_kst_diff,P80_short,fwd_2d,short,213,111781,0.2196,0.1785,53.448685446009385,1.629619718309859,91.54929577464789
trend_kst_diff,P80_short,fwd_3d,short,213,111781,0.32882723004694836,0.2725,54.29469483568075,2.0037230046948356,90.14084507042254
trend_kst_diff,P80_short,fwd_5d,short,213,111781,0.5437366197183099,0.4363,55.8331455399061,2.607037558685446,90.61032863849765
trend_kst_diff,P90_short,fwd_1d,short,213,55895,0.1428924882629108,0.1202,52.30361502347418,0.9958967136150235,88.73239436619718
trend_kst_diff,P90_short,fwd_2d,short,213,55895,0.2846568075117371,0.242,53.98713615023474,1.4199953051643193,88.26291079812206
trend_kst_diff,P90_short,fwd_3d,short,213,55895,0.42740610328638495,0.3395,54.92183098591549,1.7235539906103288,86.85446009389672
trend_kst_diff,P90_short,fwd_5d,short,213,55895,0.6832859154929577,0.5355,56.59164319248826,2.1450798122065726,84.50704225352112
trend_kst_sig,P10_long,fwd_1d,long,213,55895,0.16825446009389672,0.1488,52.5230985915493,0.970586854460094,92.01877934272301
trend_kst_sig,P10_long,fwd_2d,long,213,55895,0.3239981220657277,0.2986,54.26985915492958,1.421356807511737,90.61032863849765
trend_kst_sig,P10_long,fwd_3d,long,213,55895,0.4862347417840375,0.4519,55.431784037558685,1.7520985915492957,92.48826291079813
trend_kst_sig,P10_long,fwd_5d,long,213,55895,0.804249765258216,0.7546,56.75201877934273,2.3639906103286386,93.42723004694837
trend_kst_sig,P20_long,fwd_1d,long,213,111781,0.12024647887323944,0.1175,52.37431924882629,1.1308403755868544,92.95774647887323
trend_kst_sig,P20_long,fwd_2d,long,213,111781,0.23464131455399062,0.2246,53.96164319248826,1.6680798122065728,92.95774647887323
trend_kst_sig,P20_long,fwd_3d,long,213,111781,0.3572300469483568,0.345,54.95610328638497,2.0685774647887323,92.95774647887323
trend_kst_sig,P20_long,fwd_5d,long,213,111781,0.5998211267605633,0.5705,56.34727699530516,2.8144037558685446,93.89671361502347
trend_kst_sig,P80_short,fwd_1d,short,213,111781,0.045,0.0288,51.437558685446014,0.48664319248826293,74.17840375586854
trend_kst_sig,P80_short,fwd_2d,short,213,111781,0.0849056338028169,0.0543,52.08169014084507,0.6659342723004694,73.23943661971832
trend_kst_sig,P80_short,fwd_3d,short,213,111781,0.1255079812206573,0.0888,52.303380281690146,0.8131361502347418,72.76995305164318
trend_kst_sig,P80_short,fwd_5d,short,213,111781,0.2023169014084507,0.1435,52.770187793427226,1.0167699530516432,72.76995305164318
trend_kst_sig,P90_short,fwd_1d,short,213,55895,0.046914553990610335,0.0334,51.02549295774648,0.2688309859154929,66.66666666666666
trend_kst_sig,P90_short,fwd_2d,short,213,55895,0.08822535211267607,0.0579,51.66901408450704,0.38498591549295774,62.91079812206573
trend_kst_sig,P90_short,fwd_3d,short,213,55895,0.13391830985915493,0.0821,51.92460093896714,0.4956197183098591,61.502347417840376
trend_kst_sig,P90_short,fwd_5d,short,213,55895,0.22176291079812208,0.1302,52.36323943661972,0.7014131455399062,64.7887323943662
trend_macd,P10_long,fwd_1d,long,213,55895,0.12345586854460093,0.1215,52.47305164319249,0.711281690140845,88.73239436619718
trend_macd,P10_long,fwd_2d,long,213,55895,0.22128028169014086,0.2225,53.932676056338025,1.00537558685446,88.73239436619718
trend_macd,P10_long,fwd_3d,long,213,55895,0.3280192488262911,0.3313,54.53403755868545,1.2171924882629108,88.73239436619718
trend_macd,P10_long,fwd_5d,long,213,55895,0.5082262910798122,0.5064,55.864600938967136,1.5669107981220658,87.32394366197182
trend_macd,P20_long,fwd_1d,long,213,111781,0.10394366197183098,0.1096,52.553849765258214,1.006830985915493,88.73239436619718
trend_macd,P20_long,fwd_2d,long,213,111781,0.19682582159624415,0.2094,53.86431924882629,1.444206572769953,87.79342723004694
trend_macd,P20_long,fwd_3d,long,213,111781,0.294250234741784,0.3085,54.52943661971831,1.7389999999999999,89.2018779342723
trend_macd,P20_long,fwd_5d,long,213,111781,0.4731849765258216,0.5021,55.81032863849765,2.2473333333333336,89.2018779342723
trend_macd,P80_short,fwd_1d,short,213,111781,0.030038028169014085,0.0165,51.157558685446006,0.2768356807511737,63.38028169014085
trend_macd,P80_short,fwd_2d,short,213,111781,0.05985680751173709,0.0286,51.791643192488266,0.4124976525821596,61.502347417840376
trend_macd,P80_short,fwd_3d,short,213,111781,0.09570798122065728,0.0511,52.10854460093897,0.5333004694835681,61.97183098591549
trend_macd,P80_short,fwd_5d,short,213,111781,0.15972253521126759,0.0906,52.580140845070424,0.7133098591549296,64.7887323943662
trend_macd,P90_short,fwd_1d,short,213,55895,0.0030037558685446016,-0.0076,50.61572769953052,-0.0503943661971831,46.478873239436616
trend_macd,P90_short,fwd_2d,short,213,55895,0.007769483568075115,-0.0114,50.99159624413145,-0.03307042253521126,46.478873239436616
trend_macd,P90_short,fwd_3d,short,213,55895,0.014822065727699533,-0.0012,51.20981220657277,-0.005849765258215957,48.35680751173709
trend_macd,P90_short,fwd_5d,short,213,55895,0.031832863849765254,-0.0012,51.307652582159626,0.010347417840375576,49.76525821596244
trend_macd_diff,P10_long,fwd_1d,long,213,55895,0.06454553990610329,0.0585,52.153286384976525,0.43014553990610327,70.89201877934272
trend_macd_diff,P10_long,fwd_2d,long,213,55895,0.11494741784037558,0.0984,53.06178403755869,0.5929718309859154,69.48356807511738
trend_macd_diff,P10_long,fwd_3d,long,213,55895,0.16852957746478872,0.1465,53.35023474178404,0.7025633802816901,69.95305164319248
trend_macd_diff,P10_long,fwd_5d,long,213,55895,0.22066150234741785,0.1726,53.93323943661972,0.7664553990610329,66.19718309859155
trend_macd_diff,P20_long,fwd_1d,long,213,111781,0.06505258215962441,0.0577,52.461126760563374,0.6558638497652582,78.40375586854461
trend_macd_diff,P20_long,fwd_2d,long,213,111781,0.1240431924882629,0.1167,53.13492957746479,0.938530516431925,78.87323943661971
trend_macd_diff,P20_long,fwd_3d,long,213,111781,0.18617699530516432,0.1611,53.542723004694835,1.140417840375587,79.81220657276995
trend_macd_diff,P20_long,fwd_5d,long,213,111781,0.2733680751173709,0.264,54.33492957746479,1.3795727699530516,78.87323943661971
trend_macd_diff,P80_short,fwd_1d,short,213,111781,0.06119577464788733,0.0628,51.275774647887324,0.7136666666666667,79.34272300469483
trend_macd_diff,P80_short,fwd_2d,short,213,111781,0.12221455399061033,0.1294,52.372394366197184,1.0386431924882629,78.87323943661971
trend_macd_diff,P80_short,fwd_3d,short,213,111781,0.19636760563380284,0.1912,53.32051643192489,1.3865446009389673,80.75117370892019
trend_macd_diff,P80_short,fwd_5d,short,213,111781,0.3728774647887324,0.3385,54.638403755868545,2.0199107981220656,85.44600938967136
trend_macd_diff,P90_short,fwd_1d,short,213,55895,0.043137089201877934,0.045,50.582206572769955,0.3544178403755869,67.13615023474179
trend_macd_diff,P90_short,fwd_2d,short,213,55895,0.09455352112676056,0.1014,51.7550234741784,0.5645915492957746,66.19718309859155
trend_macd_diff,P90_short,fwd_3d,short,213,55895,0.16855352112676056,0.157,52.648638497652584,0.8194835680751175,68.54460093896714
trend_macd_diff,P90_short,fwd_5d,short,213,55895,0.3663619718309859,0.3305,54.38427230046948,1.3760657276995305,76.99530516431925
trend_macd_signal,P10_long,fwd_1d,long,213,55895,0.11168309859154929,0.1219,52.15910798122066,0.7123145539906104,87.32394366197182
trend_macd_signal,P10_long,fwd_2d,long,213,55895,0.2113774647887324,0.2224,53.793661971830986,1.0515539906103286,87.79342723004694
trend_macd_signal,P10_long,fwd_3d,long,213,55895,0.32225023474178405,0.3582,54.526525821596245,1.2969389671361502,88.73239436619718
trend_macd_signal,P10_long,fwd_5d,long,213,55895,0.5318215962441314,0.6133,55.77230046948357,1.7422910798122067,87.32394366197182
trend_macd_signal,P20_long,fwd_1d,long,213,111781,0.09474366197183098,0.0967,52.22075117370892,0.9379154929577466,89.67136150234741
trend_macd_signal,P20_long,fwd_2d,long,213,111781,0.18305211267605634,0.1845,53.61934272300469,1.3840845070422536,88.26291079812206
trend_macd_signal,P20_long,fwd_3d,long,213,111781,0.2795492957746479,0.2878,54.472863849765254,1.7073661971830985,89.67136150234741
trend_macd_signal,P20_long,fwd_5d,long,213,111781,0.45822769953051645,0.4928,55.703943661971834,2.269488262910798,90.14084507042254
trend_macd_signal,P80_short,fwd_1d,short,213,111781,0.027248356807511736,0.0141,51.31333333333333,0.27985915492957747,64.7887323943662
trend_macd_signal,P80_short,fwd_2d,short,213,111781,0.05227230046948357,0.0294,51.858122065727706,0.3681924882629108,59.154929577464785
trend_macd_signal,P80_short,fwd_3d,short,213,111781,0.07685117370892018,0.0403,52.0331455399061,0.44635680751173706,63.38028169014085
trend_macd_signal,P80_short,fwd_5d,short,213,111781,0.12877276995305165,0.0695,52.32544600938967,0.590093896713615,63.84976525821596
trend_macd_signal,P90_short,fwd_1d,short,213,55895,-0.004715023474178403,-0.0047,50.54394366197183,-0.07718779342723005,46.009389671361504
trend_macd_signal,P90_short,fwd_2d,short,213,55895,-0.010999061032863848,-0.0182,50.7430985915493,-0.1271549295774648,44.13145539906103
trend_macd_signal,P90_short,fwd_3d,short,213,55895,-0.020045070422535213,-0.0293,50.666666666666664,-0.17107981220657276,44.13145539906103
trend_macd_signal,P90_short,fwd_5d,short,213,55895,-0.02885446009389671,-0.0488,50.568356807511734,-0.20776525821596242,42.72300469483568
trend_mass_index,P10_long,fwd_1d,long,213,55895,0.10175586854460093,0.0831,51.84807511737089,0.7892769953051643,81.2206572769953
trend_mass_index,P10_long,fwd_2d,long,213,55895,0.1994281690140845,0.1685,53.25816901408451,1.10256338028169,82.15962441314554
trend_mass_index,P10_long,fwd_3d,long,213,55895,0.29244225352112674,0.2379,53.44530516431925,1.3145023474178403,81.69014084507043
trend_mass_index,P10_long,fwd_5d,long,213,55895,0.4648929577464789,0.3674,54.308169014084505,1.6500892018779343,83.09859154929578
trend_mass_index,P20_long,fwd_1d,long,213,111781,0.07180985915492959,0.0657,51.583990610328634,0.9211408450704226,86.85446009389672
trend_mass_index,P20_long,fwd_2d,long,213,111781,0.1437507042253521,0.1285,52.78225352112676,1.3054929577464789,88.26291079812206
trend_mass_index,P20_long,fwd_3d,long,213,111781,0.21775727699530517,0.1907,53.316572769953055,1.5955586854460093,88.26291079812206
trend_mass_index,P20_long,fwd_5d,long,213,111781,0.35790704225352116,0.3082,54.058873239436615,2.0216760563380283,88.73239436619718
trend_mass_index,P80_short,fwd_1d,short,213,111781,0.1007150234741784,0.0935,53.122394366197184,0.9069389671361502,89.2018779342723
trend_mass_index,P80_short,fwd_2d,short,213,111781,0.19987605633802816,0.1868,54.76,1.3542769953051643,90.61032863849765
trend_mass_index,P80_short,fwd_3d,short,213,111781,0.2980403755868545,0.2662,55.54723004694836,1.6416197183098593,90.61032863849765
trend_mass_index,P80_short,fwd_5d,short,213,111781,0.46754037558685446,0.3987,56.6312676056338,2.0643286384976527,93.42723004694837
trend_mass_index,P90_short,fwd_1d,short,213,55895,0.10065821596244132,0.0972,53.0925352112676,0.570018779342723,80.75117370892019
trend_mass_index,P90_short,fwd_2d,short,213,55895,0.18790563380281688,0.174,54.97464788732395,0.8519107981220657,81.69014084507043
trend_mass_index,P90_short,fwd_3d,short,213,55895,0.2869516431924883,0.2612,55.46793427230047,1.0484553990610328,82.62910798122066
trend_mass_index,P90_short,fwd_5d,short,213,55895,0.4325272300469483,0.3774,56.60366197183099,1.2905023474178403,79.81220657276995
trend_psar_down,P10_long,fwd_1d,long,213,54849,0.23394600938967136,0.1684,53.620187793427235,1.6140657276995305,100.0
trend_psar_down,P10_long,fwd_2d,long,213,54849,0.469749765258216,0.3379,56.10830985915493,2.3135164319248824,100.0
trend_psar_down,P10_long,fwd_3d,long,213,54849,0.7089661971830986,0.5038,57.50446009389672,2.855131455399061,100.0
trend_psar_down,P10_long,fwd_5d,long,213,54849,1.1863154929577466,0.8519,59.67150234741784,3.76518779342723,100.0
trend_psar_down,P20_long,fwd_1d,long,213,110741,0.17177230046948355,0.1345,52.868685446009394,1.7209718309859154,100.0
trend_psar_down,P20_long,fwd_2d,long,213,110741,0.33992018779342725,0.263,54.91,2.4411596244131455,100.0
trend_psar_down,P20_long,fwd_3d,long,213,110741,0.5098544600938967,0.3928,56.057793427230045,3.0008591549295773,100.0
trend_psar_down,P20_long,fwd_5d,long,213,110741,0.8435784037558686,0.6378,57.725727699530516,3.9328779342723004,100.0
trend_psar_down,P80_short,fwd_1d,short,213,110887,-0.02576338028169014,-0.0269,50.72464788732395,-0.25990610328638497,28.638497652582164
trend_psar_down,P80_short,fwd_2d,short,213,110887,-0.04976009389671362,-0.0541,50.90267605633803,-0.36891079812206573,30.046948356807512
trend_psar_down,P80_short,fwd_3d,short,213,110887,-0.0709244131455399,-0.0827,50.73953051643193,-0.4214694835680751,30.985915492957744
trend_psar_down,P80_short,fwd_5d,short,213,110887,-0.12008544600938967,-0.1474,50.28413145539906,-0.5350093896713615,30.985915492957744
trend_psar_down,P90_short,fwd_1d,short,213,55059,-0.07031596244131455,-0.0702,49.74164319248826,-0.5131455399061032,23.943661971830984
trend_psar_down,P90_short,fwd_2d,short,213,55059,-0.13490610328638497,-0.1432,49.724037558685446,-0.6990610328638498,25.352112676056336
trend_psar_down,P90_short,fwd_3d,short,213,55059,-0.2005774647887324,-0.2136,49.35300469483568,-0.8200704225352113,25.821596244131456
trend_psar_down,P90_short,fwd_5d,short,213,55059,-0.3315286384976526,-0.3294,48.33521126760563,-0.9967042253521127,24.88262910798122
trend_psar_down_indicator,P80_short,fwd_1d,short,213,25986,0.03555727699530516,0.0608,52.387840375586855,0.28625821596244133,64.31924882629107
trend_psar_down_indicator,P80_short,fwd_2d,short,213,25986,0.09542582159624413,0.08,52.99408450704225,0.3570938967136151,62.91079812206573
trend_psar_down_indicator,P80_short,fwd_3d,short,213,25986,0.16920328638497653,0.1579,53.3118779342723,0.5570422535211268,72.76995305164318
trend_psar_down_indicator,P80_short,fwd_5d,short,213,25986,0.40793427230046947,0.3505,54.3931455399061,0.9152957746478874,83.56807511737088
trend_psar_down_indicator,P90_short,fwd_1d,short,213,25986,0.03555727699530516,0.0608,52.387840375586855,0.28625821596244133,64.31924882629107
trend_psar_down_indicator,P90_short,fwd_2d,short,213,25986,0.09542582159624413,0.08,52.99408450704225,0.3570938967136151,62.91079812206573
trend_psar_down_indicator,P90_short,fwd_3d,short,213,25986,0.16920328638497653,0.1579,53.3118779342723,0.5570422535211268,72.76995305164318
trend_psar_down_indicator,P90_short,fwd_5d,short,213,25986,0.40793427230046947,0.3505,54.3931455399061,0.9152957746478874,83.56807511737088
trend_psar_up,P10_long,fwd_1d,long,213,55299,0.25324319248826294,0.1801,53.59004694835681,1.682244131455399,100.0
trend_psar_up,P10_long,fwd_2d,long,213,55299,0.4918544600938967,0.365,56.271126760563384,2.3719295774647886,99.53051643192488
trend_psar_up,P10_long,fwd_3d,long,213,55299,0.7250694835680751,0.5524,57.62474178403756,2.8984460093896716,99.53051643192488
trend_psar_up,P10_long,fwd_5d,long,213,55299,1.1785671361502348,0.8878,59.621830985915494,3.7608215962441314,99.53051643192488
trend_psar_up,P20_long,fwd_1d,long,213,110970,0.1756431924882629,0.1389,52.85549295774648,1.7556150234741785,100.0
trend_psar_up,P20_long,fwd_2d,long,213,110970,0.34628967136150235,0.2695,54.87511737089202,2.4802582159624413,100.0
trend_psar_up,P20_long,fwd_3d,long,213,110970,0.5160779342723004,0.4048,56.06112676056338,3.027544600938967,100.0
trend_psar_up,P20_long,fwd_5d,long,213,110970,0.8520384976525821,0.6662,57.73211267605634,3.956417840375587,100.0
trend_psar_up,P80_short,fwd_1d,short,213,110958,-0.019042723004694836,-0.0219,50.749718309859155,-0.1882300469483568,36.61971830985916
trend_psar_up,P80_short,fwd_2d,short,213,110958,-0.03504225352112676,-0.0388,50.97995305164319,-0.24985446009389672,37.558685446009385
trend_psar_up,P80_short,fwd_3d,short,213,110958,-0.05015539906103286,-0.0584,50.83577464788733,-0.2879765258215962,37.08920187793427
trend_psar_up,P80_short,fwd_5d,short,213,110958,-0.08871173708920188,-0.1104,50.48300469483568,-0.37850234741784033,37.08920187793427
trend_psar_up,P90_short,fwd_1d,short,213,55038,-0.06058732394366197,-0.0599,50.03239436619718,-0.4036338028169014,28.638497652582164
trend_psar_up,P90_short,fwd_2d,short,213,55038,-0.11613755868544602,-0.116,50.04591549295775,-0.5432535211267605,30.046948356807512
trend_psar_up,P90_short,fwd_3d,short,213,55038,-0.17071690140845072,-0.1757,49.63422535211268,-0.6502535211267605,28.638497652582164
trend_psar_up,P90_short,fwd_5d,short,213,55038,-0.2809300469483568,-0.3135,48.71694835680751,-0.8349389671361501,27.699530516431924
trend_psar_up_indicator,P80_short,fwd_1d,short,213,25881,0.07836901408450704,0.0501,50.99535211267606,0.32071830985915495,64.31924882629107
trend_psar_up_indicator,P80_short,fwd_2d,short,213,25881,0.11418638497652582,0.0925,52.78746478873239,0.4014507042253521,69.01408450704226
trend_psar_up_indicator,P80_short,fwd_3d,short,213,25881,0.13372206572769954,0.1211,53.00577464788732,0.42907042253521127,68.54460093896714
trend_psar_up_indicator,P80_short,fwd_5d,short,213,25881,0.27165586854460094,0.2616,54.38159624413146,0.7644600938967137,81.2206572769953
trend_psar_up_indicator,P90_short,fwd_1d,short,213,25881,0.07836901408450704,0.0501,50.99535211267606,0.32071830985915495,64.31924882629107
trend_psar_up_indicator,P90_short,fwd_2d,short,213,25881,0.11418638497652582,0.0925,52.78746478873239,0.4014507042253521,69.01408450704226
trend_psar_up_indicator,P90_short,fwd_3d,short,213,25881,0.13372206572769954,0.1211,53.00577464788732,0.42907042253521127,68.54460093896714
trend_psar_up_indicator,P90_short,fwd_5d,short,213,25881,0.27165586854460094,0.2616,54.38159624413146,0.7644600938967137,81.2206572769953
trend_sma_fast,P10_long,fwd_1d,long,213,55889,0.26095774647887326,0.2007,54.20164319248827,1.815413145539906,100.0
trend_sma_fast,P10_long,fwd_2d,long,213,55889,0.5149399061032863,0.386,56.7730985915493,2.5704413145539906,100.0
trend_sma_fast,P10_long,fwd_3d,long,213,55889,0.7735549295774649,0.5686,58.33206572769953,3.1609436619718307,100.0
trend_sma_fast,P10_long,fwd_5d,long,213,55889,1.2726713615023475,0.9454,60.578450704225354,4.09669014084507,100.0
trend_sma_fast,P20_long,fwd_1d,long,213,111773,0.18588826291079813,0.1443,53.16713615023475,1.8572112676056338,100.0
trend_sma_fast,P20_long,fwd_2d,long,213,111773,0.368769014084507,0.2848,55.27037558685446,2.6436713615023475,100.0
trend_sma_fast,P20_long,fwd_3d,long,213,111773,0.550368544600939,0.4327,56.499389671361506,3.233699530516432,100.0
trend_sma_fast,P20_long,fwd_5d,long,213,111773,0.9051957746478874,0.6866,58.25469483568075,4.198793427230047,100.0
trend_sma_fast,P80_short,fwd_1d,short,213,111778,-0.026268075117370893,-0.0346,50.58286384976525,-0.311981220657277,29.107981220657276
trend_sma_fast,P80_short,fwd_2d,short,213,111778,-0.05145446009389671,-0.0669,50.78178403755869,-0.4252018779342723,30.51643192488263
trend_sma_fast,P80_short,fwd_3d,short,213,111778,-0.07508262910798122,-0.0961,50.57431924882629,-0.5012535211267606,31.455399061032864
trend_sma_fast,P80_short,fwd_5d,short,213,111778,-0.12576760563380282,-0.1439,50.118779342723,-0.6152018779342724,30.046948356807512
trend_sma_fast,P90_short,fwd_1d,short,213,55895,-0.07756901408450705,-0.0844,49.627089201877936,-0.603605633802817,23.943661971830984
trend_sma_fast,P90_short,fwd_2d,short,213,55895,-0.15646197183098592,-0.168,49.58394366197183,-0.8482394366197183,23.474178403755868
trend_sma_fast,P90_short,fwd_3d,short,213,55895,-0.22915727699530516,-0.2404,49.10291079812207,-1.0152582159624413,23.004694835680752
trend_sma_fast,P90_short,fwd_5d,short,213,55895,-0.3642394366197183,-0.402,47.972769953051646,-1.251131455399061,23.004694835680752
trend_sma_slow,P10_long,fwd_1d,long,213,55893,0.25402347417840376,0.1821,54.068591549295775,1.8177934272300469,99.53051643192488
trend_sma_slow,P10_long,fwd_2d,long,213,55893,0.5045704225352112,0.3543,56.55920187793428,2.5531455399061036,100.0
trend_sma_slow,P10_long,fwd_3d,long,213,55893,0.7608206572769953,0.5374,58.05511737089202,3.148788732394366,100.0
trend_sma_slow,P10_long,fwd_5d,long,213,55893,1.2564713615023475,0.8904,60.43037558685446,4.097342723004695,100.0
trend_sma_slow,P20_long,fwd_1d,long,213,111779,0.18084507042253523,0.1449,53.014835680751176,1.8281032863849767,100.0
trend_sma_slow,P20_long,fwd_2d,long,213,111779,0.358756338028169,0.28,55.07849765258216,2.5803896713615027,100.0
trend_sma_slow,P20_long,fwd_3d,long,213,111779,0.535594366197183,0.4105,56.26323943661972,3.1647276995305162,100.0
trend_sma_slow,P20_long,fwd_5d,long,213,111779,0.884325352112676,0.6854,58.00201877934273,4.128417840375587,100.0
trend_sma_slow,P80_short,fwd_1d,short,213,111779,-0.029100000000000004,-0.0327,50.632816901408454,-0.2956056338028169,30.985915492957744
trend_sma_slow,P80_short,fwd_2d,short,213,111779,-0.06085633802816902,-0.0658,50.77793427230047,-0.43763849765258217,30.51643192488263
trend_sma_slow,P80_short,fwd_3d,short,213,111779,-0.08892159624413146,-0.095,50.57291079812207,-0.5116572769953052,30.985915492957744
trend_sma_slow,P80_short,fwd_5d,short,213,111779,-0.14622535211267607,-0.1421,50.14723004694836,-0.6285962441314553,33.33333333333333
trend_sma_slow,P90_short,fwd_1d,short,213,55895,-0.07894882629107981,-0.0763,49.75849765258216,-0.5457840375586854,23.943661971830984
trend_sma_slow,P90_short,fwd_2d,short,213,55895,-0.1583455399061033,-0.158,49.627746478873235,-0.7600046948356808,24.413145539906104
trend_sma_slow,P90_short,fwd_3d,short,213,55895,-0.23311032863849762,-0.2364,49.15676056338028,-0.9043521126760564,24.413145539906104
trend_sma_slow,P90_short,fwd_5d,short,213,55895,-0.3759037558685446,-0.3737,48.119577464788726,-1.1292676056338027,24.413145539906104
trend_stc,P10_long,fwd_1d,long,213,55894,0.15162582159624413,0.1215,53.588309859154926,0.9490938967136151,89.67136150234741
trend_stc,P10_long,fwd_2d,long,213,55894,0.2921845070422535,0.243,54.45793427230046,1.3788544600938968,88.73239436619718
trend_stc,P10_long,fwd_3d,long,213,55894,0.4424,0.3635,55.4224882629108,1.7033661971830987,89.67136150234741
trend_stc,P10_long,fwd_5d,long,213,55894,0.6971774647887323,0.5648,56.7218779342723,2.2249436619718312,91.07981220657277
trend_stc,P20_long,fwd_1d,long,213,111781,0.0989605633802817,0.0779,53.059107981220656,0.9389201877934272,87.32394366197182
trend_stc,P20_long,fwd_2d,long,213,111781,0.19018873239436618,0.1508,53.777136150234746,1.328131455399061,88.26291079812206
trend_stc,P20_long,fwd_3d,long,213,111781,0.28774413145539907,0.2314,54.49032863849766,1.630206572769953,89.67136150234741
trend_stc,P20_long,fwd_5d,long,213,111781,0.4551544600938967,0.3718,55.55291079812207,2.0679671361502345,88.26291079812206
trend_stc,P80_short,fwd_1d,short,213,111781,0.07082769953051643,0.0579,51.64755868544601,0.8629530516431925,84.50704225352112
trend_stc,P80_short,fwd_2d,short,213,111781,0.14383145539906103,0.117,52.7137089201878,1.2033051643192487,83.56807511737088
trend_stc,P80_short,fwd_3d,short,213,111781,0.21493661971830985,0.1767,53.51877934272301,1.4575680751173707,81.2206572769953
trend_stc,P80_short,fwd_5d,short,213,111781,0.3719070422535211,0.2937,54.52084507042254,1.9250610328638498,82.15962441314554
trend_stc,P90_short,fwd_1d,short,213,55894,0.06934600938967136,0.0495,51.40924882629108,0.558906103286385,70.4225352112676
trend_stc,P90_short,fwd_2d,short,213,55894,0.1453549295774648,0.1085,52.28107981220658,0.8233943661971831,73.70892018779342
trend_stc,P90_short,fwd_3d,short,213,55894,0.21514882629107981,0.1672,53.14051643192489,1.0162863849765258,74.17840375586854
trend_stc,P90_short,fwd_5d,short,213,55894,0.36453286384976524,0.2716,54.090563380281694,1.3361455399061033,75.11737089201877
trend_trix,P10_long,fwd_1d,long,213,55895,0.16274741784037558,0.1537,52.50446009389672,0.8983145539906103,92.01877934272301
trend_trix,P10_long,fwd_2d,long,213,55895,0.3065661971830986,0.2923,54.28892018779342,1.310605633802817,91.54929577464789
trend_trix,P10_long,fwd_3d,long,213,55895,0.464230985915493,0.4459,55.42276995305164,1.6169577464788731,92.48826291079813
trend_trix,P10_long,fwd_5d,long,213,55895,0.7696352112676056,0.7174,57.026384976525826,2.1769765258215963,91.54929577464789
trend_trix,P20_long,fwd_1d,long,213,111781,0.12532206572769952,0.116,52.60178403755869,1.120112676056338,94.83568075117371
trend_trix,P20_long,fwd_2d,long,213,111781,0.2402699530516432,0.2263,54.1431455399061,1.6361924882629109,93.42723004694837
trend_trix,P20_long,fwd_3d,long,213,111781,0.3597638497652582,0.3305,55.13849765258216,2.0071643192488264,94.83568075117371
trend_trix,P20_long,fwd_5d,long,213,111781,0.5937211267605633,0.5688,56.52629107981221,2.6620422535211268,95.77464788732394
trend_trix,P80_short,fwd_1d,short,213,111781,0.04126291079812206,0.0284,51.32990610328639,0.42089201877934274,70.89201877934272
trend_trix,P80_short,fwd_2d,short,213,111781,0.08254225352112675,0.0586,52.00145539906103,0.5973474178403756,71.83098591549296
trend_trix,P80_short,fwd_3d,short,213,111781,0.12756056338028168,0.08,52.31272300469484,0.7461220657276996,73.23943661971832
trend_trix,P80_short,fwd_5d,short,213,111781,0.2140507042253521,0.1286,52.805211267605635,0.9888544600938968,73.23943661971832
trend_trix,P90_short,fwd_1d,short,213,55895,0.03534647887323944,0.0122,50.81535211267606,0.16712676056338027,55.86854460093896
trend_trix,P90_short,fwd_2d,short,213,55895,0.07425070422535211,0.0266,51.40807511737089,0.25227230046948357,57.27699530516433
trend_trix,P90_short,fwd_3d,short,213,55895,0.11081267605633802,0.0409,51.623004694835686,0.3241220657276995,56.8075117370892
trend_trix,P90_short,fwd_5d,short,213,55895,0.17428215962441315,0.0587,51.85760563380282,0.4453568075117371,56.8075117370892
trend_visual_ichimoku_a,P10_long,fwd_1d,long,213,55763,0.2075281690140845,0.1617,53.36192488262911,1.5700093896713614,99.53051643192488
trend_visual_ichimoku_a,P10_long,fwd_2d,long,213,55763,0.41241079812206577,0.3196,55.465680751173714,2.1839718309859153,99.53051643192488
trend_visual_ichimoku_a,P10_long,fwd_3d,long,213,55763,0.6147924882629108,0.4734,56.605633802816904,2.655051643192488,99.53051643192488
trend_visual_ichimoku_a,P10_long,fwd_5d,long,213,55763,1.0000103286384976,0.7364,58.51877934272301,3.3955633802816902,99.53051643192488
trend_visual_ichimoku_a,P20_long,fwd_1d,long,213,111662,0.1567267605633803,0.1256,52.720093896713614,1.7098591549295774,100.0
trend_visual_ichimoku_a,P20_long,fwd_2d,long,213,111662,0.3148460093896714,0.2508,54.64615023474178,2.417262910798122,100.0
trend_visual_ichimoku_a,P20_long,fwd_3d,long,213,111662,0.47424788732394363,0.375,55.73394366197183,2.9694647887323944,100.0
trend_visual_ichimoku_a,P20_long,fwd_5d,long,213,111662,0.782887323943662,0.6165,57.1875117370892,3.8546150234741785,100.0
trend_visual_ichimoku_a,P80_short,fwd_1d,short,213,111658,-0.012740845070422535,-0.0169,50.87394366197183,-0.022474178403755863,42.72300469483568
trend_visual_ichimoku_a,P80_short,fwd_2d,short,213,111658,-0.025861971830985916,-0.0306,51.3937089201878,-0.03369483568075118,42.72300469483568
trend_visual_ichimoku_a,P80_short,fwd_3d,short,213,111658,-0.036128169014084506,-0.0446,51.27732394366197,-0.0322018779342723,42.72300469483568
trend_visual_ichimoku_a,P80_short,fwd_5d,short,213,111658,-0.058360093896713615,-0.0732,51.04464788732395,-0.04388732394366196,42.25352112676056
trend_visual_ichimoku_a,P90_short,fwd_1d,short,213,55811,-0.06294741784037558,-0.0568,49.904037558685445,-0.351906103286385,30.985915492957744
trend_visual_ichimoku_a,P90_short,fwd_2d,short,213,55811,-0.1270826291079812,-0.1082,50.146431924882634,-0.49878403755868544,30.046948356807512
trend_visual_ichimoku_a,P90_short,fwd_3d,short,213,55811,-0.18857652582159626,-0.1647,49.61206572769954,-0.6057981220657277,29.577464788732392
trend_visual_ichimoku_a,P90_short,fwd_5d,short,213,55811,-0.31030375586854464,-0.2935,48.80821596244131,-0.7734413145539906,29.107981220657276
trend_visual_ichimoku_b,P10_long,fwd_1d,long,213,54706,0.19536572769953053,0.143,53.305539906103284,1.508718309859155,100.0
trend_visual_ichimoku_b,P10_long,fwd_2d,long,213,54706,0.3914676056338028,0.296,55.45990610328638,2.148323943661972,100.0
trend_visual_ichimoku_b,P10_long,fwd_3d,long,213,54706,0.5809272300469484,0.4339,56.68694835680751,2.618014084507042,100.0
trend_visual_ichimoku_b,P10_long,fwd_5d,long,213,54706,0.940093427230047,0.7025,58.35361502347418,3.3609671361502347,100.0
trend_visual_ichimoku_b,P20_long,fwd_1d,long,213,110713,0.14612723004694836,0.1176,52.6150234741784,1.6294225352112677,99.53051643192488
trend_visual_ichimoku_b,P20_long,fwd_2d,long,213,110713,0.291537558685446,0.2361,54.40591549295774,2.3115962441314553,99.53051643192488
trend_visual_ichimoku_b,P20_long,fwd_3d,long,213,110713,0.43432910798122065,0.3466,55.44793427230047,2.8233708920187794,99.53051643192488
trend_visual_ichimoku_b,P20_long,fwd_5d,long,213,110713,0.7094929577464788,0.5589,56.757699530516426,3.6404788732394366,99.53051643192488
trend_visual_ichimoku_b,P80_short,fwd_1d,short,213,110743,-0.006728169014084507,-0.0008,50.97084507042254,0.045981220657277,49.76525821596244
trend_visual_ichimoku_b,P80_short,fwd_2d,short,213,110743,-0.01603943661971831,-0.0068,51.467323943661974,0.05152582159624413,46.478873239436616
trend_visual_ichimoku_b,P80_short,fwd_3d,short,213,110743,-0.02158075117370892,-0.0078,51.34384976525821,0.07656807511737088,48.82629107981221
trend_visual_ichimoku_b,P80_short,fwd_5d,short,213,110743,-0.035053521126760565,-0.0163,51.18,0.10265727699530516,47.417840375586856
trend_visual_ichimoku_b,P90_short,fwd_1d,short,213,54709,-0.04506854460093897,-0.0321,50.0650234741784,-0.21322535211267607,37.08920187793427
trend_visual_ichimoku_b,P90_short,fwd_2d,short,213,54709,-0.09110798122065727,-0.0615,50.46389671361502,-0.3191455399061033,36.61971830985916
trend_visual_ichimoku_b,P90_short,fwd_3d,short,213,54709,-0.13279107981220659,-0.0981,50.16253521126761,-0.37903286384976526,35.68075117370892
trend_visual_ichimoku_b,P90_short,fwd_5d,short,213,54709,-0.21595352112676056,-0.1792,49.45845070422535,-0.4716713615023474,36.15023474178404
trend_vortex_ind_diff,P10_long,fwd_1d,long,213,55895,0.1283699530516432,0.1267,53.86361502347418,0.9354131455399061,82.15962441314554
trend_vortex_ind_diff,P10_long,fwd_2d,long,213,55895,0.26039718309859156,0.2485,55.10929577464789,1.3687605633802817,85.44600938967136
trend_vortex_ind_diff,P10_long,fwd_3d,long,213,55895,0.41174882629107984,0.4043,56.22582159624413,1.6803333333333332,84.03755868544602
trend_vortex_ind_diff,P10_long,fwd_5d,long,213,55895,0.5797169014084507,0.5222,57.45089201877935,1.8651784037558685,81.69014084507043
trend_vortex_ind_diff,P20_long,fwd_1d,long,213,111781,0.10752582159624413,0.095,53.307370892018774,1.0650328638497653,89.67136150234741
trend_vortex_ind_diff,P20_long,fwd_2d,long,213,111781,0.21772957746478871,0.1909,54.416760563380286,1.5928403755868543,90.61032863849765
trend_vortex_ind_diff,P20_long,fwd_3d,long,213,111781,0.33677605633802815,0.2942,55.31032863849765,1.9520516431924881,91.54929577464789
trend_vortex_ind_diff,P20_long,fwd_5d,long,213,111781,0.5174154929577465,0.4336,56.583661971830985,2.3739765258215964,89.2018779342723
trend_vortex_ind_diff,P80_short,fwd_1d,short,213,111781,0.05245164319248826,0.035,51.318967136150235,0.597356807511737,78.40375586854461
trend_vortex_ind_diff,P80_short,fwd_2d,short,213,111781,0.09881784037558686,0.0608,52.12971830985915,0.7636948356807511,76.05633802816901
trend_vortex_ind_diff,P80_short,fwd_3d,short,213,111781,0.15105023474178403,0.1092,52.877089201877936,0.9776150234741784,76.52582159624414
trend_vortex_ind_diff,P80_short,fwd_5d,short,213,111781,0.2647765258215962,0.1712,53.845399061032865,1.2977699530516433,76.05633802816901
trend_vortex_ind_diff,P90_short,fwd_1d,short,213,55895,0.042216431924882634,0.0297,50.75446009389672,0.313962441314554,63.84976525821596
trend_vortex_ind_diff,P90_short,fwd_2d,short,213,55895,0.09454225352112676,0.0602,51.71652582159625,0.48178873239436615,65.72769953051643
trend_vortex_ind_diff,P90_short,fwd_3d,short,213,55895,0.1550638497652582,0.1019,52.5781220657277,0.6213192488262911,68.07511737089203
trend_vortex_ind_diff,P90_short,fwd_5d,short,213,55895,0.2627380281690141,0.1458,53.585117370892014,0.7916948356807512,67.6056338028169
trend_vortex_ind_neg,P10_long,fwd_1d,long,213,55894,0.054772300469483566,0.0272,50.70474178403756,0.3508262910798122,63.84976525821596
trend_vortex_ind_neg,P10_long,fwd_2d,long,213,55894,0.09724413145539906,0.0559,51.59361502347418,0.4059014084507042,66.19718309859155
trend_vortex_ind_neg,P10_long,fwd_3d,long,213,55894,0.15349906103286387,0.0865,52.315821596244135,0.5078403755868545,64.31924882629107
trend_vortex_ind_neg,P10_long,fwd_5d,long,213,55894,0.28004600938967134,0.1165,53.36,0.691830985915493,63.38028169014085
trend_vortex_ind_neg,P20_long,fwd_1d,long,213,111781,0.057681220657276995,0.0405,51.180281690140845,0.5956995305164319,78.40375586854461
trend_vortex_ind_neg,P20_long,fwd_2d,long,213,111781,0.11275164319248827,0.0705,52.07323943661972,0.792169014084507,76.99530516431925
trend_vortex_ind_neg,P20_long,fwd_3d,long,213,111781,0.1648093896713615,0.117,52.78553990610329,0.9604319248826291,76.99530516431925
trend_vortex_ind_neg,P20_long,fwd_5d,long,213,111781,0.2763136150234742,0.1805,53.61276995305165,1.222037558685446,75.11737089201877
trend_vortex_ind_neg,P80_short,fwd_1d,short,213,111781,0.11220751173708919,0.1137,53.43225352112676,1.2016854460093898,87.79342723004694
trend_vortex_ind_neg,P80_short,fwd_2d,short,213,111781,0.2121150234741784,0.2078,54.37253521126761,1.6767323943661971,88.73239436619718
trend_vortex_ind_neg,P80_short,fwd_3d,short,213,111781,0.31920516431924884,0.2933,55.129436619718305,2.0004788732394365,90.61032863849765
trend_vortex_ind_neg,P80_short,fwd_5d,short,213,111781,0.4747319248826291,0.4381,56.346009389671366,2.3764084507042256,87.79342723004694
trend_vortex_ind_neg,P90_short,fwd_1d,short,213,55894,0.12717464788732394,0.112,53.90910798122066,1.060737089201878,83.56807511737088
trend_vortex_ind_neg,P90_short,fwd_2d,short,213,55894,0.24456619718309858,0.2251,55.11882629107981,1.4301220657276994,83.56807511737088
trend_vortex_ind_neg,P90_short,fwd_3d,short,213,55894,0.3629107981220657,0.3435,56.19281690140845,1.6925399061032864,82.15962441314554
trend_vortex_ind_neg,P90_short,fwd_5d,short,213,55894,0.5061971830985916,0.5097,57.29394366197183,1.869131455399061,80.28169014084507
trend_vortex_ind_pos,P10_long,fwd_1d,long,213,55894,0.12154272300469483,0.1263,53.4869014084507,0.7790140845070422,79.81220657276995
trend_vortex_ind_pos,P10_long,fwd_2d,long,213,55894,0.26529577464788734,0.2564,54.916009389671366,1.2437183098591549,82.15962441314554
trend_vortex_ind_pos,P10_long,fwd_3d,long,213,55894,0.4355474178403756,0.3984,56.14366197183099,1.5597981220657278,84.03755868544602
trend_vortex_ind_pos,P10_long,fwd_5d,long,213,55894,0.610024882629108,0.5477,57.156807511737085,1.7241549295774647,82.15962441314554
trend_vortex_ind_pos,P20_long,fwd_1d,long,213,111781,0.10161643192488264,0.0924,53.000845070422535,0.9544178403755869,87.79342723004694
trend_vortex_ind_pos,P20_long,fwd_2d,long,213,111781,0.21540046948356806,0.1932,54.16751173708921,1.50124882629108,90.14084507042254
trend_vortex_ind_pos,P20_long,fwd_3d,long,213,111781,0.33927089201877936,0.2783,55.124084507042255,1.8573990610328637,92.01877934272301
trend_vortex_ind_pos,P20_long,fwd_5d,long,213,111781,0.5412497652582159,0.4481,56.418591549295776,2.3352863849765257,91.54929577464789
trend_vortex_ind_pos,P80_short,fwd_1d,short,213,111781,0.0494056338028169,0.0373,51.26413145539906,0.5648215962441314,74.17840375586854
trend_vortex_ind_pos,P80_short,fwd_2d,short,213,111781,0.0947455399061033,0.0679,52.106760563380284,0.7842441314553991,77.46478873239437
trend_vortex_ind_pos,P80_short,fwd_3d,short,213,111781,0.13900234741784037,0.0958,52.7555868544601,0.9330610328638497,79.34272300469483
trend_vortex_ind_pos,P80_short,fwd_5d,short,213,111781,0.25833615023474177,0.1761,53.76638497652582,1.276849765258216,78.40375586854461
trend_vortex_ind_pos,P90_short,fwd_1d,short,213,55895,0.037926760563380284,0.0276,50.81713615023474,0.3216854460093897,67.13615023474179
trend_vortex_ind_pos,P90_short,fwd_2d,short,213,55895,0.09639765258215964,0.064,51.83136150234742,0.544830985915493,70.89201877934272
trend_vortex_ind_pos,P90_short,fwd_3d,short,213,55895,0.15198544600938968,0.0997,52.707981220657274,0.7029906103286385,69.48356807511738
trend_vortex_ind_pos,P90_short,fwd_5d,short,213,55895,0.266824882629108,0.1547,53.70239436619718,0.8980985915492958,74.17840375586854
volatility_atr,P10_long,fwd_1d,long,213,55895,0.12297652582159624,0.0741,52.740422535211266,1.0373521126760563,87.32394366197182
volatility_atr,P10_long,fwd_2d,long,213,55895,0.23773755868544602,0.1435,54.04985915492958,1.376568075117371,88.73239436619718
volatility_atr,P10_long,fwd_3d,long,213,55895,0.3466661971830986,0.2096,54.8462441314554,1.6296009389671362,86.85446009389672
volatility_atr,P10_long,fwd_5d,long,213,55895,0.5719600938967137,0.3482,56.08605633802817,2.0794413145539905,87.32394366197182
volatility_atr,P20_long,fwd_1d,long,213,111781,0.1011830985915493,0.0574,52.26596244131455,1.0822206572769952,87.32394366197182
volatility_atr,P20_long,fwd_2d,long,213,111781,0.19757323943661972,0.1118,53.592441314553994,1.4368779342723006,89.67136150234741
volatility_atr,P20_long,fwd_3d,long,213,111781,0.2966807511737089,0.1556,54.23028169014084,1.7363427230046948,87.32394366197182
volatility_atr,P20_long,fwd_5d,long,213,111781,0.5025830985915493,0.2787,55.311549295774654,2.323051643192488,89.67136150234741
volatility_atr,P80_short,fwd_1d,short,213,111781,0.03724929577464789,0.0425,51.12582159624413,0.43095305164319253,76.52582159624414
volatility_atr,P80_short,fwd_2d,short,213,111781,0.07628732394366199,0.0864,52.207840375586855,0.6545446009389672,76.52582159624414
volatility_atr,P80_short,fwd_3d,short,213,111781,0.11744647887323945,0.1309,52.35065727699531,0.8106384976525821,77.46478873239437
volatility_atr,P80_short,fwd_5d,short,213,111781,0.18576291079812207,0.2257,52.877746478873235,1.0317417840375587,76.05633802816901
volatility_atr,P90_short,fwd_1d,short,213,55895,0.023495774647887324,0.0372,50.69582159624413,0.23030516431924883,64.7887323943662
volatility_atr,P90_short,fwd_2d,short,213,55895,0.042618779342723005,0.0679,51.918544600938965,0.32747417840375587,61.502347417840376
volatility_atr,P90_short,fwd_3d,short,213,55895,0.08155305164319249,0.1057,51.95075117370892,0.43215023474178405,62.441314553990615
volatility_atr,P90_short,fwd_5d,short,213,55895,0.1544924882629108,0.1964,52.418967136150236,0.613150234741784,67.13615023474179
volatility_bbh,P10_long,fwd_1d,long,213,55895,0.2436300469483568,0.1733,53.93361502347418,1.7493661971830987,100.0
volatility_bbh,P10_long,fwd_2d,long,213,55895,0.4800732394366197,0.3469,56.471408450704224,2.45106103286385,99.53051643192488
volatility_bbh,P10_long,fwd_3d,long,213,55895,0.7164882629107981,0.5132,57.84751173708921,3.003507042253521,100.0
volatility_bbh,P10_long,fwd_5d,long,213,55895,1.1745985915492958,0.8506,60.025211267605634,3.896338028169014,100.0
volatility_bbh,P20_long,fwd_1d,long,213,111780,0.1744582159624413,0.1331,53.03136150234742,1.8234084507042254,100.0
volatility_bbh,P20_long,fwd_2d,long,213,111780,0.3441319248826291,0.2604,55.07704225352113,2.5428732394366196,100.0
volatility_bbh,P20_long,fwd_3d,long,213,111780,0.5123009389671361,0.3891,56.20492957746479,3.105849765258216,100.0
volatility_bbh,P20_long,fwd_5d,long,213,111780,0.8406647887323944,0.6514,57.92009389671361,4.0280610328638495,100.0
volatility_bbh,P80_short,fwd_1d,short,213,111780,-0.025511737089201878,-0.0296,50.57399061032864,-0.23930985915492958,35.2112676056338
volatility_bbh,P80_short,fwd_2d,short,213,111780,-0.05138075117370892,-0.0598,50.80366197183099,-0.3578215962441314,33.80281690140845
volatility_bbh,P80_short,fwd_3d,short,213,111780,-0.07373474178403756,-0.0862,50.54154929577465,-0.428,34.74178403755869
volatility_bbh,P80_short,fwd_5d,short,213,111780,-0.1179906103286385,-0.1462,50.181596244131455,-0.5464037558685446,33.80281690140845
volatility_bbh,P90_short,fwd_1d,short,213,55895,-0.06752816901408451,-0.0742,49.91051643192488,-0.4334788732394366,26.291079812206576
volatility_bbh,P90_short,fwd_2d,short,213,55895,-0.13933615023474177,-0.1456,49.86539906103286,-0.6357089201877935,26.291079812206576
volatility_bbh,P90_short,fwd_3d,short,213,55895,-0.20327089201877935,-0.2215,49.31361502347418,-0.7601220657276996,25.352112676056336
volatility_bbh,P90_short,fwd_5d,short,213,55895,-0.33187089201877934,-0.3496,48.30103286384977,-0.9697840375586854,26.76056338028169
volatility_bbhi,P80_short,fwd_1d,short,213,36710,0.03895164319248826,0.0289,50.41441314553991,0.18054460093896715,60.093896713615024
volatility_bbhi,P80_short,fwd_2d,short,213,36710,0.08150704225352114,0.0519,51.45488262910798,0.28531455399061034,62.91079812206573
volatility_bbhi,P80_short,fwd_3d,short,213,36710,0.09818215962441315,0.0413,51.94323943661972,0.27091079812206575,57.74647887323944
volatility_bbhi,P80_short,fwd_5d,short,213,36710,0.20134741784037558,0.0945,53.2181220657277,0.44960093896713615,64.7887323943662
volatility_bbhi,P90_short,fwd_1d,short,213,36710,0.03895164319248826,0.0289,50.41441314553991,0.18054460093896715,60.093896713615024
volatility_bbhi,P90_short,fwd_2d,short,213,36710,0.08150704225352114,0.0519,51.45488262910798,0.28531455399061034,62.91079812206573
volatility_bbhi,P90_short,fwd_3d,short,213,36710,0.09818215962441315,0.0413,51.94323943661972,0.27091079812206575,57.74647887323944
volatility_bbhi,P90_short,fwd_5d,short,213,36710,0.20134741784037558,0.0945,53.2181220657277,0.44960093896713615,64.7887323943662
volatility_bbl,P10_long,fwd_1d,long,213,55894,0.25796056338028167,0.2032,54.00732394366197,1.7050093896713616,100.0
volatility_bbl,P10_long,fwd_2d,long,213,55894,0.5057976525821596,0.3938,56.42323943661972,2.413469483568075,100.0
volatility_bbl,P10_long,fwd_3d,long,213,55894,0.759793896713615,0.5917,57.87985915492958,2.965962441314554,100.0
volatility_bbl,P10_long,fwd_5d,long,213,55894,1.2669389671361502,0.9379,60.21647887323944,3.905615023474178,100.0
volatility_bbl,P20_long,fwd_1d,long,213,111781,0.18488685446009387,0.1445,52.91323943661972,1.752774647887324,100.0
volatility_bbl,P20_long,fwd_2d,long,213,111781,0.3678159624413146,0.2865,55.025399061032864,2.5158544600938963,100.0
volatility_bbl,P20_long,fwd_3d,long,213,111781,0.5526356807511738,0.4265,56.271126760563384,3.085906103286385,100.0
volatility_bbl,P20_long,fwd_5d,long,213,111781,0.9148333333333333,0.6916,58.04314553990611,4.065154929577465,100.0
volatility_bbl,P80_short,fwd_1d,short,213,111781,-0.02502910798122066,-0.0286,50.679530516431925,-0.2867840375586854,31.455399061032864
volatility_bbl,P80_short,fwd_2d,short,213,111781,-0.0482868544600939,-0.0579,50.79666666666667,-0.3882582159624413,31.92488262910798
volatility_bbl,P80_short,fwd_3d,short,213,111781,-0.07274553990610329,-0.0878,50.62784037558685,-0.4682206572769953,31.92488262910798
volatility_bbl,P80_short,fwd_5d,short,213,111781,-0.12215774647887324,-0.1469,50.14333333333334,-0.577037558685446,31.455399061032864
volatility_bbl,P90_short,fwd_1d,short,213,55895,-0.06977652582159626,-0.0678,49.69507042253521,-0.5368309859154929,28.638497652582164
volatility_bbl,P90_short,fwd_2d,short,213,55895,-0.1306338028169014,-0.1346,49.7475117370892,-0.7251220657276995,28.638497652582164
volatility_bbl,P90_short,fwd_3d,short,213,55895,-0.19085492957746478,-0.1947,49.37122065727699,-0.8533192488262911,27.699530516431924
volatility_bbl,P90_short,fwd_5d,short,213,55895,-0.3107117370892019,-0.3262,48.2505633802817,-1.0585070422535212,27.699530516431924
volatility_bbli,P80_short,fwd_1d,short,213,30566,0.16766619718309858,0.1628,53.72417840375587,0.8058075117370892,79.81220657276995
volatility_bbli,P80_short,fwd_2d,short,213,30566,0.20016103286384979,0.1901,54.0524882629108,0.7198920187793427,69.95305164319248
volatility_bbli,P80_short,fwd_3d,short,213,30566,0.32857417840375586,0.3178,54.45572769953051,0.9811173708920188,75.11737089201877
volatility_bbli,P80_short,fwd_5d,short,213,30566,0.586124882629108,0.5337,56.31661971830986,1.409488262910798,79.34272300469483
volatility_bbli,P90_short,fwd_1d,short,213,30566,0.16766619718309858,0.1628,53.72417840375587,0.8058075117370892,79.81220657276995
volatility_bbli,P90_short,fwd_2d,short,213,30566,0.20016103286384979,0.1901,54.0524882629108,0.7198920187793427,69.95305164319248
volatility_bbli,P90_short,fwd_3d,short,213,30566,0.32857417840375586,0.3178,54.45572769953051,0.9811173708920188,75.11737089201877
volatility_bbli,P90_short,fwd_5d,short,213,30566,0.586124882629108,0.5337,56.31661971830986,1.409488262910798,79.34272300469483
volatility_bbm,P10_long,fwd_1d,long,213,55894,0.25422347417840374,0.1803,53.96164319248826,1.7810704225352112,99.53051643192488
volatility_bbm,P10_long,fwd_2d,long,213,55894,0.5009610328638497,0.3633,56.53389671361502,2.5175164319248826,99.53051643192488
volatility_bbm,P10_long,fwd_3d,long,213,55894,0.7514295774647887,0.5458,58.012957746478875,3.0886150234741785,99.53051643192488
volatility_bbm,P10_long,fwd_5d,long,213,55894,1.2435291079812205,0.9018,60.35816901408451,4.032863849765258,100.0
volatility_bbm,P20_long,fwd_1d,long,213,111776,0.18083708920187794,0.1394,53.03159624413146,1.8202206572769952,100.0
volatility_bbm,P20_long,fwd_2d,long,213,111776,0.3570859154929577,0.2778,55.11394366197183,2.5645868544600936,100.0
volatility_bbm,P20_long,fwd_3d,long,213,111776,0.5344793427230047,0.4128,56.288075117370894,3.150469483568075,100.0
volatility_bbm,P20_long,fwd_5d,long,213,111776,0.8816103286384976,0.6896,57.97154929577465,4.104948356807512,100.0
volatility_bbm,P80_short,fwd_1d,short,213,111780,-0.027866197183098594,-0.0329,50.6193896713615,-0.304981220657277,30.985915492957744
volatility_bbm,P80_short,fwd_2d,short,213,111780,-0.05592863849765259,-0.069,50.752347417840376,-0.43227699530516434,31.455399061032864
volatility_bbm,P80_short,fwd_3d,short,213,111780,-0.08213896713615024,-0.0933,50.56737089201878,-0.515112676056338,31.92488262910798
volatility_bbm,P80_short,fwd_5d,short,213,111780,-0.1355262910798122,-0.1521,50.1624882629108,-0.6335070422535212,31.455399061032864
volatility_bbm,P90_short,fwd_1d,short,213,55895,-0.07963943661971831,-0.0755,49.696150234741786,-0.578450704225352,23.943661971830984
volatility_bbm,P90_short,fwd_2d,short,213,55895,-0.16095962441314554,-0.1535,49.61676056338028,-0.8135680751173708,24.88262910798122
volatility_bbm,P90_short,fwd_3d,short,213,55895,-0.23969014084507043,-0.2385,49.07704225352113,-0.9739342723004695,24.88262910798122
volatility_bbm,P90_short,fwd_5d,short,213,55895,-0.3863370892018779,-0.3964,48.03572769953052,-1.186093896713615,25.352112676056336
volatility_bbp,P10_long,fwd_1d,long,213,55895,0.11604507042253522,0.13,53.40413145539906,0.7921173708920188,72.76995305164318
volatility_bbp,P10_long,fwd_2d,long,213,55895,0.19542347417840375,0.1838,54.02291079812206,0.9661079812206573,72.76995305164318
volatility_bbp,P10_long,fwd_3d,long,213,55895,0.31908262910798124,0.3186,54.56417840375587,1.263868544600939,79.81220657276995
volatility_bbp,P10_long,fwd_5d,long,213,55895,0.5773319248826291,0.4946,56.358450704225355,1.8362535211267605,84.03755868544602
volatility_bbp,P20_long,fwd_1d,long,213,111781,0.08522159624413146,0.0844,53.221830985915496,0.863112676056338,77.93427230046949
volatility_bbp,P20_long,fwd_2d,long,213,111781,0.17764178403755868,0.1619,54.016103286384975,1.296150234741784,84.50704225352112
volatility_bbp,P20_long,fwd_3d,long,213,111781,0.2975643192488263,0.2492,54.80600938967136,1.7190892018779342,90.14084507042254
volatility_bbp,P20_long,fwd_5d,long,213,111781,0.5053769953051643,0.4392,56.15446009389671,2.3224460093896715,92.01877934272301
volatility_bbp,P80_short,fwd_1d,short,213,111781,0.05547699530516432,0.0356,50.82136150234742,0.5148262910798123,70.4225352112676
volatility_bbp,P80_short,fwd_2d,short,213,111781,0.1030244131455399,0.0605,51.90450704225352,0.6730985915492957,70.4225352112676
volatility_bbp,P80_short,fwd_3d,short,213,111781,0.15442957746478875,0.0979,52.734460093896715,0.9007089201877935,74.17840375586854
volatility_bbp,P80_short,fwd_5d,short,213,111781,0.2535413145539906,0.1642,53.69788732394366,1.1667276995305165,76.52582159624414
volatility_bbp,P90_short,fwd_1d,short,213,55895,0.037834741784037555,0.0182,50.39896713615023,0.222018779342723,57.27699530516433
volatility_bbp,P90_short,fwd_2d,short,213,55895,0.08772676056338029,0.0546,51.519436619718306,0.35664319248826293,59.624413145539904
volatility_bbp,P90_short,fwd_3d,short,213,55895,0.11407981220657276,0.0874,52.2025352112676,0.4013333333333333,62.91079812206573
volatility_bbp,P90_short,fwd_5d,short,213,55895,0.2009037558685446,0.109,53.24150234741784,0.5717276995305165,64.31924882629107
volatility_bbw,P10_long,fwd_1d,long,213,55895,0.04975117370892018,0.0341,51.960798122065725,0.4606291079812207,67.13615023474179
volatility_bbw,P10_long,fwd_2d,long,213,55895,0.10002723004694836,0.0746,52.8581690140845,0.6413615023474177,68.07511737089203
volatility_bbw,P10_long,fwd_3d,long,213,55895,0.159906103286385,0.1198,53.39572769953051,0.8185680751173708,69.48356807511738
volatility_bbw,P10_long,fwd_5d,long,213,55895,0.2916220657276995,0.2203,54.262159624413144,1.1235352112676058,71.83098591549296
volatility_bbw,P20_long,fwd_1d,long,213,111781,0.04219014084507042,0.0389,52.00962441314554,0.6399671361502347,76.05633802816901
volatility_bbw,P20_long,fwd_2d,long,213,111781,0.08413849765258215,0.0757,52.912816901408455,0.841507042253521,73.70892018779342
volatility_bbw,P20_long,fwd_3d,long,213,111781,0.13331079812206573,0.1188,53.35539906103287,1.0353568075117372,74.17840375586854
volatility_bbw,P20_long,fwd_5d,long,213,111781,0.2466117370892019,0.1884,54.16295774647887,1.4369906103286385,74.17840375586854
volatility_bbw,P80_short,fwd_1d,short,213,111781,0.13463145539906105,0.1121,52.1562441314554,1.0344788732394365,96.24413145539906
volatility_bbw,P80_short,fwd_2d,short,213,111781,0.25393098591549296,0.2078,53.50018779342724,1.4828497652582158,95.30516431924883
volatility_bbw,P80_short,fwd_3d,short,213,111781,0.37622112676056335,0.3126,54.42469483568075,1.7955211267605635,95.30516431924883
volatility_bbw,P80_short,fwd_5d,short,213,111781,0.60252441314554,0.4939,55.74483568075117,2.3015117370892018,95.77464788732394
volatility_bbw,P90_short,fwd_1d,short,213,55895,0.15562159624413144,0.1216,52.1162441314554,0.6986150234741785,85.91549295774648
volatility_bbw,P90_short,fwd_2d,short,213,55895,0.28472863849765256,0.2185,53.35544600938967,0.9773474178403756,86.3849765258216
volatility_bbw,P90_short,fwd_3d,short,213,55895,0.43550798122065726,0.3204,54.157558685446006,1.2076760563380282,88.73239436619718
volatility_bbw,P90_short,fwd_5d,short,213,55895,0.7112150234741784,0.5071,55.86169014084506,1.6074272300469483,89.67136150234741
volatility_dch,P10_long,fwd_1d,long,213,54695,0.25029765258215964,0.1798,54.114553990610325,1.8252816901408453,99.53051643192488
volatility_dch,P10_long,fwd_2d,long,213,54695,0.4976605633802817,0.3593,56.789154929577464,2.573215962441315,100.0
volatility_dch,P10_long,fwd_3d,long,213,54695,0.7376483568075117,0.5297,58.21708920187793,3.1490328638497656,100.0
volatility_dch,P10_long,fwd_5d,long,213,54695,1.2101305164319247,0.8663,60.488591549295776,4.078990610328638,100.0
volatility_dch,P20_long,fwd_1d,long,213,110442,0.176806103286385,0.1397,53.04356807511737,1.8272018779342725,100.0
volatility_dch,P20_long,fwd_2d,long,213,110442,0.35124225352112676,0.2795,55.18352112676057,2.5748826291079814,100.0
volatility_dch,P20_long,fwd_3d,long,213,110442,0.5235713615023474,0.4097,56.28408450704225,3.159530516431925,100.0
volatility_dch,P20_long,fwd_5d,long,213,110442,0.8603924882629108,0.6814,58.069389671361506,4.0945633802816905,100.0
volatility_dch,P80_short,fwd_1d,short,213,110630,-0.024398591549295773,-0.0288,50.58028169014084,-0.24791079812206573,34.27230046948357
volatility_dch,P80_short,fwd_2d,short,213,110630,-0.04721924882629108,-0.0571,50.843568075117375,-0.3544600938967136,35.2112676056338
volatility_dch,P80_short,fwd_3d,short,213,110630,-0.06741643192488263,-0.0804,50.6306103286385,-0.41287793427230046,35.68075117370892
volatility_dch,P80_short,fwd_5d,short,213,110630,-0.10886854460093896,-0.1243,50.287746478873245,-0.5063802816901408,34.27230046948357
volatility_dch,P90_short,fwd_1d,short,213,54824,-0.07313521126760564,-0.075,49.80760563380282,-0.48322535211267603,25.352112676056336
volatility_dch,P90_short,fwd_2d,short,213,54824,-0.15039389671361503,-0.1432,49.77342723004695,-0.6987276995305165,24.88262910798122
volatility_dch,P90_short,fwd_3d,short,213,54824,-0.2214924882629108,-0.2145,49.203943661971834,-0.8333427230046949,24.88262910798122
volatility_dch,P90_short,fwd_5d,short,213,54824,-0.3647713615023474,-0.3486,48.2030985915493,-1.0479295774647888,26.291079812206576
volatility_dcl,P10_long,fwd_1d,long,213,54602,0.2574211267605634,0.1998,53.89769953051643,1.6677840375586854,100.0
volatility_dcl,P10_long,fwd_2d,long,213,54602,0.501144131455399,0.3999,56.54230046948357,2.3958028169014085,100.0
volatility_dcl,P10_long,fwd_3d,long,213,54602,0.7552464788732395,0.6087,57.89830985915493,2.9509765258215963,100.0
volatility_dcl,P10_long,fwd_5d,long,213,54602,1.2521920187793427,0.9864,60.319107981220654,3.8823333333333334,100.0
volatility_dcl,P20_long,fwd_1d,long,213,110705,0.19014272300469484,0.15,52.94793427230047,1.7495023474178404,100.0
volatility_dcl,P20_long,fwd_2d,long,213,110705,0.37473239436619715,0.2858,55.10474178403756,2.504887323943662,100.0
volatility_dcl,P20_long,fwd_3d,long,213,110705,0.5627427230046949,0.44,56.319483568075114,3.082718309859155,100.0
volatility_dcl,P20_long,fwd_5d,long,213,110705,0.9238413145539907,0.7282,58.130798122065734,4.052539906103287,100.0
volatility_dcl,P80_short,fwd_1d,short,213,110613,-0.027994835680751177,-0.0306,50.634694835680754,-0.3176431924882629,31.92488262910798
volatility_dcl,P80_short,fwd_2d,short,213,110613,-0.05436338028169014,-0.0605,50.73901408450704,-0.42945539906103286,32.3943661971831
volatility_dcl,P80_short,fwd_3d,short,213,110613,-0.08207323943661972,-0.0949,50.549061032863854,-0.5199765258215963,32.3943661971831
volatility_dcl,P80_short,fwd_5d,short,213,110613,-0.13696150234741786,-0.1533,50.09492957746478,-0.6373474178403755,31.92488262910798
volatility_dcl,P90_short,fwd_1d,short,213,54785,-0.07949107981220657,-0.0775,49.56887323943662,-0.5952394366197183,26.76056338028169
volatility_dcl,P90_short,fwd_2d,short,213,54785,-0.15140845070422534,-0.1558,49.52497652582159,-0.7996384976525822,26.76056338028169
volatility_dcl,P90_short,fwd_3d,short,213,54785,-0.21743849765258216,-0.2256,49.102488262910796,-0.9382863849765257,26.291079812206576
volatility_dcl,P90_short,fwd_5d,short,213,54785,-0.34585164319248823,-0.3635,48.11741784037559,-1.1452957746478873,27.230046948356808
volatility_dcm,P10_long,fwd_1d,long,213,55407,0.26738028169014083,0.1932,54.14173708920188,1.8393990610328637,99.53051643192488
volatility_dcm,P10_long,fwd_2d,long,213,55407,0.526919248826291,0.3904,56.89553990610329,2.6063615023474176,99.53051643192488
volatility_dcm,P10_long,fwd_3d,long,213,55407,0.7832661971830986,0.5705,58.349295774647885,3.1991737089201875,100.0
volatility_dcm,P10_long,fwd_5d,long,213,55407,1.285282629107981,0.9393,60.77732394366197,4.147032863849765,100.0
volatility_dcm,P20_long,fwd_1d,long,213,111282,0.1797793427230047,0.1435,52.981690140845075,1.804962441314554,100.0
volatility_dcm,P20_long,fwd_2d,long,213,111282,0.3573070422535211,0.2867,55.13220657276995,2.5662816901408454,100.0
volatility_dcm,P20_long,fwd_3d,long,213,111282,0.5372239436619719,0.422,56.311549295774654,3.159544600938967,100.0
volatility_dcm,P20_long,fwd_5d,long,213,111282,0.8856262910798122,0.6869,58.03755868544601,4.098539906103286,100.0
volatility_dcm,P80_short,fwd_1d,short,213,111424,-0.0264906103286385,-0.0332,50.63981220657277,-0.30043192488262915,32.863849765258216
volatility_dcm,P80_short,fwd_2d,short,213,111424,-0.051783098591549295,-0.0644,50.793474178403756,-0.40757276995305164,31.92488262910798
volatility_dcm,P80_short,fwd_3d,short,213,111424,-0.07526197183098592,-0.0934,50.600610328638496,-0.49097652582159623,31.92488262910798
volatility_dcm,P80_short,fwd_5d,short,213,111424,-0.12472488262910797,-0.1463,50.185305164319246,-0.6033896713615023,30.985915492957744
volatility_dcm,P90_short,fwd_1d,short,213,55514,-0.07574694835680751,-0.0814,49.75924882629108,-0.5614929577464789,26.291079812206576
volatility_dcm,P90_short,fwd_2d,short,213,55514,-0.15454694835680752,-0.1679,49.73366197183099,-0.787906103286385,25.352112676056336
volatility_dcm,P90_short,fwd_3d,short,213,55514,-0.23005539906103287,-0.252,49.1781220657277,-0.9463004694835682,25.352112676056336
volatility_dcm,P90_short,fwd_5d,short,213,55514,-0.375624882629108,-0.399,48.11802816901408,-1.179093896713615,25.821596244131456
volatility_dcp,P10_long,fwd_1d,long,213,55893,0.13202347417840377,0.1217,53.37342723004694,0.9218497652582159,78.87323943661971
volatility_dcp,P10_long,fwd_2d,long,213,55893,0.22653239436619715,0.1888,53.73122065727699,1.110774647887324,79.81220657276995
volatility_dcp,P10_long,fwd_3d,long,213,55893,0.33949718309859156,0.286,54.373004694835686,1.337164319248826,84.03755868544602
volatility_dcp,P10_long,fwd_5d,long,213,55893,0.616700469483568,0.5084,56.318779342723005,1.9691830985915493,89.67136150234741
volatility_dcp,P20_long,fwd_1d,long,213,111778,0.10923192488262912,0.1082,53.373708920187795,1.0939624413145541,86.3849765258216
volatility_dcp,P20_long,fwd_2d,long,213,111778,0.20398403755868544,0.1871,53.943333333333335,1.474943661971831,90.14084507042254
volatility_dcp,P20_long,fwd_3d,long,213,111778,0.33224647887323944,0.3076,54.73807511737089,1.9177746478873239,91.54929577464789
volatility_dcp,P20_long,fwd_5d,long,213,111778,0.5530957746478873,0.5076,56.13098591549296,2.5565211267605634,92.95774647887323
volatility_dcp,P80_short,fwd_1d,short,213,111777,0.04572676056338028,0.0255,50.746948356807515,0.4323849765258216,61.97183098591549
volatility_dcp,P80_short,fwd_2d,short,213,111777,0.09139295774647888,0.0623,52.050328638497646,0.6675023474178403,69.95305164319248
volatility_dcp,P80_short,fwd_3d,short,213,111777,0.13714413145539905,0.0961,52.67680751173709,0.8836807511737089,76.05633802816901
volatility_dcp,P80_short,fwd_5d,short,213,111777,0.24410328638497653,0.1572,53.710422535211265,1.1923708920187792,80.28169014084507
volatility_dcp,P90_short,fwd_1d,short,213,55895,0.04212488262910798,0.016,50.380422535211274,0.21306103286384978,57.74647887323944
volatility_dcp,P90_short,fwd_2d,short,213,55895,0.07808732394366197,0.0395,51.48009389671362,0.33522535211267607,63.38028169014085
volatility_dcp,P90_short,fwd_3d,short,213,55895,0.12140704225352113,0.0572,52.273896713615024,0.4767136150234742,64.31924882629107
volatility_dcp,P90_short,fwd_5d,short,213,55895,0.22997276995305166,0.1199,53.665586854460095,0.7359342723004695,69.01408450704226
volatility_dcw,P10_long,fwd_1d,long,213,55895,0.04932910798122066,0.0358,52.072629107981214,0.4882300469483568,65.72769953051643
volatility_dcw,P10_long,fwd_2d,long,213,55895,0.10122910798122065,0.0816,53.0312676056338,0.6896713615023474,66.19718309859155
volatility_dcw,P10_long,fwd_3d,long,213,55895,0.15479248826291078,0.1245,53.538826291079815,0.8403708920187793,65.72769953051643
volatility_dcw,P10_long,fwd_5d,long,213,55895,0.2621474178403756,0.2194,54.18816901408451,1.0689107981220658,65.25821596244131
volatility_dcw,P20_long,fwd_1d,long,213,111781,0.0440887323943662,0.033,52.09422535211267,0.615075117370892,74.17840375586854
volatility_dcw,P20_long,fwd_2d,long,213,111781,0.09095492957746479,0.0716,52.92511737089202,0.8660469483568075,76.99530516431925
volatility_dcw,P20_long,fwd_3d,long,213,111781,0.13853380281690142,0.104,53.43708920187794,1.0467089201877933,76.99530516431925
volatility_dcw,P20_long,fwd_5d,long,213,111781,0.2427380281690141,0.1791,54.057370892018774,1.3896338028169015,76.52582159624414
volatility_dcw,P80_short,fwd_1d,short,213,111781,0.1373112676056338,0.1174,52.029342723004696,1.032924882629108,94.83568075117371
volatility_dcw,P80_short,fwd_2d,short,213,111781,0.2670244131455399,0.2193,53.50333333333333,1.5209342723004695,94.36619718309859
volatility_dcw,P80_short,fwd_3d,short,213,111781,0.3998333333333334,0.3419,54.42427230046949,1.8523849765258216,96.24413145539906
volatility_dcw,P80_short,fwd_5d,short,213,111781,0.6152032863849765,0.4867,55.7862910798122,2.3351549295774645,96.24413145539906
volatility_dcw,P90_short,fwd_1d,short,213,55895,0.17233990610328637,0.1483,52.00389671361502,0.760244131455399,88.26291079812206
volatility_dcw,P90_short,fwd_2d,short,213,55895,0.3289342723004695,0.2659,53.58882629107981,1.1236338028169015,91.07981220657277
volatility_dcw,P90_short,fwd_3d,short,213,55895,0.48672300469483565,0.3899,54.29967136150235,1.364676056338028,92.48826291079813
volatility_dcw,P90_short,fwd_5d,short,213,55895,0.7637446009389672,0.5995,56.01154929577464,1.7483474178403757,92.01877934272301
volatility_kcc,P10_long,fwd_1d,long,213,55895,0.2617446009389671,0.1986,54.231690140845075,1.7938544600938968,100.0
volatility_kcc,P10_long,fwd_2d,long,213,55895,0.5102591549295774,0.3819,56.8330985915493,2.5411924882629107,100.0
volatility_kcc,P10_long,fwd_3d,long,213,55895,0.7623647887323944,0.5729,58.30140845070423,3.1197136150234743,100.0
volatility_kcc,P10_long,fwd_5d,long,213,55895,1.2694389671361501,0.94,60.65633802816901,4.080765258215962,100.0
volatility_kcc,P20_long,fwd_1d,long,213,111780,0.18443145539906106,0.1451,53.16450704225352,1.8427652582159626,100.0
volatility_kcc,P20_long,fwd_2d,long,213,111780,0.3650225352112676,0.2825,55.21901408450704,2.6180798122065725,100.0
volatility_kcc,P20_long,fwd_3d,long,213,111780,0.5461051643192488,0.4193,56.47765258215962,3.214079812206573,100.0
volatility_kcc,P20_long,fwd_5d,long,213,111780,0.89968779342723,0.697,58.26967136150235,4.18430985915493,100.0
volatility_kcc,P80_short,fwd_1d,short,213,111781,-0.02574694835680751,-0.0322,50.58596244131455,-0.3048028169014085,30.985915492957744
volatility_kcc,P80_short,fwd_2d,short,213,111781,-0.04907887323943662,-0.0626,50.76173708920188,-0.4182957746478873,31.455399061032864
volatility_kcc,P80_short,fwd_3d,short,213,111781,-0.07136854460093896,-0.0894,50.5831455399061,-0.4917370892018779,31.455399061032864
volatility_kcc,P80_short,fwd_5d,short,213,111781,-0.12234225352112676,-0.1417,50.14572769953052,-0.6081361502347418,30.046948356807512
volatility_kcc,P90_short,fwd_1d,short,213,55894,-0.078643661971831,-0.0823,49.641596244131456,-0.5963145539906103,23.943661971830984
volatility_kcc,P90_short,fwd_2d,short,213,55894,-0.15573708920187793,-0.1645,49.6349765258216,-0.8321361502347419,23.943661971830984
volatility_kcc,P90_short,fwd_3d,short,213,55894,-0.22951877934272302,-0.2435,49.108075117370895,-1.0027230046948357,23.474178403755868
volatility_kcc,P90_short,fwd_5d,short,213,55894,-0.36931971830985916,-0.4033,47.98676056338028,-1.2546478873239437,23.474178403755868
volatility_kch,P10_long,fwd_1d,long,213,55895,0.25582957746478874,0.186,54.171549295774646,1.8062910798122067,100.0
volatility_kch,P10_long,fwd_2d,long,213,55895,0.5046530516431925,0.3598,56.780093896713616,2.5558779342723006,100.0
volatility_kch,P10_long,fwd_3d,long,213,55895,0.7577103286384976,0.5372,58.256056338028166,3.1481784037558684,100.0
volatility_kch,P10_long,fwd_5d,long,213,55895,1.2524450704225352,0.8896,60.56352112676057,4.081197183098591,100.0
volatility_kch,P20_long,fwd_1d,long,213,111781,0.1841380281690141,0.1438,53.136525821596244,1.8575915492957749,100.0
volatility_kch,P20_long,fwd_2d,long,213,111781,0.3640201877934272,0.2803,55.20525821596244,2.623150234741784,100.0
volatility_kch,P20_long,fwd_3d,long,213,111781,0.5440840375586854,0.4172,56.445774647887326,3.210976525821596,100.0
volatility_kch,P20_long,fwd_5d,long,213,111781,0.8955723004694836,0.6892,58.19356807511737,4.1732018779342726,100.0
volatility_kch,P80_short,fwd_1d,short,213,111779,-0.02642300469483568,-0.0325,50.581408450704224,-0.299793427230047,28.638497652582164
volatility_kch,P80_short,fwd_2d,short,213,111779,-0.050261971830985915,-0.0647,50.76460093896714,-0.4173661971830986,28.169014084507044
volatility_kch,P80_short,fwd_3d,short,213,111779,-0.07298215962441314,-0.0956,50.595023474178404,-0.48780751173708925,30.51643192488263
volatility_kch,P80_short,fwd_5d,short,213,111779,-0.12483051643192487,-0.1511,50.14507042253521,-0.6008356807511737,30.046948356807512
volatility_kch,P90_short,fwd_1d,short,213,55895,-0.07523708920187794,-0.0825,49.608028169014084,-0.5846291079812206,24.413145539906104
volatility_kch,P90_short,fwd_2d,short,213,55895,-0.14941596244131455,-0.1613,49.621455399061034,-0.8259483568075117,24.88262910798122
volatility_kch,P90_short,fwd_3d,short,213,55895,-0.2250892018779343,-0.2342,49.03356807511737,-1.0106666666666666,23.943661971830984
volatility_kch,P90_short,fwd_5d,short,213,55895,-0.370925352112676,-0.3782,47.85159624413145,-1.2707417840375588,23.004694835680752
volatility_kchi,P80_short,fwd_1d,short,5,1319,0.08320000000000002,0.0364,44.775999999999996,0.05259999999999998,60.0
volatility_kchi,P80_short,fwd_2d,short,5,1319,0.15868,0.12,45.906,0.09060000000000001,60.0
volatility_kchi,P80_short,fwd_3d,short,5,1319,0.17628000000000002,0.1453,46.79,0.06839999999999997,60.0
volatility_kchi,P80_short,fwd_5d,short,5,1319,0.3156,0.105,46.989999999999995,0.154,60.0
volatility_kcl,P10_long,fwd_1d,long,213,55891,0.2692906103286385,0.2027,54.29389671361503,1.8126760563380282,100.0
volatility_kcl,P10_long,fwd_2d,long,213,55891,0.524231455399061,0.4059,56.956525821596244,2.560924882629108,100.0
volatility_kcl,P10_long,fwd_3d,long,213,55891,0.7833389671361503,0.6086,58.45258215962441,3.1432910798122062,100.0
volatility_kcl,P10_long,fwd_5d,long,213,55891,1.2930333333333335,0.9524,60.79821596244132,4.1167042253521124,100.0
volatility_kcl,P20_long,fwd_1d,long,213,111779,0.18773145539906105,0.1496,53.17849765258216,1.8424694835680753,100.0
volatility_kcl,P20_long,fwd_2d,long,213,111779,0.3706713615023474,0.2954,55.24347417840376,2.6161220657276996,100.0
volatility_kcl,P20_long,fwd_3d,long,213,111779,0.5537422535211267,0.4346,56.49403755868544,3.20175117370892,100.0
volatility_kcl,P20_long,fwd_5d,long,213,111779,0.9102985915492957,0.6954,58.323755868544595,4.18531455399061,100.0
volatility_kcl,P80_short,fwd_1d,short,213,111780,-0.02649342723004695,-0.0302,50.5756338028169,-0.31906103286384974,30.51643192488263
volatility_kcl,P80_short,fwd_2d,short,213,111780,-0.05170422535211268,-0.0549,50.719906103286384,-0.43533333333333335,31.455399061032864
volatility_kcl,P80_short,fwd_3d,short,213,111780,-0.07456760563380281,-0.0858,50.55469483568075,-0.5075492957746479,30.046948356807512
volatility_kcl,P80_short,fwd_5d,short,213,111780,-0.12411220657276996,-0.1389,50.07652582159624,-0.6257511737089202,29.107981220657276
volatility_kcl,P90_short,fwd_1d,short,213,55895,-0.07602910798122064,-0.0815,49.69239436619718,-0.578244131455399,24.413145539906104
volatility_kcl,P90_short,fwd_2d,short,213,55895,-0.1518201877934272,-0.1694,49.65380281690141,-0.8144366197183098,24.413145539906104
volatility_kcl,P90_short,fwd_3d,short,213,55895,-0.22652159624413146,-0.2495,49.183098591549296,-0.9818544600938967,23.943661971830984
volatility_kcl,P90_short,fwd_5d,short,213,55895,-0.36875915492957745,-0.3901,48.01718309859155,-1.2298779342723005,23.474178403755868
volatility_kcli,P80_short,fwd_1d,short,157,74102,0.1134484076433121,0.1125,53.686751592356686,1.0802866242038216,84.07643312101911
volatility_kcli,P80_short,fwd_2d,short,157,74102,0.20849872611464967,0.202,54.690254777070066,1.471452229299363,86.62420382165605
volatility_kcli,P80_short,fwd_3d,short,157,74102,0.3434407643312102,0.3021,55.24273885350319,1.9028216560509554,90.44585987261146
volatility_kcli,P80_short,fwd_5d,short,157,74102,0.5907910828025478,0.5096,56.852611464968156,2.572745222929936,96.81528662420382
volatility_kcp,P10_long,fwd_1d,long,213,55895,0.10534413145539905,0.1103,53.109530516431924,0.7504507042253521,72.76995305164318
volatility_kcp,P10_long,fwd_2d,long,213,55895,0.18096713615023474,0.163,53.689201877934266,0.9042676056338028,73.70892018779342
volatility_kcp,P10_long,fwd_3d,long,213,55895,0.28878732394366197,0.2819,54.057042253521125,1.1707323943661971,75.5868544600939
volatility_kcp,P10_long,fwd_5d,long,213,55895,0.5038215962441315,0.4558,55.45497652582159,1.6490657276995304,80.28169014084507
volatility_kcp,P20_long,fwd_1d,long,213,111781,0.08181361502347419,0.0754,52.92596244131455,0.8634319248826291,77.46478873239437
volatility_kcp,P20_long,fwd_2d,long,213,111781,0.17018732394366196,0.148,53.73178403755869,1.2440798122065726,80.75117370892019
volatility_kcp,P20_long,fwd_3d,long,213,111781,0.2806943661971831,0.2359,54.307276995305166,1.6263521126760563,84.50704225352112
volatility_kcp,P20_long,fwd_5d,long,213,111781,0.4844342723004695,0.3913,55.67112676056338,2.234774647887324,88.26291079812206
volatility_kcp,P80_short,fwd_1d,short,213,111781,0.03997183098591549,0.0261,50.693474178403754,0.3478075117370892,64.31924882629107
volatility_kcp,P80_short,fwd_2d,short,213,111781,0.08626666666666667,0.0499,51.933849765258216,0.5648075117370892,68.07511737089203
volatility_kcp,P80_short,fwd_3d,short,213,111781,0.13731596244131455,0.0906,52.74591549295774,0.8062863849765258,76.05633802816901
volatility_kcp,P80_short,fwd_5d,short,213,111781,0.262025352112676,0.1874,53.893615023474176,1.2407417840375587,79.81220657276995
volatility_kcp,P90_short,fwd_1d,short,213,55895,0.0304018779342723,0.0279,50.39769953051643,0.17507511737089204,60.56338028169014
volatility_kcp,P90_short,fwd_2d,short,213,55895,0.06730469483568076,0.0381,51.53258215962442,0.2597511737089202,61.502347417840376
volatility_kcp,P90_short,fwd_3d,short,213,55895,0.10705305164319248,0.0474,52.22230046948357,0.3615352112676057,58.21596244131455
volatility_kcp,P90_short,fwd_5d,short,213,55895,0.2545981220657277,0.1471,53.91882629107981,0.770262910798122,68.54460093896714
volatility_kcw,P10_long,fwd_1d,long,213,55895,0.04972582159624413,0.0443,52.44098591549296,0.6674694835680751,71.36150234741784
volatility_kcw,P10_long,fwd_2d,long,213,55895,0.10350000000000001,0.0869,53.392629107981215,0.9161502347417841,71.83098591549296
volatility_kcw,P10_long,fwd_3d,long,213,55895,0.1509037558685446,0.1068,53.695539906103285,1.048718309859155,71.83098591549296
volatility_kcw,P10_long,fwd_5d,long,213,55895,0.26999342723004693,0.1915,54.626525821596246,1.3521549295774649,73.70892018779342
volatility_kcw,P20_long,fwd_1d,long,213,111781,0.045810798122065725,0.0338,52.12342723004694,0.6997323943661972,73.70892018779342
volatility_kcw,P20_long,fwd_2d,long,213,111781,0.09130328638497653,0.0657,53.013004694835686,0.965643192488263,72.76995305164318
volatility_kcw,P20_long,fwd_3d,long,213,111781,0.13707042253521126,0.0944,53.46258215962442,1.159605633802817,74.17840375586854
volatility_kcw,P20_long,fwd_5d,long,213,111781,0.22702535211267605,0.1557,54.025070422535215,1.4612910798122065,76.05633802816901
volatility_kcw,P80_short,fwd_1d,short,213,111781,0.14596478873239435,0.1338,52.29661971830986,1.1633098591549296,95.77464788732394
volatility_kcw,P80_short,fwd_2d,short,213,111781,0.28555399061032866,0.2575,54.068779342723005,1.7041220657276996,95.77464788732394
volatility_kcw,P80_short,fwd_3d,short,213,111781,0.42406948356807517,0.3802,54.91619718309859,2.057244131455399,95.77464788732394
volatility_kcw,P80_short,fwd_5d,short,213,111781,0.6679394366197182,0.6283,56.20516431924883,2.5980234741784036,94.83568075117371
volatility_kcw,P90_short,fwd_1d,short,213,55895,0.2000507042253521,0.1769,52.53723004694836,0.8734600938967136,93.89671361502347
volatility_kcw,P90_short,fwd_2d,short,213,55895,0.3849901408450704,0.3447,54.526150234741785,1.2877276995305165,94.83568075117371
volatility_kcw,P90_short,fwd_3d,short,213,55895,0.5577065727699531,0.4958,55.30215962441315,1.5175962441314554,93.89671361502347
volatility_kcw,P90_short,fwd_5d,short,213,55895,0.8700596244131455,0.7505,56.783427230046954,1.9347605633802816,94.36619718309859
volatility_ui,P10_long,fwd_1d,long,213,55874,0.049404694835680746,0.0186,51.17605633802817,0.30773239436619715,61.03286384976526
volatility_ui,P10_long,fwd_2d,long,213,55874,0.10151971830985915,0.0358,51.86652582159624,0.4072582159624413,59.154929577464785
volatility_ui,P10_long,fwd_3d,long,213,55874,0.1492511737089202,0.0428,52.4975117370892,0.4872065727699531,61.97183098591549
volatility_ui,P10_long,fwd_5d,long,213,55874,0.2528051643192488,0.0863,53.17460093896714,0.6685868544600938,61.97183098591549
volatility_ui,P20_long,fwd_1d,long,213,111771,0.0495225352112676,0.0287,51.44863849765258,0.5086431924882628,71.36150234741784
volatility_ui,P20_long,fwd_2d,long,213,111771,0.09509812206572771,0.0564,52.31708920187794,0.6855211267605633,70.4225352112676
volatility_ui,P20_long,fwd_3d,long,213,111771,0.1430788732394366,0.0852,52.88816901408451,0.8542018779342723,71.36150234741784
volatility_ui,P20_long,fwd_5d,long,213,111771,0.2535342723004695,0.1458,53.63352112676056,1.174887323943662,74.64788732394366
volatility_ui,P80_short,fwd_1d,short,213,111780,0.12679953051643192,0.1182,52.53319248826291,1.078643192488263,95.77464788732394
volatility_ui,P80_short,fwd_2d,short,213,111780,0.23946150234741784,0.2252,53.76267605633803,1.548281690140845,94.83568075117371
volatility_ui,P80_short,fwd_3d,short,213,111780,0.3539948356807512,0.3272,54.659624413145536,1.8599859154929579,94.36619718309859
volatility_ui,P80_short,fwd_5d,short,213,111780,0.5674103286384977,0.5123,55.936244131455396,2.3835727699530516,94.83568075117371
volatility_ui,P90_short,fwd_1d,short,213,55895,0.14860328638497652,0.1323,52.347417840375584,0.7462863849765259,90.14084507042254
volatility_ui,P90_short,fwd_2d,short,213,55895,0.26980469483568076,0.236,53.62530516431925,1.0776384976525821,90.14084507042254
volatility_ui,P90_short,fwd_3d,short,213,55895,0.40653051643192484,0.3579,54.70384976525822,1.3187136150234744,90.14084507042254
volatility_ui,P90_short,fwd_5d,short,213,55895,0.659661971830986,0.5893,56.01924882629108,1.7435915492957745,90.14084507042254
volume_adi,P10_long,fwd_1d,long,213,55894,0.1720694835680751,0.1356,53.857746478873246,1.4075492957746478,95.77464788732394
volume_adi,P10_long,fwd_2d,long,213,55894,0.3320572769953052,0.2627,55.749718309859155,1.9729014084507042,96.24413145539906
volume_adi,P10_long,fwd_3d,long,213,55894,0.4964291079812207,0.3734,56.998826291079816,2.4461830985915496,95.30516431924883
volume_adi,P10_long,fwd_5d,long,213,55894,0.8033896713615024,0.6082,58.39295774647888,3.150333333333333,94.83568075117371
volume_adi,P20_long,fwd_1d,long,213,111780,0.1244943661971831,0.0963,52.67713615023474,1.3751596244131454,95.77464788732394
volume_adi,P20_long,fwd_2d,long,213,111780,0.24805023474178403,0.1907,54.346009389671366,1.9344413145539907,95.30516431924883
volume_adi,P20_long,fwd_3d,long,213,111780,0.3715568075117371,0.2826,55.24798122065727,2.37624882629108,96.24413145539906
volume_adi,P20_long,fwd_5d,long,213,111780,0.607144131455399,0.4512,56.41305164319249,3.0524037558685446,95.30516431924883
volume_adi,P80_short,fwd_1d,short,213,111781,-0.0010840375586854461,0.0048,50.6462441314554,0.03606572769953051,52.112676056338024
volume_adi,P80_short,fwd_2d,short,213,111781,-0.0015056338028169014,0.0069,50.88427230046948,0.08076995305164318,52.58215962441315
volume_adi,P80_short,fwd_3d,short,213,111781,0.007412676056338028,0.0128,50.98150234741784,0.16773708920187794,52.58215962441315
volume_adi,P80_short,fwd_5d,short,213,111781,0.03527887323943662,0.0304,51.281924882629106,0.32540845070422536,55.39906103286385
volume_adi,P90_short,fwd_1d,short,213,55895,-0.025180281690140843,-0.014,50.126666666666665,-0.07812206572769953,45.07042253521127
volume_adi,P90_short,fwd_2d,short,213,55895,-0.03559389671361502,-0.0112,50.304413145539904,-0.03938497652582159,46.948356807511736
volume_adi,P90_short,fwd_3d,short,213,55895,-0.04435305164319249,-0.0232,50.31427230046948,0.0043943661971831026,46.478873239436616
volume_adi,P90_short,fwd_5d,short,213,55895,-0.04145915492957746,-0.0029,50.453943661971834,0.10826760563380283,48.82629107981221
volume_cmf,P10_long,fwd_1d,long,213,55895,0.1531788732394366,0.1419,53.2450234741784,1.2297605633802817,88.73239436619718
volume_cmf,P10_long,fwd_2d,long,213,55895,0.2706901408450704,0.263,54.51643192488263,1.5985539906103288,90.61032863849765
volume_cmf,P10_long,fwd_3d,long,213,55895,0.39400985915492953,0.3634,55.35413145539906,1.8909530516431925,88.73239436619718
volume_cmf,P10_long,fwd_5d,long,213,55895,0.6041704225352112,0.5553,56.640845070422536,2.386549295774648,87.32394366197182
volume_cmf,P20_long,fwd_1d,long,213,111781,0.13146666666666668,0.1261,53.17422535211268,1.5128262910798123,95.30516431924883
volume_cmf,P20_long,fwd_2d,long,213,111781,0.23687370892018778,0.2177,54.36774647887324,1.942586854460094,92.95774647887323
volume_cmf,P20_long,fwd_3d,long,213,111781,0.3564079812206573,0.3005,55.20258215962441,2.3651079812206572,92.48826291079813
volume_cmf,P20_long,fwd_5d,long,213,111781,0.5624737089201878,0.4655,56.40267605633803,2.952633802816901,91.07981220657277
volume_cmf,P80_short,fwd_1d,short,213,111781,0.041475586854460095,0.0365,51.414507042253526,0.5131549295774648,74.64788732394366
volume_cmf,P80_short,fwd_2d,short,213,111781,0.0913150234741784,0.0791,52.64638497652582,0.8487089201877934,76.99530516431925
volume_cmf,P80_short,fwd_3d,short,213,111781,0.1430586854460094,0.1315,53.21868544600939,1.0906338028169014,76.99530516431925
volume_cmf,P80_short,fwd_5d,short,213,111781,0.2698244131455399,0.2361,54.34582159624413,1.5627230046948357,81.2206572769953
volume_cmf,P90_short,fwd_1d,short,213,55895,0.04542816901408451,0.0284,51.0775117370892,0.34294366197183096,63.38028169014085
volume_cmf,P90_short,fwd_2d,short,213,55895,0.1072868544600939,0.077,52.53347417840375,0.6627699530516431,69.01408450704226
volume_cmf,P90_short,fwd_3d,short,213,55895,0.1703868544600939,0.1463,53.25258215962441,0.890281690140845,74.17840375586854
volume_cmf,P90_short,fwd_5d,short,213,55895,0.3177727699530516,0.2595,54.53690140845071,1.298004694835681,77.46478873239437
volume_em,P10_long,fwd_1d,long,213,55895,0.06670422535211268,0.0719,51.792910798122065,0.5245446009389672,71.36150234741784
volume_em,P10_long,fwd_2d,long,213,55895,0.03800798122065728,0.0532,52.11774647887324,0.3295868544600939,59.624413145539904
volume_em,P10_long,fwd_3d,long,213,55895,0.14765868544600938,0.1499,52.893239436619716,0.6970516431924884,75.5868544600939
volume_em,P10_long,fwd_5d,long,213,55895,0.31077230046948356,0.3215,53.36488262910798,1.0554600938967136,82.15962441314554
volume_em,P20_long,fwd_1d,long,213,111781,0.04614507042253522,0.0445,51.994131455399064,0.5637417840375587,70.89201877934272
volume_em,P20_long,fwd_2d,long,213,111781,0.06936384976525821,0.0644,52.46389671361502,0.6013380281690142,72.30046948356808
volume_em,P20_long,fwd_3d,long,213,111781,0.17029201877934272,0.1599,53.130187793427226,1.0709154929577465,84.50704225352112
volume_em,P20_long,fwd_5d,long,213,111781,0.34039530516431926,0.3446,53.97788732394367,1.6186854460093898,91.54929577464789
volume_em,P80_short,fwd_1d,short,213,111781,0.03361971830985915,0.0177,50.87197183098591,0.31535211267605634,63.38028169014085
volume_em,P80_short,fwd_2d,short,213,111781,0.09284741784037558,0.0811,52.192723004694834,0.7643051643192488,77.93427230046949
volume_em,P80_short,fwd_3d,short,213,111781,0.10073568075117371,0.088,52.40957746478873,0.7017887323943661,77.46478873239437
volume_em,P80_short,fwd_5d,short,213,111781,0.1697413145539906,0.1581,53.27995305164319,0.9522018779342722,81.2206572769953
volume_em,P90_short,fwd_1d,short,213,55895,0.01571643192488263,0.0113,50.15948356807512,0.058225352112676064,53.051643192488264
volume_em,P90_short,fwd_2d,short,213,55895,0.06576572769953051,0.0684,51.638262910798126,0.3835211267605634,68.54460093896714
volume_em,P90_short,fwd_3d,short,213,55895,0.04475164319248826,0.054,51.70816901408451,0.27103286384976527,60.56338028169014
volume_em,P90_short,fwd_5d,short,213,55895,0.061361032863849765,0.0642,52.472394366197186,0.3337746478873239,58.68544600938967
volume_fi,P10_long,fwd_1d,long,213,55895,0.1222319248826291,0.1151,52.68328638497652,0.7182112676056339,80.28169014084507
volume_fi,P10_long,fwd_2d,long,213,55895,0.22648732394366197,0.2202,53.943474178403754,1.0065023474178403,79.81220657276995
volume_fi,P10_long,fwd_3d,long,213,55895,0.37280046948356804,0.3357,54.31403755868544,1.2850704225352112,85.44600938967136
volume_fi,P10_long,fwd_5d,long,213,55895,0.5911507042253521,0.5331,55.64892018779342,1.6410798122065728,87.79342723004694
volume_fi,P20_long,fwd_1d,long,213,111781,0.0969469483568075,0.0928,52.830140845070424,0.9149718309859155,88.73239436619718
volume_fi,P20_long,fwd_2d,long,213,111781,0.19078215962441314,0.1931,53.75150234741784,1.3485399061032863,90.14084507042254
volume_fi,P20_long,fwd_3d,long,213,111781,0.3125915492957746,0.3071,54.36741784037559,1.7577230046948356,93.42723004694837
volume_fi,P20_long,fwd_5d,long,213,111781,0.5232877934272301,0.5102,55.72338028169014,2.351924882629108,92.48826291079813
volume_fi,P80_short,fwd_1d,short,213,111781,0.048467136150234735,0.0242,50.791361502347414,0.4299483568075117,66.19718309859155
volume_fi,P80_short,fwd_2d,short,213,111781,0.09590985915492957,0.0626,51.852488262910796,0.635169014084507,65.25821596244131
volume_fi,P80_short,fwd_3d,short,213,111781,0.14084084507042252,0.0992,52.48676056338028,0.8126572769953052,68.54460093896714
volume_fi,P80_short,fwd_5d,short,213,111781,0.25148591549295773,0.1893,53.46131455399061,1.2481737089201876,73.70892018779342
volume_fi,P90_short,fwd_1d,short,213,55895,0.028723474178403756,0.0178,50.08079812206572,0.09027699530516431,54.460093896713616
volume_fi,P90_short,fwd_2d,short,213,55895,0.06790610328638498,0.0342,51.14258215962442,0.18997652582159627,54.460093896713616
volume_fi,P90_short,fwd_3d,short,213,55895,0.11021596244131455,0.0558,51.816948356807515,0.31464788732394366,56.8075117370892
volume_fi,P90_short,fwd_5d,short,213,55895,0.24047793427230046,0.1604,53.331032863849764,0.7285023474178404,64.7887323943662
volume_mfi,P10_long,fwd_1d,long,213,55895,0.10928779342723005,0.1039,53.221455399061036,0.8690046948356808,78.40375586854461
volume_mfi,P10_long,fwd_2d,long,213,55895,0.2138173708920188,0.2371,54.594319248826295,1.2366901408450706,78.87323943661971
volume_mfi,P10_long,fwd_3d,long,213,55895,0.3368281690140845,0.3486,55.667793427230045,1.5027089201877935,83.09859154929578
volume_mfi,P10_long,fwd_5d,long,213,55895,0.4975943661971831,0.4377,57.02643192488262,1.757183098591549,81.2206572769953
volume_mfi,P20_long,fwd_1d,long,213,111781,0.09672535211267605,0.097,52.96516431924883,1.036962441314554,86.3849765258216
volume_mfi,P20_long,fwd_2d,long,213,111781,0.19750845070422535,0.1911,54.135821596244135,1.5287981220657278,87.32394366197182
volume_mfi,P20_long,fwd_3d,long,213,111781,0.3019704225352113,0.2771,55.00704225352113,1.8521971830985915,89.2018779342723
volume_mfi,P20_long,fwd_5d,long,213,111781,0.47060422535211266,0.4252,56.16201877934272,2.24612676056338,88.73239436619718
volume_mfi,P80_short,fwd_1d,short,213,111781,0.05570704225352113,0.0336,51.23319248826291,0.5481455399061033,73.70892018779342
volume_mfi,P80_short,fwd_2d,short,213,111781,0.10185446009389672,0.049,52.07971830985915,0.7142910798122066,73.23943661971832
volume_mfi,P80_short,fwd_3d,short,213,111781,0.1525849765258216,0.0912,52.692159624413144,0.8920751173708921,71.36150234741784
volume_mfi,P80_short,fwd_5d,short,213,111781,0.2849507042253521,0.1736,53.97953051643192,1.300455399061033,76.05633802816901
volume_mfi,P90_short,fwd_1d,short,213,55895,0.04445633802816902,0.0273,51.1337558685446,0.2933615023474178,63.38028169014085
volume_mfi,P90_short,fwd_2d,short,213,55895,0.08927840375586855,0.0475,51.86450704225352,0.4209154929577465,62.441314553990615
volume_mfi,P90_short,fwd_3d,short,213,55895,0.13591032863849767,0.0632,52.53568075117371,0.5324929577464789,63.84976525821596
volume_mfi,P90_short,fwd_5d,short,213,55895,0.2593483568075117,0.1289,53.59361502347418,0.7700798122065727,64.7887323943662
volume_nvi,P10_long,fwd_1d,long,213,55736,0.1421206572769953,0.1042,53.918497652582154,1.2166572769953052,91.07981220657277
volume_nvi,P10_long,fwd_2d,long,213,55736,0.27595492957746476,0.2008,55.50802816901408,1.6853661971830987,92.01877934272301
volume_nvi,P10_long,fwd_3d,long,213,55736,0.41425539906103287,0.303,56.47244131455399,2.0612159624413144,91.54929577464789
volume_nvi,P10_long,fwd_5d,long,213,55736,0.6932009389671362,0.4865,57.530375586854454,2.644023474178404,92.01877934272301
volume_nvi,P20_long,fwd_1d,long,213,111627,0.10672488262910797,0.0788,52.70333333333333,1.1756901408450704,92.48826291079813
volume_nvi,P20_long,fwd_2d,long,213,111627,0.2083737089201878,0.1508,54.074553990610326,1.631037558685446,92.48826291079813
volume_nvi,P20_long,fwd_3d,long,213,111627,0.31118920187793425,0.2222,54.80140845070423,2.0006901408450704,91.54929577464789
volume_nvi,P20_long,fwd_5d,long,213,111627,0.5095967136150235,0.3592,55.73915492957747,2.5717887323943662,91.07981220657277
volume_nvi,P80_short,fwd_1d,short,213,111602,0.02344413145539906,0.0166,50.666478873239434,0.2781643192488263,60.56338028169014
volume_nvi,P80_short,fwd_2d,short,213,111602,0.0485868544600939,0.0346,51.20234741784038,0.40489671361502344,60.093896713615024
volume_nvi,P80_short,fwd_3d,short,213,111602,0.0765737089201878,0.0466,51.44018779342723,0.5197840375586854,61.03286384976526
volume_nvi,P80_short,fwd_5d,short,213,111602,0.12795211267605636,0.095,51.780798122065725,0.6937042253521127,60.56338028169014
volume_nvi,P90_short,fwd_1d,short,213,55743,0.01817605633802817,0.0127,50.53488262910798,0.14503755868544602,53.051643192488264
volume_nvi,P90_short,fwd_2d,short,213,55743,0.040620187793427236,0.011,50.810234741784036,0.20511737089201876,51.64319248826291
volume_nvi,P90_short,fwd_3d,short,213,55743,0.06521830985915493,0.0108,50.968262910798124,0.2664976525821596,51.173708920187785
volume_nvi,P90_short,fwd_5d,short,213,55743,0.11680938967136151,0.0245,51.08046948356807,0.39600938967136157,52.112676056338024
volume_obv,P10_long,fwd_1d,long,213,55895,0.19739107981220658,0.1534,55.32610328638497,1.6499342723004693,98.12206572769952
volume_obv,P10_long,fwd_2d,long,213,55895,0.3916877934272301,0.3097,56.637276995305164,2.301394366197183,98.12206572769952
volume_obv,P10_long,fwd_3d,long,213,55895,0.588793896713615,0.4533,57.87713615023474,2.817901408450704,98.12206572769952
volume_obv,P10_long,fwd_5d,long,213,55895,0.9528323943661973,0.739,59.8093896713615,3.596164319248826,97.1830985915493
volume_obv,P20_long,fwd_1d,long,213,111781,0.14121596244131457,0.1081,53.79600938967136,1.6317605633802816,99.06103286384976
volume_obv,P20_long,fwd_2d,long,213,111781,0.28457464788732395,0.2231,55.09323943661972,2.302755868544601,99.06103286384976
volume_obv,P20_long,fwd_3d,long,213,111781,0.4264413145539906,0.3298,56.06539906103286,2.8243990610328638,99.06103286384976
volume_obv,P20_long,fwd_5d,long,213,111781,0.6972342723004694,0.5438,57.495070422535214,3.632300469483568,99.06103286384976
volume_obv,P80_short,fwd_1d,short,213,111781,-0.03140281690140845,-0.0164,49.69985915492958,-0.32678403755868546,37.558685446009385
volume_obv,P80_short,fwd_2d,short,213,111781,-0.053200469483568075,-0.0365,50.37962441314554,-0.4130093896713615,38.967136150234744
volume_obv,P80_short,fwd_3d,short,213,111781,-0.07887840375586855,-0.0491,50.423192488262906,-0.47990140845070417,38.028169014084504
volume_obv,P80_short,fwd_5d,short,213,111781,-0.11313192488262912,-0.0719,50.42065727699531,-0.5283755868544601,39.906103286384976
volume_obv,P90_short,fwd_1d,short,213,55895,-0.05676056338028169,-0.0459,48.637276995305164,-0.5005962441314554,30.985915492957744
volume_obv,P90_short,fwd_2d,short,213,55895,-0.11123427230046949,-0.0918,49.39258215962442,-0.6711032863849765,28.638497652582164
volume_obv,P90_short,fwd_3d,short,213,55895,-0.15850328638497654,-0.1374,49.11971830985915,-0.7707417840375587,29.577464788732392
volume_obv,P90_short,fwd_5d,short,213,55895,-0.2428981220657277,-0.1906,48.73281690140845,-0.9101455399061033,30.985915492957744
volume_sma_em,P10_long,fwd_1d,long,213,55895,0.05749107981220657,0.0745,52.22056338028169,0.45372769953051645,71.36150234741784
volume_sma_em,P10_long,fwd_2d,long,213,55895,0.12235023474178404,0.1551,53.49333333333333,0.6871877934272301,73.23943661971832
volume_sma_em,P10_long,fwd_3d,long,213,55895,0.2097793427230047,0.2373,53.87361502347418,0.8931971830985915,77.46478873239437
volume_sma_em,P10_long,fwd_5d,long,213,55895,0.30388732394366197,0.345,54.703568075117374,1.07237558685446,76.05633802816901
volume_sma_em,P20_long,fwd_1d,long,213,111781,0.06904976525821596,0.0684,52.50295774647887,0.7041361502347417,80.28169014084507
volume_sma_em,P20_long,fwd_2d,long,213,111781,0.1435267605633803,0.141,53.48826291079812,1.0825023474178403,81.69014084507043
volume_sma_em,P20_long,fwd_3d,long,213,111781,0.2330962441314554,0.2103,54.00821596244131,1.383718309859155,85.91549295774648
volume_sma_em,P20_long,fwd_5d,long,213,111781,0.35058356807511737,0.3397,54.933849765258216,1.7270093896713616,85.91549295774648
volume_sma_em,P80_short,fwd_1d,short,213,111781,0.03836056338028169,0.0282,51.15591549295774,0.4418779342723005,70.89201877934272
volume_sma_em,P80_short,fwd_2d,short,213,111781,0.07774788732394365,0.0616,51.99403755868544,0.6522253521126761,72.76995305164318
volume_sma_em,P80_short,fwd_3d,short,213,111781,0.1076737089201878,0.0866,52.44896713615023,0.7515399061032864,70.89201877934272
volume_sma_em,P80_short,fwd_5d,short,213,111781,0.17289061032863848,0.1208,52.92211267605634,0.9039718309859155,71.83098591549296
volume_sma_em,P90_short,fwd_1d,short,213,55895,0.019529107981220657,0.0157,50.55995305164319,0.20108450704225353,56.33802816901409
volume_sma_em,P90_short,fwd_2d,short,213,55895,0.03818450704225352,0.0171,51.329953051643194,0.25355399061032863,54.929577464788736
volume_sma_em,P90_short,fwd_3d,short,213,55895,0.04307887323943662,0.0199,51.620516431924884,0.2558967136150235,54.929577464788736
volume_sma_em,P90_short,fwd_5d,short,213,55895,0.06904366197183098,0.0299,51.96037558685446,0.2226901408450704,52.58215962441315
volume_vpt,P10_long,fwd_1d,long,213,55892,0.25717605633802815,0.2168,53.1687323943662,1.586169014084507,96.24413145539906
volume_vpt,P10_long,fwd_2d,long,213,55892,0.48397464788732397,0.4162,54.949295774647894,2.1961971830985916,96.71361502347418
volume_vpt,P10_long,fwd_3d,long,213,55892,0.7277342723004694,0.6316,56.40507042253522,2.688328638497653,96.71361502347418
volume_vpt,P10_long,fwd_5d,long,213,55892,1.1775037558685446,1.0032,58.655164319248826,3.4851830985915497,96.24413145539906
volume_vpt,P20_long,fwd_1d,long,213,111779,0.18036572769953052,0.1522,52.5318309859155,1.7136478873239436,97.1830985915493
volume_vpt,P20_long,fwd_2d,long,213,111779,0.34736901408450704,0.2967,54.163521126760564,2.4044272300469487,96.24413145539906
volume_vpt,P20_long,fwd_3d,long,213,111779,0.5230591549295774,0.4444,55.271220657277,2.9400798122065726,96.71361502347418
volume_vpt,P20_long,fwd_5d,long,213,111779,0.8468934272300469,0.7224,56.92215962441315,3.7896854460093894,96.71361502347418
volume_vpt,P80_short,fwd_1d,short,213,111779,-0.02377793427230047,-0.0127,51.08732394366197,-0.20535211267605635,40.845070422535215
volume_vpt,P80_short,fwd_2d,short,213,111779,-0.03978873239436619,-0.0148,51.66253521126761,-0.23906103286384975,43.66197183098591
volume_vpt,P80_short,fwd_3d,short,213,111779,-0.05456854460093897,-0.0244,51.61093896713615,-0.2673333333333333,42.72300469483568
volume_vpt,P80_short,fwd_5d,short,213,111779,-0.07569906103286385,-0.0351,51.599248826291074,-0.28349295774647887,42.72300469483568
volume_vpt,P90_short,fwd_1d,short,213,55895,-0.07480985915492958,-0.0555,50.38718309859155,-0.5800798122065728,20.187793427230048
volume_vpt,P90_short,fwd_2d,short,213,55895,-0.1403488262910798,-0.106,50.64136150234742,-0.778924882629108,23.474178403755868
volume_vpt,P90_short,fwd_3d,short,213,55895,-0.19364553990610328,-0.1559,50.25699530516432,-0.8959906103286385,23.004694835680752
volume_vpt,P90_short,fwd_5d,short,213,55895,-0.29755774647887323,-0.2554,49.576431924882634,-1.1034600938967136,25.352112676056336
volume_vwap,P10_long,fwd_1d,long,213,55895,0.2648075117370892,0.1977,54.11765258215962,1.8156478873239437,100.0
volume_vwap,P10_long,fwd_2d,long,213,55895,0.5211774647887324,0.3726,56.7956338028169,2.569849765258216,100.0
volume_vwap,P10_long,fwd_3d,long,213,55895,0.7750328638497652,0.5506,58.26657276995306,3.142765258215962,100.0
volume_vwap,P10_long,fwd_5d,long,213,55895,1.2744877934272298,0.8994,60.515539906103285,4.068868544600939,100.0
volume_vwap,P20_long,fwd_1d,long,213,111781,0.18216056338028166,0.1404,53.107840375586854,1.830962441314554,100.0
volume_vwap,P20_long,fwd_2d,long,213,111781,0.3633924882629108,0.279,55.18652582159624,2.6106901408450702,100.0
volume_vwap,P20_long,fwd_3d,long,213,111781,0.545987323943662,0.4176,56.41553990610329,3.2015633802816903,100.0
volume_vwap,P20_long,fwd_5d,long,213,111781,0.9026835680751174,0.6832,58.13995305164319,4.1534319248826295,100.0
volume_vwap,P80_short,fwd_1d,short,213,111781,-0.026909389671361503,-0.0306,50.64859154929577,-0.30230516431924886,29.577464788732392
volume_vwap,P80_short,fwd_2d,short,213,111781,-0.05253849765258216,-0.0603,50.7943661971831,-0.41192018779342726,27.230046948356808
volume_vwap,P80_short,fwd_3d,short,213,111781,-0.07710375586854461,-0.0902,50.60549295774648,-0.4849154929577465,29.107981220657276
volume_vwap,P80_short,fwd_5d,short,213,111781,-0.13400140845070424,-0.1599,50.169154929577466,-0.6074647887323943,30.046948356807512
volume_vwap,P90_short,fwd_1d,short,213,55895,-0.07755023474178403,-0.0789,49.68948356807512,-0.5965633802816901,24.413145539906104
volume_vwap,P90_short,fwd_2d,short,213,55895,-0.15718779342723005,-0.1586,49.629483568075116,-0.8332394366197182,23.474178403755868
volume_vwap,P90_short,fwd_3d,short,213,55895,-0.2325638497652582,-0.2385,49.10643192488263,-0.998262910798122,23.004694835680752
volume_vwap,P90_short,fwd_5d,short,213,55895,-0.3789488262910798,-0.3913,47.98046948356808,-1.223431924882629,23.474178403755868
