ticker,n_bets,win_rate,avg_win_pct,avg_loss_pct,ev_pct,total_pnl_pct,profit_factor,bets_per_day,setup,barriers
AAPL,537,27.4,3.568,-142.648,-102.623,-55108.41,0.01,0.213,RSI3_25_75,1.5:1/5d
MSFT,477,33.8,4.269,-4.907,-1.81,-863.41,0.44,0.19,RSI3_25_75,1.5:1/5d
AMZN,526,27.6,3.469,-1192.538,-862.84,-453854.08,0.0,0.209,RSI3_25_75,1.5:1/5d
GOOGL,527,27.5,3.42,-1202.211,-870.491,-458748.63,0.0,0.209,RSI3_25_75,1.5:1/5d
META,472,43.9,3.789,-2.84,0.067,31.86,1.04,0.187,RSI3_25_75,1.5:1/5d
NVDA,573,21.5,5.734,-2124.687,-1667.372,-955403.88,0.0,0.227,RSI3_25_75,1.5:1/5d
TSLA,557,27.5,20.345,-550.665,-393.817,-219356.05,0.01,0.221,RSI3_25_75,1.5:1/5d
AVGO,584,19.0,3.339,-824.676,-667.297,-389701.22,0.0,0.232,RSI3_25_75,1.5:1/5d
ORCL,482,30.9,3.412,-6.942,-3.741,-1803.12,0.22,0.192,RSI3_25_75,1.5:1/5d
ADBE,464,45.3,3.459,-2.414,0.244,113.18,1.18,0.184,RSI3_25_75,1.5:1/5d
JPM,472,31.1,3.855,-11.545,-6.749,-3185.31,0.15,0.188,RSI3_25_75,1.5:1/5d
BAC,472,28.6,4.389,-11.892,-7.236,-3415.23,0.15,0.188,RSI3_25_75,1.5:1/5d
WFC,467,28.7,5.681,-11.395,-6.495,-3033.21,0.2,0.186,RSI3_25_75,1.5:1/5d
GS,489,27.4,4.634,-11.584,-7.14,-3491.5,0.15,0.194,RSI3_25_75,1.5:1/5d
MS,480,29.2,4.998,-14.608,-8.889,-4266.92,0.14,0.191,RSI3_25_75,1.5:1/5d
C,479,24.4,5.306,-16.051,-10.834,-5189.63,0.11,0.19,RSI3_25_75,1.5:1/5d
BLK,482,28.0,3.764,-11.521,-7.24,-3489.79,0.13,0.191,RSI3_25_75,1.5:1/5d
SCHW,462,32.3,4.464,-6.972,-3.284,-1517.21,0.3,0.183,RSI3_25_75,1.5:1/5d
AXP,497,31.0,4.31,-6.44,-3.109,-1545.08,0.3,0.198,RSI3_25_75,1.5:1/5d
USB,477,27.5,4.187,-21.235,-14.253,-6798.7,0.07,0.189,RSI3_25_75,1.5:1/5d
UNH,463,33.5,3.876,-8.323,-4.239,-1962.6,0.23,0.184,RSI3_25_75,1.5:1/5d
JNJ,464,31.0,2.225,-12.376,-7.844,-3639.83,0.08,0.184,RSI3_25_75,1.5:1/5d
LLY,492,31.5,3.936,-5.968,-2.848,-1401.05,0.3,0.195,RSI3_25_75,1.5:1/5d
PFE,484,24.4,2.831,-26.311,-19.206,-9295.9,0.03,0.192,RSI3_25_75,1.5:1/5d
ABBV,511,25.2,3.043,-18.463,-13.034,-6660.17,0.06,0.203,RSI3_25_75,1.5:1/5d
MRK,494,28.3,2.769,-18.035,-12.139,-5996.78,0.06,0.196,RSI3_25_75,1.5:1/5d
TMO,487,39.8,3.312,-2.563,-0.223,-108.59,0.86,0.193,RSI3_25_75,1.5:1/5d
ABT,465,31.2,3.204,-8.567,-4.897,-2277.0,0.17,0.184,RSI3_25_75,1.5:1/5d
DHR,481,31.0,3.079,-12.644,-7.774,-3739.12,0.11,0.191,RSI3_25_75,1.5:1/5d
BMY,470,29.6,3.382,-18.312,-11.896,-5591.07,0.08,0.186,RSI3_25_75,1.5:1/5d
WMT,550,19.3,2.393,-165.88,-133.449,-73397.12,0.0,0.218,RSI3_25_75,1.5:1/5d
PG,470,27.9,2.248,-11.845,-7.917,-3721.03,0.07,0.186,RSI3_25_75,1.5:1/5d
KO,485,29.5,2.089,-14.826,-9.839,-4771.69,0.06,0.192,RSI3_25_75,1.5:1/5d
PEP,475,28.6,2.266,-15.39,-10.335,-4908.91,0.06,0.189,RSI3_25_75,1.5:1/5d
COST,526,24.1,3.058,-6.578,-4.252,-2236.3,0.15,0.208,RSI3_25_75,1.5:1/5d
HD,515,25.6,3.53,-12.285,-8.232,-4239.41,0.1,0.204,RSI3_25_75,1.5:1/5d
MCD,461,33.8,2.703,-10.604,-6.101,-2812.61,0.13,0.183,RSI3_25_75,1.5:1/5d
NKE,470,33.4,4.946,-7.858,-3.581,-1683.12,0.32,0.187,RSI3_25_75,1.5:1/5d
SBUX,477,30.4,4.121,-11.302,-6.614,-3154.82,0.16,0.189,RSI3_25_75,1.5:1/5d
TGT,512,21.9,4.101,-14.222,-10.214,-5229.56,0.08,0.203,RSI3_25_75,1.5:1/5d
CAT,494,28.5,4.866,-9.128,-5.133,-2535.94,0.21,0.196,RSI3_25_75,1.5:1/5d
GE,438,31.3,4.103,-31.343,-20.256,-8871.96,0.06,0.174,RSI3_25_75,1.5:1/5d
HON,496,27.8,3.967,-10.035,-6.139,-3044.98,0.15,0.197,RSI3_25_75,1.5:1/5d
UNP,448,32.4,3.392,-10.577,-6.056,-2712.91,0.15,0.178,RSI3_25_75,1.5:1/5d
BA,482,39.6,4.317,-3.354,-0.314,-151.58,0.84,0.191,RSI3_25_75,1.5:1/5d
RTX,486,29.2,3.711,-35.455,-24.012,-11669.66,0.04,0.193,RSI3_25_75,1.5:1/5d
DE,489,30.9,4.634,-7.283,-3.603,-1761.86,0.28,0.194,RSI3_25_75,1.5:1/5d
LMT,503,27.4,3.067,-13.084,-8.653,-4352.33,0.09,0.2,RSI3_25_75,1.5:1/5d
MMM,496,26.8,2.929,-33.344,-23.617,-11714.09,0.03,0.197,RSI3_25_75,1.5:1/5d
FDX,481,30.8,6.035,-9.513,-4.729,-2274.76,0.28,0.191,RSI3_25_75,1.5:1/5d
XOM,476,27.5,4.362,-19.288,-12.779,-6082.94,0.09,0.188,RSI3_25_75,1.5:1/5d
CVX,490,27.8,3.612,-20.497,-13.805,-6764.61,0.07,0.194,RSI3_25_75,1.5:1/5d
COP,497,26.8,5.1,-16.41,-10.654,-5294.99,0.11,0.197,RSI3_25_75,1.5:1/5d
SLB,473,29.0,6.489,-12.382,-6.916,-3271.3,0.21,0.187,RSI3_25_75,1.5:1/5d
EOG,507,25.2,5.88,-19.495,-13.088,-6635.78,0.1,0.201,RSI3_25_75,1.5:1/5d
MPC,507,25.0,5.471,-13.497,-8.746,-4434.15,0.14,0.201,RSI3_25_75,1.5:1/5d
VLO,519,23.9,6.398,-17.913,-12.105,-6282.3,0.11,0.206,RSI3_25_75,1.5:1/5d
PSX,526,24.7,4.419,-18.686,-12.976,-6825.35,0.08,0.208,RSI3_25_75,1.5:1/5d
OXY,473,32.6,5.822,-9.555,-4.548,-2151.37,0.29,0.187,RSI3_25_75,1.5:1/5d
HAL,481,28.1,6.708,-10.575,-5.724,-2753.32,0.25,0.19,RSI3_25_75,1.5:1/5d
NFLX,562,18.5,5.607,-713.383,-580.332,-326146.35,0.0,0.223,RSI3_25_75,1.5:1/5d
DIS,452,36.7,3.667,-3.48,-0.855,-386.47,0.61,0.18,RSI3_25_75,1.5:1/5d
CMCSA,469,30.1,3.753,-19.725,-12.667,-5940.76,0.08,0.186,RSI3_25_75,1.5:1/5d
T,485,28.2,3.227,-59.688,-41.916,-20329.18,0.02,0.192,RSI3_25_75,1.5:1/5d
VZ,484,27.9,2.341,-26.623,-18.544,-8975.32,0.03,0.192,RSI3_25_75,1.5:1/5d
TMUS,466,34.8,3.858,-4.393,-1.525,-710.53,0.47,0.185,RSI3_25_75,1.5:1/5d
CHTR,461,41.4,3.026,-2.418,-0.163,-75.0,0.89,0.183,RSI3_25_75,1.5:1/5d
EA,469,37.5,3.764,-3.26,-0.624,-292.78,0.69,0.186,RSI3_25_75,1.5:1/5d
ATVI,370,41.4,3.465,-3.286,-0.495,-183.02,0.74,0.179,RSI3_25_75,1.5:1/5d
WBD,467,45.4,4.803,-3.766,0.124,57.78,1.06,0.185,RSI3_25_75,1.5:1/5d
LIN,460,31.5,3.654,-6.815,-3.515,-1616.92,0.25,0.183,RSI3_25_75,1.5:1/5d
APD,505,25.7,3.704,-11.529,-7.607,-3841.73,0.11,0.2,RSI3_25_75,1.5:1/5d
SHW,515,26.6,3.729,-101.91,-73.808,-38011.18,0.01,0.204,RSI3_25_75,1.5:1/5d
ECL,453,32.2,3.884,-5.455,-2.445,-1107.67,0.34,0.18,RSI3_25_75,1.5:1/5d
DD,519,20.0,4.964,-117.174,-92.699,-48111.01,0.01,0.206,RSI3_25_75,1.5:1/5d
NEM,480,29.4,5.647,-13.206,-7.668,-3680.61,0.18,0.191,RSI3_25_75,1.5:1/5d
FCX,467,34.9,7.228,-7.462,-2.335,-1090.27,0.52,0.185,RSI3_25_75,1.5:1/5d
NUE,490,27.3,5.368,-9.174,-5.197,-2546.64,0.22,0.194,RSI3_25_75,1.5:1/5d
DOW,388,29.4,4.458,-23.737,-15.453,-5995.64,0.08,0.187,RSI3_25_75,1.5:1/5d
CF,463,28.3,6.16,-11.479,-6.488,-3004.11,0.21,0.184,RSI3_25_75,1.5:1/5d
SPY,475,26.7,2.814,-7.07,-4.428,-2103.13,0.15,0.189,RSI3_25_75,1.5:1/5d
QQQ,475,31.8,3.087,-3.676,-1.526,-724.78,0.39,0.188,RSI3_25_75,1.5:1/5d
IWM,446,33.9,3.622,-6.419,-3.02,-1346.79,0.29,0.177,RSI3_25_75,1.5:1/5d
XLF,474,27.4,3.438,-8.485,-5.215,-2472.03,0.15,0.188,RSI3_25_75,1.5:1/5d
XLE,563,19.4,3.423,-118.34,-94.766,-53353.18,0.01,0.223,RSI3_25_75,1.5:1/5d
XLK,606,18.3,3.358,-94.81,-76.829,-46558.35,0.01,0.241,RSI3_25_75,1.5:1/5d
XLV,471,30.8,2.344,-7.967,-4.793,-2257.34,0.13,0.187,RSI3_25_75,1.5:1/5d
XLP,467,32.1,1.413,-13.014,-8.38,-3913.57,0.05,0.185,RSI3_25_75,1.5:1/5d
GLD,484,46.7,1.338,-0.959,0.114,54.98,1.22,0.192,RSI3_25_75,1.5:1/5d
TLT,440,31.8,1.929,-14.214,-9.077,-3994.04,0.06,0.174,RSI3_25_75,1.5:1/5d
AMD,478,42.5,5.386,-3.933,0.025,11.71,1.01,0.19,RSI3_25_75,1.5:1/5d
INTC,461,33.2,4.603,-9.671,-4.933,-2274.21,0.24,0.183,RSI3_25_75,1.5:1/5d
CRM,478,38.3,3.712,-2.911,-0.376,-179.5,0.79,0.19,RSI3_25_75,1.5:1/5d
PYPL,462,44.2,3.935,-3.041,0.039,18.22,1.02,0.183,RSI3_25_75,1.5:1/5d
SQ,472,43.9,6.137,-4.443,0.197,92.83,1.08,0.188,RSI3_25_75,1.5:1/5d
SHOP,525,28.0,6.826,-556.813,-398.994,-209472.06,0.0,0.209,RSI3_25_75,1.5:1/5d
UBER,388,42.3,5.066,-3.87,-0.093,-36.02,0.96,0.192,RSI3_25_75,1.5:1/5d
ABNB,256,46.5,4.709,-3.688,0.215,55.01,1.11,0.177,RSI3_25_75,1.5:1/5d
COIN,243,39.5,8.875,-6.577,-0.473,-114.82,0.88,0.184,RSI3_25_75,1.5:1/5d
SNAP,466,43.8,6.131,-4.576,0.111,51.79,1.04,0.185,RSI3_25_75,1.5:1/5d
AAPL,517,28.2,3.591,-149.838,-106.51,-55065.55,0.01,0.205,RSI3_25_75,2:1/5d
MSFT,445,32.8,3.515,-4.864,-2.115,-941.15,0.35,0.177,RSI3_25_75,2:1/5d
AMZN,515,25.4,3.435,-1183.229,-881.379,-453909.99,0.0,0.204,RSI3_25_75,2:1/5d
GOOGL,521,26.5,3.527,-1199.081,-880.54,-458761.38,0.0,0.207,RSI3_25_75,2:1/5d
META,442,42.8,3.989,-2.811,0.097,42.86,1.06,0.175,RSI3_25_75,2:1/5d
NVDA,571,21.4,5.865,-2129.412,-1673.188,-955390.57,0.0,0.226,RSI3_25_75,2:1/5d
TSLA,542,25.8,7.465,-553.355,-408.494,-221403.53,0.0,0.215,RSI3_25_75,2:1/5d
AVGO,583,18.9,3.41,-824.675,-668.433,-389696.16,0.0,0.232,RSI3_25_75,2:1/5d
ORCL,470,30.4,3.148,-6.933,-3.865,-1816.74,0.2,0.187,RSI3_25_75,2:1/5d
ADBE,432,44.4,3.673,-2.442,0.276,119.12,1.2,0.172,RSI3_25_75,2:1/5d
JPM,461,31.2,3.372,-11.632,-6.945,-3201.73,0.13,0.183,RSI3_25_75,2:1/5d
BAC,460,29.1,3.694,-11.937,-7.384,-3396.64,0.13,0.183,RSI3_25_75,2:1/5d
WFC,453,29.4,4.593,-11.424,-6.721,-3044.74,0.17,0.18,RSI3_25_75,2:1/5d
GS,481,28.1,3.899,-11.586,-7.24,-3482.39,0.13,0.191,RSI3_25_75,2:1/5d
MS,471,29.1,3.98,-14.55,-9.16,-4314.4,0.11,0.187,RSI3_25_75,2:1/5d
C,472,24.8,4.17,-16.031,-11.023,-5203.02,0.09,0.187,RSI3_25_75,2:1/5d
BLK,477,27.7,3.084,-11.484,-7.453,-3555.0,0.1,0.189,RSI3_25_75,2:1/5d
SCHW,444,32.2,3.973,-6.879,-3.384,-1502.61,0.27,0.176,RSI3_25_75,2:1/5d
AXP,475,31.6,4.164,-6.431,-3.085,-1465.3,0.3,0.189,RSI3_25_75,2:1/5d
USB,474,27.4,3.507,-21.211,-14.432,-6840.76,0.06,0.188,RSI3_25_75,2:1/5d
UNH,449,34.1,3.366,-8.257,-4.297,-1929.13,0.21,0.179,RSI3_25_75,2:1/5d
JNJ,460,31.5,2.202,-12.471,-7.845,-3608.93,0.08,0.182,RSI3_25_75,2:1/5d
LLY,481,29.9,3.559,-5.875,-3.051,-1467.33,0.26,0.19,RSI3_25_75,2:1/5d
PFE,484,24.4,2.712,-26.311,-19.235,-9309.95,0.03,0.192,RSI3_25_75,2:1/5d
ABBV,510,24.9,2.828,-18.415,-13.125,-6693.92,0.05,0.202,RSI3_25_75,2:1/5d
MRK,494,28.3,2.661,-18.035,-12.17,-6011.92,0.06,0.196,RSI3_25_75,2:1/5d
TMO,450,38.2,3.49,-2.544,-0.237,-106.82,0.85,0.179,RSI3_25_75,2:1/5d
ABT,460,31.5,2.683,-8.602,-5.045,-2320.7,0.14,0.182,RSI3_25_75,2:1/5d
DHR,476,30.9,2.925,-12.697,-7.873,-3747.34,0.1,0.189,RSI3_25_75,2:1/5d
BMY,470,29.6,2.85,-18.312,-12.053,-5665.03,0.07,0.186,RSI3_25_75,2:1/5d
WMT,547,19.0,2.4,-166.241,-134.178,-73395.26,0.0,0.217,RSI3_25_75,2:1/5d
PG,469,27.5,1.879,-11.87,-8.088,-3793.33,0.06,0.186,RSI3_25_75,2:1/5d
KO,485,29.5,2.055,-14.826,-9.849,-4776.61,0.06,0.192,RSI3_25_75,2:1/5d
PEP,475,28.6,2.077,-15.39,-10.389,-4934.66,0.05,0.189,RSI3_25_75,2:1/5d
COST,516,24.0,2.694,-6.6,-4.367,-2253.27,0.13,0.204,RSI3_25_75,2:1/5d
HD,512,24.8,3.048,-12.216,-8.43,-4316.05,0.08,0.203,RSI3_25_75,2:1/5d
MCD,455,34.1,2.502,-10.654,-6.172,-2808.42,0.12,0.181,RSI3_25_75,2:1/5d
NKE,455,33.8,4.289,-7.811,-3.715,-1690.54,0.28,0.181,RSI3_25_75,2:1/5d
SBUX,471,29.5,3.307,-11.19,-6.912,-3255.46,0.12,0.187,RSI3_25_75,2:1/5d
TGT,510,21.8,3.747,-14.22,-10.309,-5257.81,0.07,0.202,RSI3_25_75,2:1/5d
CAT,480,28.3,3.671,-9.142,-5.512,-2645.58,0.16,0.19,RSI3_25_75,2:1/5d
GE,436,31.4,4.123,-31.532,-20.328,-8863.19,0.06,0.173,RSI3_25_75,2:1/5d
HON,484,27.9,3.109,-10.078,-6.4,-3097.58,0.12,0.192,RSI3_25_75,2:1/5d
UNP,443,32.7,2.84,-10.666,-6.245,-2766.74,0.13,0.176,RSI3_25_75,2:1/5d
BA,452,39.4,4.434,-3.365,-0.293,-132.65,0.86,0.179,RSI3_25_75,2:1/5d
RTX,483,28.8,3.384,-35.423,-24.255,-11715.14,0.04,0.192,RSI3_25_75,2:1/5d
DE,474,31.0,3.934,-7.255,-3.785,-1793.93,0.24,0.188,RSI3_25_75,2:1/5d
LMT,501,27.3,2.883,-13.101,-8.73,-4373.78,0.08,0.199,RSI3_25_75,2:1/5d
MMM,493,27.0,2.851,-33.588,-23.758,-11712.64,0.03,0.196,RSI3_25_75,2:1/5d
FDX,464,31.0,4.392,-9.559,-5.23,-2426.58,0.21,0.184,RSI3_25_75,2:1/5d
XOM,472,27.8,3.65,-19.307,-12.935,-6105.52,0.07,0.187,RSI3_25_75,2:1/5d
CVX,488,27.9,3.227,-20.571,-13.938,-6801.98,0.06,0.193,RSI3_25_75,2:1/5d
COP,494,26.9,4.303,-16.446,-10.86,-5364.67,0.1,0.196,RSI3_25_75,2:1/5d
SLB,459,29.6,5.274,-12.458,-7.204,-3306.79,0.18,0.182,RSI3_25_75,2:1/5d
EOG,504,25.0,4.891,-19.488,-13.394,-6750.35,0.08,0.2,RSI3_25_75,2:1/5d
MPC,496,24.0,4.678,-13.395,-9.059,-4493.1,0.11,0.196,RSI3_25_75,2:1/5d
VLO,507,23.5,5.24,-17.804,-12.395,-6284.48,0.09,0.201,RSI3_25_75,2:1/5d
PSX,524,24.8,3.984,-18.685,-13.061,-6843.9,0.07,0.207,RSI3_25_75,2:1/5d
OXY,459,31.8,5.375,-9.596,-4.834,-2218.76,0.26,0.182,RSI3_25_75,2:1/5d
HAL,460,28.9,5.737,-10.526,-5.824,-2678.94,0.22,0.182,RSI3_25_75,2:1/5d
NFLX,562,18.5,5.607,-713.383,-580.332,-326146.35,0.0,0.223,RSI3_25_75,2:1/5d
DIS,436,34.9,3.644,-3.403,-0.946,-412.39,0.57,0.173,RSI3_25_75,2:1/5d
CMCSA,467,29.8,3.312,-19.678,-12.835,-5993.97,0.07,0.185,RSI3_25_75,2:1/5d
T,481,28.5,2.911,-60.281,-42.282,-20337.78,0.02,0.191,RSI3_25_75,2:1/5d
VZ,483,28.0,2.272,-26.667,-18.578,-8973.34,0.03,0.192,RSI3_25_75,2:1/5d
TMUS,448,35.0,3.282,-4.324,-1.658,-742.93,0.41,0.178,RSI3_25_75,2:1/5d
CHTR,438,40.6,3.473,-2.389,-0.007,-2.85,1.0,0.174,RSI3_25_75,2:1/5d
EA,431,38.5,3.871,-3.208,-0.482,-207.68,0.76,0.171,RSI3_25_75,2:1/5d
ATVI,346,41.9,3.365,-3.3,-0.507,-175.31,0.74,0.167,RSI3_25_75,2:1/5d
WBD,437,44.9,5.204,-3.788,0.245,107.11,1.12,0.173,RSI3_25_75,2:1/5d
LIN,451,32.2,3.218,-6.804,-3.582,-1615.32,0.22,0.179,RSI3_25_75,2:1/5d
APD,503,26.0,3.171,-11.578,-7.737,-3891.64,0.1,0.2,RSI3_25_75,2:1/5d
SHW,500,26.0,3.604,-104.013,-76.032,-38016.09,0.01,0.198,RSI3_25_75,2:1/5d
ECL,434,31.3,3.284,-5.347,-2.643,-1146.89,0.28,0.172,RSI3_25_75,2:1/5d
DD,519,20.0,5.319,-117.174,-92.628,-48074.03,0.01,0.206,RSI3_25_75,2:1/5d
NEM,470,28.7,4.559,-13.144,-8.059,-3787.64,0.14,0.187,RSI3_25_75,2:1/5d
FCX,443,33.6,6.727,-7.354,-2.618,-1159.91,0.46,0.176,RSI3_25_75,2:1/5d
NUE,473,28.5,4.552,-9.221,-5.29,-2502.18,0.2,0.188,RSI3_25_75,2:1/5d
DOW,386,29.5,3.782,-23.668,-15.561,-6006.47,0.07,0.186,RSI3_25_75,2:1/5d
CF,450,29.3,5.675,-11.375,-6.374,-2868.31,0.21,0.179,RSI3_25_75,2:1/5d
SPY,459,26.8,2.172,-7.176,-4.671,-2143.99,0.11,0.182,RSI3_25_75,2:1/5d
QQQ,456,31.6,3.036,-3.69,-1.566,-714.18,0.38,0.181,RSI3_25_75,2:1/5d
IWM,427,33.5,3.041,-6.295,-3.168,-1352.88,0.24,0.169,RSI3_25_75,2:1/5d
XLF,464,27.8,2.842,-8.514,-5.357,-2485.53,0.13,0.184,RSI3_25_75,2:1/5d
XLE,563,19.4,3.423,-118.34,-94.766,-53353.18,0.01,0.223,RSI3_25_75,2:1/5d
XLK,606,18.3,3.358,-94.81,-76.829,-46558.35,0.01,0.241,RSI3_25_75,2:1/5d
XLV,469,30.9,1.913,-7.993,-4.93,-2312.35,0.11,0.186,RSI3_25_75,2:1/5d
XLP,467,32.1,1.413,-13.014,-8.38,-3913.57,0.05,0.185,RSI3_25_75,2:1/5d
GLD,448,43.3,1.455,-0.953,0.09,40.17,1.17,0.178,RSI3_25_75,2:1/5d
TLT,439,31.9,1.811,-14.224,-9.111,-3999.6,0.06,0.174,RSI3_25_75,2:1/5d
AMD,447,40.7,6.009,-3.875,0.149,66.79,1.07,0.178,RSI3_25_75,2:1/5d
INTC,448,32.4,4.022,-9.657,-5.23,-2342.89,0.2,0.178,RSI3_25_75,2:1/5d
CRM,450,37.1,3.941,-2.868,-0.341,-153.37,0.81,0.179,RSI3_25_75,2:1/5d
PYPL,429,42.7,4.238,-3.095,0.033,14.27,1.02,0.17,RSI3_25_75,2:1/5d
SQ,442,41.0,6.697,-4.34,0.18,79.45,1.07,0.176,RSI3_25_75,2:1/5d
SHOP,514,26.7,6.983,-558.25,-407.595,-209503.7,0.0,0.204,RSI3_25_75,2:1/5d
UBER,362,41.2,5.954,-3.819,0.204,73.75,1.09,0.179,RSI3_25_75,2:1/5d
ABNB,237,45.1,5.285,-3.677,0.369,87.44,1.18,0.164,RSI3_25_75,2:1/5d
COIN,229,39.7,9.671,-6.463,-0.052,-11.86,0.99,0.173,RSI3_25_75,2:1/5d
SNAP,436,42.2,7.032,-4.498,0.368,160.44,1.14,0.173,RSI3_25_75,2:1/5d
AAPL,710,36.5,59.28,-161.868,-81.196,-57649.01,0.21,0.282,RSI3_25_75,1:1/3d
MSFT,625,49.3,3.812,-4.814,-0.563,-351.95,0.77,0.248,RSI3_25_75,1:1/3d
AMZN,697,33.7,642.719,-1250.24,-612.011,-426571.99,0.26,0.276,RSI3_25_75,1:1/3d
GOOGL,730,32.7,719.153,-1295.762,-636.084,-464341.62,0.27,0.29,RSI3_25_75,1:1/3d
META,585,49.2,2.606,-2.567,-0.021,-12.0,0.98,0.232,RSI3_25_75,1:1/3d
NVDA,777,26.3,1443.698,-2098.438,-1168.456,-907890.66,0.24,0.308,RSI3_25_75,1:1/3d
TSLA,724,30.2,267.581,-586.572,-328.202,-237618.52,0.2,0.287,RSI3_25_75,1:1/3d
AVGO,781,26.5,606.344,-856.152,-468.525,-365918.05,0.26,0.31,RSI3_25_75,1:1/3d
ORCL,652,43.6,4.908,-6.6,-1.587,-1034.99,0.57,0.259,RSI3_25_75,1:1/3d
ADBE,573,51.8,2.185,-2.194,0.075,43.22,1.07,0.227,RSI3_25_75,1:1/3d
JPM,657,39.3,8.621,-11.379,-3.525,-2315.78,0.49,0.261,RSI3_25_75,1:1/3d
BAC,658,39.2,8.437,-11.146,-3.468,-2281.77,0.49,0.261,RSI3_25_75,1:1/3d
WFC,640,41.7,9.158,-11.1,-2.649,-1695.11,0.59,0.254,RSI3_25_75,1:1/3d
GS,671,39.0,7.99,-10.942,-3.55,-2381.9,0.47,0.266,RSI3_25_75,1:1/3d
MS,677,39.9,10.837,-13.869,-4.016,-2718.61,0.52,0.268,RSI3_25_75,1:1/3d
C,653,36.0,11.752,-14.768,-5.224,-3411.33,0.45,0.259,RSI3_25_75,1:1/3d
BLK,657,41.1,8.054,-11.144,-3.255,-2138.3,0.5,0.26,RSI3_25_75,1:1/3d
SCHW,626,45.5,5.827,-6.486,-0.88,-551.04,0.75,0.248,RSI3_25_75,1:1/3d
AXP,667,43.5,5.014,-6.164,-1.304,-869.86,0.63,0.265,RSI3_25_75,1:1/3d
USB,663,37.4,14.685,-20.652,-7.434,-4928.74,0.42,0.263,RSI3_25_75,1:1/3d
UNH,655,46.3,6.545,-8.42,-1.497,-980.64,0.67,0.259,RSI3_25_75,1:1/3d
JNJ,665,42.9,8.959,-12.298,-3.188,-2119.9,0.55,0.263,RSI3_25_75,1:1/3d
LLY,649,41.3,4.436,-5.715,-1.523,-988.63,0.55,0.257,RSI3_25_75,1:1/3d
PFE,656,34.3,17.646,-26.206,-11.165,-7324.18,0.35,0.26,RSI3_25_75,1:1/3d
ABBV,681,38.2,11.761,-18.502,-6.948,-4731.66,0.39,0.27,RSI3_25_75,1:1/3d
MRK,679,37.8,10.739,-17.713,-6.944,-4714.77,0.37,0.269,RSI3_25_75,1:1/3d
TMO,593,47.0,2.285,-2.354,-0.172,-101.81,0.86,0.236,RSI3_25_75,1:1/3d
ABT,645,43.7,6.198,-8.585,-2.122,-1368.44,0.56,0.255,RSI3_25_75,1:1/3d
DHR,667,39.1,8.69,-12.624,-4.284,-2857.24,0.44,0.264,RSI3_25_75,1:1/3d
BMY,662,40.0,12.356,-17.064,-5.287,-3499.77,0.48,0.262,RSI3_25_75,1:1/3d
WMT,727,28.3,107.452,-174.336,-94.49,-68694.16,0.24,0.288,RSI3_25_75,1:1/3d
PG,646,41.8,7.253,-11.272,-3.529,-2279.77,0.46,0.256,RSI3_25_75,1:1/3d
KO,669,39.8,9.84,-13.846,-4.428,-2962.54,0.47,0.265,RSI3_25_75,1:1/3d
PEP,660,40.0,9.756,-14.868,-5.019,-3312.28,0.44,0.262,RSI3_25_75,1:1/3d
COST,675,40.1,4.896,-6.612,-1.991,-1344.22,0.5,0.268,RSI3_25_75,1:1/3d
HD,697,36.7,8.708,-11.82,-4.281,-2983.57,0.43,0.276,RSI3_25_75,1:1/3d
MCD,649,42.5,7.457,-10.178,-2.678,-1738.23,0.54,0.257,RSI3_25_75,1:1/3d
NKE,662,45.2,6.348,-7.261,-1.114,-737.64,0.72,0.263,RSI3_25_75,1:1/3d
SBUX,659,41.0,7.68,-10.522,-3.064,-2019.44,0.51,0.261,RSI3_25_75,1:1/3d
TGT,672,35.3,9.207,-13.658,-5.594,-3759.24,0.37,0.266,RSI3_25_75,1:1/3d
CAT,669,40.8,7.06,-8.896,-2.385,-1595.31,0.55,0.265,RSI3_25_75,1:1/3d
GE,717,50.5,46.941,-34.205,6.764,4849.73,1.4,0.284,RSI3_25_75,1:1/3d
HON,675,40.9,7.039,-9.774,-2.899,-1956.9,0.5,0.267,RSI3_25_75,1:1/3d
UNP,650,44.5,8.07,-10.05,-1.994,-1296.08,0.64,0.258,RSI3_25_75,1:1/3d
BA,601,49.9,3.134,-3.162,-0.019,-11.48,0.99,0.238,RSI3_25_75,1:1/3d
RTX,693,37.8,17.653,-35.624,-15.482,-10728.69,0.3,0.274,RSI3_25_75,1:1/3d
DE,682,45.3,5.914,-6.948,-1.12,-764.08,0.71,0.27,RSI3_25_75,1:1/3d
LMT,666,37.4,8.735,-12.565,-4.601,-3064.55,0.42,0.264,RSI3_25_75,1:1/3d
MMM,688,35.6,22.058,-32.778,-13.251,-9116.4,0.37,0.272,RSI3_25_75,1:1/3d
FDX,664,44.6,7.015,-9.237,-1.992,-1322.83,0.61,0.264,RSI3_25_75,1:1/3d
XOM,657,40.3,12.615,-18.926,-6.204,-4075.97,0.45,0.26,RSI3_25_75,1:1/3d
CVX,685,39.9,14.031,-20.145,-6.525,-4469.44,0.46,0.271,RSI3_25_75,1:1/3d
COP,682,39.6,11.446,-15.847,-5.042,-3438.7,0.47,0.27,RSI3_25_75,1:1/3d
SLB,655,42.1,9.834,-11.275,-2.38,-1559.17,0.64,0.259,RSI3_25_75,1:1/3d
EOG,685,38.0,13.901,-19.407,-6.764,-4633.68,0.44,0.271,RSI3_25_75,1:1/3d
MPC,669,38.1,10.284,-13.64,-4.521,-3024.73,0.46,0.265,RSI3_25_75,1:1/3d
VLO,680,38.1,12.78,-18.023,-6.291,-4277.67,0.44,0.27,RSI3_25_75,1:1/3d
PSX,702,35.5,13.417,-18.189,-6.978,-4898.67,0.41,0.278,RSI3_25_75,1:1/3d
OXY,659,46.7,7.433,-9.362,-1.513,-996.83,0.7,0.261,RSI3_25_75,1:1/3d
HAL,658,42.7,8.315,-9.986,-2.171,-1428.36,0.62,0.26,RSI3_25_75,1:1/3d
NFLX,776,28.1,567.126,-757.101,-385.089,-298829.09,0.29,0.308,RSI3_25_75,1:1/3d
DIS,614,50.0,3.12,-3.239,-0.059,-36.4,0.96,0.244,RSI3_25_75,1:1/3d
CMCSA,643,38.9,13.649,-19.085,-6.358,-4088.3,0.45,0.255,RSI3_25_75,1:1/3d
T,648,32.9,31.99,-57.107,-27.821,-18027.75,0.27,0.257,RSI3_25_75,1:1/3d
VZ,679,36.4,19.589,-27.134,-10.137,-6883.32,0.41,0.269,RSI3_25_75,1:1/3d
TMUS,649,47.3,3.744,-4.023,-0.349,-226.59,0.84,0.257,RSI3_25_75,1:1/3d
CHTR,570,47.7,2.065,-2.191,-0.16,-91.25,0.86,0.227,RSI3_25_75,1:1/3d
EA,616,48.4,2.894,-3.081,-0.19,-117.1,0.88,0.244,RSI3_25_75,1:1/3d
ATVI,482,46.5,2.819,-2.9,-0.242,-116.76,0.84,0.232,RSI3_25_75,1:1/3d
WBD,574,51.4,3.442,-3.531,0.053,30.28,1.03,0.228,RSI3_25_75,1:1/3d
LIN,652,45.9,5.156,-6.917,-1.38,-899.76,0.63,0.258,RSI3_25_75,1:1/3d
APD,684,40.2,8.149,-11.089,-3.354,-2294.37,0.49,0.271,RSI3_25_75,1:1/3d
SHW,690,37.4,57.203,-112.719,-49.183,-33935.96,0.3,0.273,RSI3_25_75,1:1/3d
ECL,618,46.6,4.308,-5.316,-0.831,-513.68,0.71,0.245,RSI3_25_75,1:1/3d
DD,727,28.7,86.69,-117.621,-58.885,-42809.65,0.3,0.288,RSI3_25_75,1:1/3d
NEM,674,40.5,10.154,-12.823,-3.516,-2369.98,0.54,0.267,RSI3_25_75,1:1/3d
FCX,634,47.3,6.346,-7.144,-0.761,-482.35,0.8,0.251,RSI3_25_75,1:1/3d
NUE,665,43.3,7.171,-8.708,-1.831,-1217.62,0.63,0.263,RSI3_25_75,1:1/3d
DOW,542,39.3,17.03,-23.305,-7.454,-4040.13,0.47,0.261,RSI3_25_75,1:1/3d
CF,638,41.8,8.592,-11.191,-2.912,-1857.82,0.55,0.253,RSI3_25_75,1:1/3d
SPY,651,43.2,4.927,-6.612,-1.631,-1061.95,0.57,0.258,RSI3_25_75,1:1/3d
QQQ,643,48.5,2.983,-3.521,-0.365,-234.68,0.8,0.255,RSI3_25_75,1:1/3d
IWM,615,47.8,5.006,-5.993,-0.735,-452.21,0.76,0.243,RSI3_25_75,1:1/3d
XLF,655,40.9,6.059,-7.975,-2.233,-1462.51,0.53,0.259,RSI3_25_75,1:1/3d
XLE,735,24.2,84.524,-114.557,-66.344,-48762.78,0.24,0.291,RSI3_25_75,1:1/3d
XLK,821,23.1,79.25,-97.032,-56.236,-46169.53,0.25,0.325,RSI3_25_75,1:1/3d
XLV,675,42.2,5.399,-7.443,-2.021,-1363.91,0.53,0.267,RSI3_25_75,1:1/3d
XLP,654,41.3,7.535,-12.052,-3.966,-2593.44,0.44,0.259,RSI3_25_75,1:1/3d
GLD,585,50.4,0.938,-0.883,0.036,20.84,1.08,0.233,RSI3_25_75,1:1/3d
TLT,615,44.9,9.424,-13.688,-3.316,-2039.21,0.56,0.244,RSI3_25_75,1:1/3d
AMD,584,49.0,3.681,-3.477,0.028,16.51,1.02,0.232,RSI3_25_75,1:1/3d
INTC,608,45.9,7.069,-9.277,-1.776,-1079.98,0.65,0.241,RSI3_25_75,1:1/3d
CRM,606,47.5,2.679,-2.655,-0.12,-72.97,0.91,0.241,RSI3_25_75,1:1/3d
PYPL,551,50.6,2.678,-2.707,0.02,11.07,1.02,0.218,RSI3_25_75,1:1/3d
SQ,585,50.3,4.148,-4.171,0.01,5.75,1.0,0.232,RSI3_25_75,1:1/3d
SHOP,692,30.3,317.294,-570.644,-301.183,-208418.51,0.24,0.275,RSI3_25_75,1:1/3d
UBER,467,47.5,3.496,-3.637,-0.246,-114.8,0.87,0.23,RSI3_25_75,1:1/3d
ABNB,314,48.1,3.3,-3.262,-0.107,-33.45,0.94,0.217,RSI3_25_75,1:1/3d
COIN,301,48.8,6.215,-6.156,-0.114,-34.45,0.96,0.227,RSI3_25_75,1:1/3d
SNAP,576,49.3,4.261,-4.243,-0.05,-28.93,0.98,0.228,RSI3_25_75,1:1/3d
AAPL,494,26.9,3.576,-133.895,-96.884,-47860.64,0.01,0.196,RSI3_20_80,1.5:1/5d
MSFT,441,34.5,4.255,-4.826,-1.696,-747.87,0.46,0.175,RSI3_20_80,1.5:1/5d
AMZN,487,26.9,3.723,-1177.936,-860.077,-418857.3,0.0,0.193,RSI3_20_80,1.5:1/5d
GOOGL,499,27.5,3.514,-1226.342,-888.686,-443454.22,0.0,0.198,RSI3_20_80,1.5:1/5d
META,441,42.9,3.741,-2.843,-0.022,-9.48,0.99,0.175,RSI3_20_80,1.5:1/5d
NVDA,519,22.7,6.042,-2143.295,-1654.621,-858748.22,0.0,0.206,RSI3_20_80,1.5:1/5d
TSLA,502,27.5,21.479,-507.117,-361.806,-181626.47,0.02,0.199,RSI3_20_80,1.5:1/5d
AVGO,539,17.6,3.678,-824.747,-678.735,-365838.11,0.0,0.214,RSI3_20_80,1.5:1/5d
ORCL,452,29.0,3.695,-7.095,-3.968,-1793.39,0.21,0.18,RSI3_20_80,1.5:1/5d
ADBE,442,43.7,3.43,-2.395,0.149,65.83,1.11,0.176,RSI3_20_80,1.5:1/5d
JPM,444,28.8,4.056,-11.544,-7.046,-3128.57,0.14,0.177,RSI3_20_80,1.5:1/5d
BAC,440,28.4,4.897,-11.687,-6.976,-3069.23,0.17,0.175,RSI3_20_80,1.5:1/5d
WFC,432,30.3,5.67,-11.104,-6.017,-2599.5,0.22,0.172,RSI3_20_80,1.5:1/5d
GS,459,27.9,4.464,-11.466,-7.023,-3223.68,0.15,0.183,RSI3_20_80,1.5:1/5d
MS,447,28.4,4.69,-13.975,-8.672,-3876.49,0.13,0.177,RSI3_20_80,1.5:1/5d
C,435,24.6,5.229,-15.908,-10.709,-4658.26,0.11,0.173,RSI3_20_80,1.5:1/5d
BLK,448,29.0,3.579,-11.63,-7.216,-3232.92,0.13,0.178,RSI3_20_80,1.5:1/5d
SCHW,427,31.9,4.408,-6.864,-3.274,-1398.03,0.3,0.169,RSI3_20_80,1.5:1/5d
AXP,475,30.1,4.373,-6.409,-3.163,-1502.62,0.29,0.189,RSI3_20_80,1.5:1/5d
USB,451,25.5,4.371,-21.007,-14.536,-6555.56,0.07,0.179,RSI3_20_80,1.5:1/5d
UNH,418,35.6,4.037,-8.004,-3.712,-1551.56,0.28,0.166,RSI3_20_80,1.5:1/5d
JNJ,436,31.9,2.244,-12.238,-7.621,-3322.86,0.09,0.173,RSI3_20_80,1.5:1/5d
LLY,455,29.9,3.789,-5.987,-3.065,-1394.65,0.27,0.18,RSI3_20_80,1.5:1/5d
PFE,453,23.0,3.075,-26.289,-19.547,-8854.89,0.03,0.179,RSI3_20_80,1.5:1/5d
ABBV,464,26.5,3.591,-17.249,-11.725,-5440.34,0.08,0.184,RSI3_20_80,1.5:1/5d
MRK,456,26.8,2.363,-17.011,-11.828,-5393.48,0.05,0.181,RSI3_20_80,1.5:1/5d
TMO,448,39.5,3.242,-2.539,-0.255,-114.32,0.83,0.178,RSI3_20_80,1.5:1/5d
ABT,433,32.6,3.022,-8.645,-4.845,-2098.07,0.17,0.172,RSI3_20_80,1.5:1/5d
DHR,441,30.6,3.113,-12.41,-7.658,-3377.2,0.11,0.175,RSI3_20_80,1.5:1/5d
BMY,437,29.3,3.17,-18.004,-11.802,-5157.36,0.07,0.173,RSI3_20_80,1.5:1/5d
WMT,500,20.6,2.583,-168.281,-133.083,-66541.32,0.0,0.198,RSI3_20_80,1.5:1/5d
PG,440,29.1,2.428,-11.697,-7.588,-3338.76,0.09,0.174,RSI3_20_80,1.5:1/5d
KO,451,28.8,2.333,-14.597,-9.717,-4382.45,0.06,0.179,RSI3_20_80,1.5:1/5d
PEP,441,29.0,2.514,-15.321,-10.145,-4473.77,0.07,0.175,RSI3_20_80,1.5:1/5d
COST,487,24.8,2.944,-6.807,-4.384,-2135.08,0.14,0.193,RSI3_20_80,1.5:1/5d
HD,480,24.8,3.999,-12.366,-8.309,-3988.14,0.11,0.19,RSI3_20_80,1.5:1/5d
MCD,434,33.4,2.751,-10.777,-6.257,-2715.66,0.13,0.172,RSI3_20_80,1.5:1/5d
NKE,437,33.2,5.126,-7.647,-3.409,-1489.54,0.33,0.173,RSI3_20_80,1.5:1/5d
SBUX,437,30.9,4.457,-11.439,-6.528,-2852.8,0.17,0.173,RSI3_20_80,1.5:1/5d
TGT,473,23.7,4.367,-14.23,-9.827,-4647.99,0.1,0.188,RSI3_20_80,1.5:1/5d
CAT,456,30.0,4.447,-9.27,-5.149,-2347.91,0.21,0.181,RSI3_20_80,1.5:1/5d
GE,394,34.3,4.061,-30.739,-18.815,-7413.02,0.07,0.157,RSI3_20_80,1.5:1/5d
HON,465,29.5,3.526,-10.001,-6.016,-2797.3,0.15,0.185,RSI3_20_80,1.5:1/5d
UNP,409,34.2,3.526,-10.469,-5.678,-2322.42,0.18,0.162,RSI3_20_80,1.5:1/5d
BA,444,39.9,4.213,-3.304,-0.307,-136.44,0.85,0.176,RSI3_20_80,1.5:1/5d
RTX,453,29.1,3.691,-34.271,-23.209,-10513.81,0.04,0.18,RSI3_20_80,1.5:1/5d
DE,456,32.2,4.82,-7.393,-3.456,-1575.83,0.31,0.181,RSI3_20_80,1.5:1/5d
LMT,462,27.5,3.154,-12.866,-8.462,-3909.44,0.09,0.183,RSI3_20_80,1.5:1/5d
MMM,453,26.7,3.051,-33.299,-23.59,-10686.07,0.03,0.18,RSI3_20_80,1.5:1/5d
FDX,449,30.5,5.996,-9.598,-4.84,-2173.24,0.27,0.179,RSI3_20_80,1.5:1/5d
XOM,450,27.1,4.293,-18.858,-12.582,-5661.69,0.08,0.178,RSI3_20_80,1.5:1/5d
CVX,459,26.6,3.692,-20.444,-14.029,-6439.33,0.07,0.182,RSI3_20_80,1.5:1/5d
COP,456,25.4,5.909,-15.89,-10.345,-4717.17,0.13,0.181,RSI3_20_80,1.5:1/5d
SLB,448,28.1,6.311,-12.206,-6.998,-3135.01,0.2,0.177,RSI3_20_80,1.5:1/5d
EOG,474,26.6,5.833,-19.122,-12.488,-5919.46,0.11,0.188,RSI3_20_80,1.5:1/5d
MPC,466,26.2,5.404,-13.682,-8.685,-4047.2,0.14,0.184,RSI3_20_80,1.5:1/5d
VLO,479,23.4,6.845,-17.609,-11.891,-5695.98,0.12,0.19,RSI3_20_80,1.5:1/5d
PSX,496,25.2,4.731,-18.2,-12.421,-6160.89,0.09,0.196,RSI3_20_80,1.5:1/5d
OXY,429,33.6,5.822,-9.49,-4.35,-1866.25,0.31,0.17,RSI3_20_80,1.5:1/5d
HAL,450,28.0,7.027,-10.544,-5.624,-2530.89,0.26,0.178,RSI3_20_80,1.5:1/5d
NFLX,505,19.4,5.496,-706.756,-568.537,-287111.26,0.0,0.2,RSI3_20_80,1.5:1/5d
DIS,417,35.7,3.598,-3.552,-0.997,-415.92,0.56,0.166,RSI3_20_80,1.5:1/5d
CMCSA,434,30.0,3.557,-19.427,-12.542,-5443.32,0.08,0.172,RSI3_20_80,1.5:1/5d
T,435,30.1,2.997,-58.973,-40.311,-17535.19,0.02,0.173,RSI3_20_80,1.5:1/5d
VZ,449,28.7,2.319,-26.564,-18.266,-8201.34,0.04,0.178,RSI3_20_80,1.5:1/5d
TMUS,438,33.1,3.692,-4.427,-1.739,-761.81,0.41,0.174,RSI3_20_80,1.5:1/5d
CHTR,430,42.6,3.083,-2.41,-0.072,-31.08,0.95,0.171,RSI3_20_80,1.5:1/5d
EA,446,37.2,3.616,-3.301,-0.726,-323.98,0.65,0.177,RSI3_20_80,1.5:1/5d
ATVI,333,40.5,3.295,-3.277,-0.613,-204.1,0.69,0.161,RSI3_20_80,1.5:1/5d
WBD,432,45.8,4.738,-3.724,0.155,66.85,1.08,0.171,RSI3_20_80,1.5:1/5d
LIN,432,32.9,3.838,-6.976,-3.421,-1477.88,0.27,0.172,RSI3_20_80,1.5:1/5d
APD,472,25.6,3.508,-11.322,-7.52,-3549.61,0.11,0.187,RSI3_20_80,1.5:1/5d
SHW,466,27.0,3.605,-103.561,-74.585,-34756.39,0.01,0.185,RSI3_20_80,1.5:1/5d
ECL,417,32.6,3.743,-5.433,-2.441,-1017.73,0.33,0.165,RSI3_20_80,1.5:1/5d
DD,460,21.7,5.357,-116.101,-89.697,-41260.63,0.01,0.182,RSI3_20_80,1.5:1/5d
NEM,455,27.9,5.775,-12.93,-7.709,-3507.7,0.17,0.181,RSI3_20_80,1.5:1/5d
FCX,436,33.9,7.185,-7.299,-2.383,-1038.86,0.51,0.173,RSI3_20_80,1.5:1/5d
NUE,459,27.7,5.043,-9.151,-5.224,-2397.77,0.21,0.182,RSI3_20_80,1.5:1/5d
DOW,361,28.3,3.492,-23.862,-16.133,-5824.02,0.06,0.174,RSI3_20_80,1.5:1/5d
CF,431,29.0,6.309,-11.505,-6.339,-2732.11,0.22,0.171,RSI3_20_80,1.5:1/5d
SPY,454,26.0,3.045,-7.036,-4.416,-2004.74,0.15,0.18,RSI3_20_80,1.5:1/5d
QQQ,456,30.9,3.083,-3.761,-1.645,-750.12,0.37,0.181,RSI3_20_80,1.5:1/5d
IWM,415,32.8,3.586,-6.353,-3.096,-1284.72,0.28,0.165,RSI3_20_80,1.5:1/5d
XLF,435,29.0,3.23,-8.473,-5.083,-2211.21,0.16,0.173,RSI3_20_80,1.5:1/5d
XLE,518,20.1,3.587,-117.96,-93.556,-48462.27,0.01,0.205,RSI3_20_80,1.5:1/5d
XLK,563,18.3,3.328,-95.275,-77.236,-43483.75,0.01,0.224,RSI3_20_80,1.5:1/5d
XLV,453,32.0,2.412,-7.926,-4.617,-2091.41,0.14,0.18,RSI3_20_80,1.5:1/5d
XLP,434,31.8,1.469,-12.952,-8.366,-3631.01,0.05,0.172,RSI3_20_80,1.5:1/5d
GLD,435,44.8,1.338,-0.955,0.073,31.69,1.14,0.173,RSI3_20_80,1.5:1/5d
TLT,404,32.9,1.952,-13.886,-8.672,-3503.61,0.07,0.16,RSI3_20_80,1.5:1/5d
AMD,449,41.6,5.426,-3.899,-0.015,-6.75,0.99,0.178,RSI3_20_80,1.5:1/5d
INTC,431,33.2,4.7,-9.531,-4.809,-2072.76,0.24,0.171,RSI3_20_80,1.5:1/5d
CRM,450,38.4,3.834,-2.855,-0.283,-127.49,0.84,0.179,RSI3_20_80,1.5:1/5d
PYPL,418,43.3,3.833,-3.006,-0.044,-18.59,0.97,0.166,RSI3_20_80,1.5:1/5d
SQ,441,43.8,6.19,-4.467,0.197,86.96,1.08,0.175,RSI3_20_80,1.5:1/5d
SHOP,494,27.3,6.933,-561.873,-406.43,-200776.34,0.0,0.196,RSI3_20_80,1.5:1/5d
UBER,370,41.9,5.178,-3.882,-0.086,-31.93,0.96,0.183,RSI3_20_80,1.5:1/5d
ABNB,234,46.6,4.634,-3.658,0.204,47.83,1.1,0.161,RSI3_20_80,1.5:1/5d
COIN,227,40.5,9.269,-6.454,-0.081,-18.43,0.98,0.172,RSI3_20_80,1.5:1/5d
SNAP,441,43.8,6.084,-4.491,0.137,60.39,1.05,0.175,RSI3_20_80,1.5:1/5d
AAPL,474,28.3,3.637,-142.022,-100.844,-47800.28,0.01,0.188,RSI3_20_80,2:1/5d
MSFT,413,34.4,3.534,-4.804,-1.937,-800.06,0.39,0.164,RSI3_20_80,2:1/5d
AMZN,477,25.2,3.772,-1174.625,-878.173,-418888.33,0.0,0.189,RSI3_20_80,2:1/5d
GOOGL,491,25.9,3.621,-1219.618,-903.22,-443481.05,0.0,0.195,RSI3_20_80,2:1/5d
META,417,42.2,4.108,-2.825,0.101,42.22,1.06,0.165,RSI3_20_80,2:1/5d
NVDA,517,22.6,6.194,-2148.645,-1660.993,-858733.39,0.0,0.205,RSI3_20_80,2:1/5d
TSLA,491,26.3,7.247,-509.855,-373.997,-183632.75,0.01,0.194,RSI3_20_80,2:1/5d
AVGO,537,17.1,3.754,-822.895,-681.272,-365843.08,0.0,0.213,RSI3_20_80,2:1/5d
ORCL,440,28.6,3.22,-7.069,-4.123,-1814.1,0.18,0.175,RSI3_20_80,2:1/5d
ADBE,419,43.2,3.635,-2.438,0.185,77.7,1.13,0.167,RSI3_20_80,2:1/5d
JPM,432,28.9,3.471,-11.605,-7.242,-3128.71,0.12,0.172,RSI3_20_80,2:1/5d
BAC,424,29.2,3.784,-11.801,-7.243,-3071.2,0.13,0.169,RSI3_20_80,2:1/5d
WFC,420,30.2,4.277,-11.126,-6.469,-2716.85,0.17,0.167,RSI3_20_80,2:1/5d
GS,453,28.5,3.519,-11.5,-7.224,-3272.26,0.12,0.18,RSI3_20_80,2:1/5d
MS,441,28.6,3.935,-13.99,-8.869,-3911.11,0.11,0.175,RSI3_20_80,2:1/5d
C,426,25.1,4.041,-15.917,-10.904,-4645.14,0.09,0.169,RSI3_20_80,2:1/5d
BLK,441,28.8,3.114,-11.609,-7.369,-3249.7,0.11,0.175,RSI3_20_80,2:1/5d
SCHW,414,31.6,3.999,-6.814,-3.393,-1404.6,0.27,0.164,RSI3_20_80,2:1/5d
AXP,458,30.3,4.139,-6.388,-3.193,-1462.46,0.28,0.182,RSI3_20_80,2:1/5d
USB,448,25.4,3.445,-20.97,-14.758,-6611.39,0.06,0.178,RSI3_20_80,2:1/5d
UNH,406,36.2,3.426,-7.968,-3.843,-1560.1,0.24,0.161,RSI3_20_80,2:1/5d
JNJ,434,32.0,2.224,-12.261,-7.622,-3307.83,0.09,0.173,RSI3_20_80,2:1/5d
LLY,446,28.0,3.469,-5.908,-3.28,-1462.97,0.23,0.177,RSI3_20_80,2:1/5d
PFE,453,23.0,2.808,-26.289,-19.609,-8882.7,0.03,0.179,RSI3_20_80,2:1/5d
ABBV,462,26.4,3.104,-17.282,-11.899,-5497.17,0.06,0.183,RSI3_20_80,2:1/5d
MRK,456,26.8,2.363,-17.011,-11.828,-5393.48,0.05,0.181,RSI3_20_80,2:1/5d
TMO,422,38.2,3.399,-2.537,-0.272,-114.96,0.83,0.168,RSI3_20_80,2:1/5d
ABT,428,32.9,2.559,-8.684,-4.98,-2131.6,0.14,0.17,RSI3_20_80,2:1/5d
DHR,436,30.3,2.759,-12.479,-7.866,-3429.56,0.1,0.173,RSI3_20_80,2:1/5d
BMY,436,29.4,2.842,-18.033,-11.905,-5190.37,0.07,0.173,RSI3_20_80,2:1/5d
WMT,497,20.5,2.599,-169.114,-133.873,-66534.88,0.0,0.197,RSI3_20_80,2:1/5d
PG,437,28.8,1.926,-11.734,-7.796,-3406.72,0.07,0.173,RSI3_20_80,2:1/5d
KO,450,28.9,2.131,-14.57,-9.745,-4385.45,0.06,0.178,RSI3_20_80,2:1/5d
PEP,440,29.1,2.196,-15.329,-10.231,-4501.47,0.06,0.175,RSI3_20_80,2:1/5d
COST,477,24.7,2.483,-6.83,-4.526,-2158.91,0.12,0.189,RSI3_20_80,2:1/5d
HD,474,24.1,3.294,-12.296,-8.546,-4050.95,0.08,0.188,RSI3_20_80,2:1/5d
MCD,427,33.5,2.474,-10.844,-6.384,-2725.9,0.11,0.17,RSI3_20_80,2:1/5d
NKE,423,33.3,4.174,-7.636,-3.699,-1564.89,0.27,0.168,RSI3_20_80,2:1/5d
SBUX,430,30.5,3.488,-11.375,-6.847,-2944.23,0.13,0.17,RSI3_20_80,2:1/5d
TGT,470,23.4,3.763,-14.221,-10.012,-4705.85,0.08,0.186,RSI3_20_80,2:1/5d
CAT,444,30.0,3.495,-9.333,-5.491,-2437.81,0.16,0.176,RSI3_20_80,2:1/5d
GE,392,34.4,4.103,-30.955,-18.881,-7401.44,0.07,0.156,RSI3_20_80,2:1/5d
HON,458,29.5,2.919,-9.976,-6.175,-2828.03,0.12,0.182,RSI3_20_80,2:1/5d
UNP,403,34.7,2.927,-10.54,-5.862,-2362.32,0.15,0.16,RSI3_20_80,2:1/5d
BA,417,39.6,4.537,-3.307,-0.203,-84.84,0.9,0.165,RSI3_20_80,2:1/5d
RTX,448,29.5,3.281,-34.727,-23.528,-10540.75,0.04,0.178,RSI3_20_80,2:1/5d
DE,444,32.7,4.108,-7.409,-3.648,-1619.58,0.27,0.176,RSI3_20_80,2:1/5d
LMT,461,27.3,2.954,-12.86,-8.537,-3935.72,0.09,0.183,RSI3_20_80,2:1/5d
MMM,450,27.1,2.997,-33.658,-23.721,-10674.26,0.03,0.179,RSI3_20_80,2:1/5d
FDX,432,30.8,4.338,-9.562,-5.283,-2282.11,0.2,0.172,RSI3_20_80,2:1/5d
XOM,447,27.3,3.565,-18.84,-12.725,-5688.21,0.07,0.177,RSI3_20_80,2:1/5d
CVX,458,26.6,3.245,-20.483,-14.162,-6486.38,0.06,0.181,RSI3_20_80,2:1/5d
COP,452,25.7,4.72,-15.922,-10.624,-4802.25,0.1,0.179,RSI3_20_80,2:1/5d
SLB,436,28.7,5.02,-12.215,-7.273,-3171.23,0.17,0.173,RSI3_20_80,2:1/5d
EOG,469,26.4,4.862,-19.067,-12.74,-5975.25,0.09,0.186,RSI3_20_80,2:1/5d
MPC,455,25.7,4.487,-13.621,-8.965,-4078.86,0.11,0.18,RSI3_20_80,2:1/5d
VLO,466,23.2,5.406,-17.513,-12.202,-5685.91,0.09,0.185,RSI3_20_80,2:1/5d
PSX,492,25.4,3.981,-18.193,-12.559,-6179.07,0.07,0.195,RSI3_20_80,2:1/5d
OXY,421,32.3,5.401,-9.425,-4.636,-1951.7,0.27,0.167,RSI3_20_80,2:1/5d
HAL,430,28.6,6.311,-10.415,-5.63,-2421.11,0.24,0.17,RSI3_20_80,2:1/5d
NFLX,505,19.4,5.496,-706.756,-568.537,-287111.26,0.0,0.2,RSI3_20_80,2:1/5d
DIS,403,35.0,3.515,-3.485,-1.036,-417.4,0.54,0.16,RSI3_20_80,2:1/5d
CMCSA,432,30.1,3.219,-19.441,-12.622,-5452.66,0.07,0.171,RSI3_20_80,2:1/5d
T,432,30.3,2.718,-59.453,-40.6,-17539.38,0.02,0.171,RSI3_20_80,2:1/5d
VZ,448,28.8,2.247,-26.612,-18.302,-8199.37,0.03,0.178,RSI3_20_80,2:1/5d
TMUS,425,33.2,3.17,-4.396,-1.886,-801.62,0.36,0.169,RSI3_20_80,2:1/5d
CHTR,409,42.3,3.52,-2.383,0.114,46.54,1.08,0.162,RSI3_20_80,2:1/5d
EA,412,37.4,3.713,-3.23,-0.635,-261.47,0.69,0.163,RSI3_20_80,2:1/5d
ATVI,318,40.9,3.155,-3.323,-0.675,-214.64,0.66,0.154,RSI3_20_80,2:1/5d
WBD,410,44.1,5.223,-3.705,0.236,96.9,1.11,0.163,RSI3_20_80,2:1/5d
LIN,422,33.4,3.365,-6.984,-3.526,-1488.02,0.24,0.168,RSI3_20_80,2:1/5d
APD,468,26.1,3.209,-11.412,-7.601,-3557.07,0.1,0.186,RSI3_20_80,2:1/5d
SHW,455,26.6,3.457,-105.327,-76.398,-34760.95,0.01,0.18,RSI3_20_80,2:1/5d
ECL,401,32.9,3.376,-5.373,-2.493,-999.64,0.31,0.159,RSI3_20_80,2:1/5d
DD,460,21.7,5.885,-116.101,-89.582,-41207.89,0.01,0.182,RSI3_20_80,2:1/5d
NEM,447,27.1,4.661,-12.837,-8.1,-3620.89,0.13,0.178,RSI3_20_80,2:1/5d
FCX,419,33.2,6.818,-7.161,-2.524,-1057.43,0.47,0.166,RSI3_20_80,2:1/5d
NUE,444,28.6,4.536,-9.259,-5.313,-2359.17,0.2,0.176,RSI3_20_80,2:1/5d
DOW,361,28.3,3.492,-23.862,-16.133,-5824.02,0.06,0.174,RSI3_20_80,2:1/5d
CF,420,30.0,5.616,-11.419,-6.309,-2649.57,0.21,0.167,RSI3_20_80,2:1/5d
SPY,438,26.0,2.369,-7.138,-4.663,-2042.44,0.12,0.174,RSI3_20_80,2:1/5d
QQQ,441,30.6,3.027,-3.752,-1.677,-739.59,0.36,0.175,RSI3_20_80,2:1/5d
IWM,396,32.6,2.991,-6.305,-3.277,-1297.64,0.23,0.157,RSI3_20_80,2:1/5d
XLF,429,29.1,2.666,-8.518,-5.259,-2256.18,0.13,0.17,RSI3_20_80,2:1/5d
XLE,518,20.1,3.587,-117.96,-93.556,-48462.27,0.01,0.205,RSI3_20_80,2:1/5d
XLK,563,18.3,3.328,-95.275,-77.236,-43483.75,0.01,0.224,RSI3_20_80,2:1/5d
XLV,446,32.3,1.955,-7.908,-4.724,-2106.78,0.12,0.177,RSI3_20_80,2:1/5d
XLP,434,31.8,1.469,-12.952,-8.366,-3631.01,0.05,0.172,RSI3_20_80,2:1/5d
GLD,409,41.8,1.442,-0.94,0.056,22.86,1.1,0.163,RSI3_20_80,2:1/5d
TLT,403,33.0,1.827,-13.897,-8.708,-3509.18,0.06,0.16,RSI3_20_80,2:1/5d
AMD,423,39.5,6.129,-3.866,0.08,33.84,1.03,0.168,RSI3_20_80,2:1/5d
INTC,419,32.7,4.264,-9.53,-5.02,-2103.22,0.22,0.166,RSI3_20_80,2:1/5d
CRM,424,35.8,4.016,-2.808,-0.361,-153.27,0.8,0.169,RSI3_20_80,2:1/5d
PYPL,392,42.9,4.274,-3.044,0.092,36.18,1.05,0.156,RSI3_20_80,2:1/5d
SQ,412,41.3,6.579,-4.392,0.134,55.4,1.05,0.164,RSI3_20_80,2:1/5d
SHOP,485,26.2,7.079,-563.402,-414.018,-200798.78,0.0,0.192,RSI3_20_80,2:1/5d
UBER,346,41.0,5.88,-3.828,0.156,53.98,1.07,0.171,RSI3_20_80,2:1/5d
ABNB,217,45.2,5.093,-3.66,0.293,63.56,1.15,0.15,RSI3_20_80,2:1/5d
COIN,212,40.1,9.684,-6.387,0.057,11.99,1.01,0.16,RSI3_20_80,2:1/5d
SNAP,417,40.8,6.902,-4.464,0.17,70.71,1.06,0.166,RSI3_20_80,2:1/5d
AAPL,635,35.6,62.103,-153.989,-77.081,-48946.28,0.22,0.252,RSI3_20_80,1:1/3d
MSFT,560,49.1,3.849,-4.715,-0.509,-285.16,0.79,0.223,RSI3_20_80,1:1/3d
AMZN,621,33.7,650.036,-1235.78,-601.101,-373283.65,0.27,0.246,RSI3_20_80,1:1/3d
GOOGL,657,32.1,622.296,-1295.134,-679.338,-446325.24,0.23,0.261,RSI3_20_80,1:1/3d
META,512,48.2,2.537,-2.543,-0.092,-47.21,0.93,0.203,RSI3_20_80,1:1/3d
NVDA,687,27.4,1305.82,-2104.32,-1171.123,-804561.44,0.23,0.273,RSI3_20_80,1:1/3d
TSLA,647,31.2,247.502,-564.529,-311.005,-201220.18,0.2,0.257,RSI3_20_80,1:1/3d
AVGO,694,24.9,599.934,-845.978,-485.542,-336966.01,0.24,0.275,RSI3_20_80,1:1/3d
ORCL,591,43.0,5.032,-6.64,-1.624,-959.54,0.57,0.235,RSI3_20_80,1:1/3d
ADBE,528,50.4,2.161,-2.206,-0.006,-3.08,0.99,0.21,RSI3_20_80,1:1/3d
JPM,593,37.3,8.889,-11.13,-3.669,-2175.91,0.47,0.235,RSI3_20_80,1:1/3d
BAC,588,39.6,8.326,-11.21,-3.469,-2039.57,0.49,0.233,RSI3_20_80,1:1/3d
WFC,581,42.9,8.965,-10.976,-2.43,-1411.85,0.61,0.231,RSI3_20_80,1:1/3d
GS,609,39.1,7.878,-11.008,-3.627,-2208.76,0.46,0.242,RSI3_20_80,1:1/3d
MS,610,38.9,10.91,-13.94,-4.285,-2613.78,0.5,0.242,RSI3_20_80,1:1/3d
C,578,36.9,12.025,-14.57,-4.769,-2756.71,0.48,0.229,RSI3_20_80,1:1/3d
BLK,594,40.7,7.677,-11.118,-3.461,-2055.7,0.47,0.235,RSI3_20_80,1:1/3d
SCHW,563,44.8,5.593,-6.502,-1.088,-612.64,0.7,0.223,RSI3_20_80,1:1/3d
AXP,613,43.1,4.926,-6.207,-1.412,-865.82,0.6,0.243,RSI3_20_80,1:1/3d
USB,603,35.3,14.907,-20.466,-7.971,-4806.73,0.4,0.239,RSI3_20_80,1:1/3d
UNH,587,46.3,6.687,-8.298,-1.354,-794.88,0.7,0.232,RSI3_20_80,1:1/3d
JNJ,605,43.3,8.969,-12.235,-3.052,-1846.56,0.56,0.24,RSI3_20_80,1:1/3d
LLY,580,41.9,4.363,-5.769,-1.524,-883.86,0.55,0.23,RSI3_20_80,1:1/3d
PFE,584,33.9,17.409,-26.17,-11.395,-6654.46,0.34,0.231,RSI3_20_80,1:1/3d
ABBV,610,38.2,11.531,-18.114,-6.791,-4142.54,0.39,0.241,RSI3_20_80,1:1/3d
MRK,607,36.9,11.0,-17.113,-6.738,-4090.25,0.38,0.24,RSI3_20_80,1:1/3d
TMO,530,46.8,2.29,-2.323,-0.164,-87.12,0.87,0.211,RSI3_20_80,1:1/3d
ABT,574,42.5,5.962,-8.467,-2.333,-1339.3,0.52,0.227,RSI3_20_80,1:1/3d
DHR,584,40.2,8.798,-12.661,-4.026,-2350.98,0.47,0.231,RSI3_20_80,1:1/3d
BMY,599,39.9,12.648,-16.889,-5.104,-3057.35,0.5,0.237,RSI3_20_80,1:1/3d
WMT,651,28.7,101.788,-173.368,-94.329,-61408.11,0.24,0.258,RSI3_20_80,1:1/3d
PG,589,42.8,7.017,-11.217,-3.416,-2011.82,0.47,0.233,RSI3_20_80,1:1/3d
KO,605,39.2,10.099,-13.769,-4.419,-2673.54,0.47,0.24,RSI3_20_80,1:1/3d
PEP,586,37.5,9.739,-14.615,-5.472,-3206.4,0.4,0.233,RSI3_20_80,1:1/3d
COST,608,39.5,4.76,-6.761,-2.213,-1345.56,0.46,0.241,RSI3_20_80,1:1/3d
HD,613,35.7,8.306,-11.914,-4.69,-2874.95,0.39,0.243,RSI3_20_80,1:1/3d
MCD,568,42.8,6.964,-10.285,-2.905,-1650.28,0.51,0.226,RSI3_20_80,1:1/3d
NKE,601,44.1,6.224,-7.166,-1.262,-758.45,0.69,0.238,RSI3_20_80,1:1/3d
SBUX,599,41.2,7.569,-10.648,-3.136,-1878.5,0.5,0.238,RSI3_20_80,1:1/3d
TGT,612,35.8,9.172,-13.635,-5.473,-3349.75,0.37,0.242,RSI3_20_80,1:1/3d
CAT,601,40.3,7.234,-8.654,-2.256,-1355.93,0.56,0.238,RSI3_20_80,1:1/3d
GE,635,52.8,46.023,-34.677,7.897,5014.56,1.48,0.252,RSI3_20_80,1:1/3d
HON,617,40.5,6.807,-9.587,-2.944,-1816.69,0.48,0.244,RSI3_20_80,1:1/3d
UNP,576,43.8,8.257,-10.241,-2.148,-1237.46,0.63,0.228,RSI3_20_80,1:1/3d
BA,535,48.6,3.059,-3.219,-0.168,-89.83,0.9,0.212,RSI3_20_80,1:1/3d
RTX,629,37.2,18.197,-34.543,-14.922,-9386.17,0.31,0.249,RSI3_20_80,1:1/3d
DE,608,44.9,5.781,-6.86,-1.184,-720.08,0.69,0.241,RSI3_20_80,1:1/3d
LMT,597,37.9,8.976,-12.62,-4.445,-2653.4,0.43,0.237,RSI3_20_80,1:1/3d
MMM,611,35.2,20.557,-32.883,-14.079,-8601.99,0.34,0.242,RSI3_20_80,1:1/3d
FDX,599,44.6,6.875,-9.306,-2.093,-1253.72,0.59,0.238,RSI3_20_80,1:1/3d
XOM,602,41.0,12.603,-18.67,-5.838,-3514.76,0.47,0.238,RSI3_20_80,1:1/3d
CVX,616,39.8,13.597,-20.244,-6.784,-4179.24,0.44,0.244,RSI3_20_80,1:1/3d
COP,617,40.8,11.882,-15.996,-4.61,-2844.31,0.51,0.244,RSI3_20_80,1:1/3d
SLB,596,41.3,9.92,-11.538,-2.681,-1598.11,0.6,0.236,RSI3_20_80,1:1/3d
EOG,626,37.9,13.548,-19.435,-6.948,-4349.29,0.42,0.248,RSI3_20_80,1:1/3d
MPC,609,38.3,10.436,-13.585,-4.395,-2676.36,0.48,0.241,RSI3_20_80,1:1/3d
VLO,615,37.2,12.686,-17.678,-6.372,-3918.58,0.43,0.244,RSI3_20_80,1:1/3d
PSX,649,36.1,13.498,-18.303,-6.837,-4437.27,0.42,0.257,RSI3_20_80,1:1/3d
OXY,589,46.7,7.306,-9.516,-1.662,-978.97,0.67,0.233,RSI3_20_80,1:1/3d
HAL,596,42.6,8.298,-10.052,-2.232,-1330.13,0.61,0.236,RSI3_20_80,1:1/3d
NFLX,685,28.8,558.477,-746.941,-371.515,-254487.47,0.3,0.272,RSI3_20_80,1:1/3d
DIS,551,50.6,3.153,-3.25,-0.008,-4.26,1.0,0.219,RSI3_20_80,1:1/3d
CMCSA,575,37.0,13.688,-18.927,-6.845,-3936.0,0.43,0.228,RSI3_20_80,1:1/3d
T,574,33.3,30.798,-57.99,-28.446,-16327.73,0.26,0.227,RSI3_20_80,1:1/3d
VZ,605,35.0,20.402,-26.651,-10.163,-6148.67,0.41,0.24,RSI3_20_80,1:1/3d
TMUS,582,45.5,3.734,-4.104,-0.535,-311.62,0.76,0.231,RSI3_20_80,1:1/3d
CHTR,516,49.4,2.055,-2.203,-0.099,-51.04,0.91,0.205,RSI3_20_80,1:1/3d
EA,551,47.7,2.802,-3.077,-0.271,-149.1,0.83,0.219,RSI3_20_80,1:1/3d
ATVI,429,46.6,2.834,-2.928,-0.242,-103.89,0.85,0.207,RSI3_20_80,1:1/3d
WBD,520,51.5,3.492,-3.538,0.085,44.09,1.05,0.207,RSI3_20_80,1:1/3d
LIN,581,45.1,5.036,-6.918,-1.527,-887.35,0.6,0.23,RSI3_20_80,1:1/3d
APD,626,40.4,7.967,-11.066,-3.374,-2111.93,0.49,0.248,RSI3_20_80,1:1/3d
SHW,609,36.9,53.451,-112.535,-51.21,-31187.03,0.28,0.241,RSI3_20_80,1:1/3d
ECL,564,48.2,4.353,-5.348,-0.67,-377.82,0.76,0.223,RSI3_20_80,1:1/3d
DD,639,28.6,86.285,-116.7,-58.568,-37424.96,0.3,0.253,RSI3_20_80,1:1/3d
NEM,607,40.7,10.34,-12.904,-3.446,-2091.61,0.55,0.241,RSI3_20_80,1:1/3d
FCX,575,47.8,6.411,-7.271,-0.728,-418.41,0.81,0.228,RSI3_20_80,1:1/3d
NUE,604,43.0,7.011,-8.706,-1.941,-1172.13,0.61,0.239,RSI3_20_80,1:1/3d
DOW,489,39.3,16.037,-23.629,-8.055,-3938.72,0.44,0.235,RSI3_20_80,1:1/3d
CF,580,41.9,8.627,-11.248,-2.921,-1694.37,0.55,0.23,RSI3_20_80,1:1/3d
SPY,607,44.0,4.864,-6.639,-1.579,-958.64,0.58,0.24,RSI3_20_80,1:1/3d
QQQ,593,47.7,2.877,-3.544,-0.479,-284.32,0.74,0.235,RSI3_20_80,1:1/3d
IWM,549,46.4,4.846,-6.003,-0.964,-529.04,0.7,0.217,RSI3_20_80,1:1/3d
XLF,588,41.3,5.989,-7.842,-2.126,-1250.0,0.54,0.233,RSI3_20_80,1:1/3d
XLE,668,24.9,79.868,-114.696,-66.346,-44319.42,0.23,0.264,RSI3_20_80,1:1/3d
XLK,724,22.9,76.073,-96.538,-56.961,-41240.06,0.23,0.287,RSI3_20_80,1:1/3d
XLV,622,41.8,5.297,-7.437,-2.114,-1315.03,0.51,0.246,RSI3_20_80,1:1/3d
XLP,589,40.6,7.419,-12.055,-4.153,-2446.14,0.42,0.234,RSI3_20_80,1:1/3d
GLD,516,50.6,0.954,-0.86,0.058,29.77,1.14,0.206,RSI3_20_80,1:1/3d
TLT,562,45.0,9.391,-13.631,-3.267,-1835.96,0.56,0.223,RSI3_20_80,1:1/3d
AMD,529,50.5,3.721,-3.467,0.161,85.26,1.09,0.21,RSI3_20_80,1:1/3d
INTC,559,46.7,6.859,-9.305,-1.758,-982.76,0.65,0.222,RSI3_20_80,1:1/3d
CRM,547,47.2,2.66,-2.623,-0.132,-71.95,0.91,0.217,RSI3_20_80,1:1/3d
PYPL,490,51.0,2.643,-2.685,0.033,16.33,1.03,0.194,RSI3_20_80,1:1/3d
SQ,524,49.2,4.14,-4.119,-0.053,-27.55,0.97,0.208,RSI3_20_80,1:1/3d
SHOP,631,30.6,294.071,-577.833,-311.149,-196335.16,0.22,0.25,RSI3_20_80,1:1/3d
UBER,437,48.3,3.537,-3.656,-0.183,-79.97,0.9,0.215,RSI3_20_80,1:1/3d
ABNB,273,48.4,3.234,-3.28,-0.13,-35.59,0.92,0.189,RSI3_20_80,1:1/3d
COIN,268,49.3,6.461,-6.251,0.01,2.71,1.0,0.203,RSI3_20_80,1:1/3d
SNAP,531,51.0,4.276,-4.152,0.149,79.38,1.07,0.211,RSI3_20_80,1:1/3d
AAPL,503,30.8,3.689,-119.784,-81.736,-41113.18,0.01,0.199,RSI2_10_90,1.5:1/5d
MSFT,502,34.1,4.364,-4.985,-1.801,-903.93,0.45,0.199,RSI2_10_90,1.5:1/5d
AMZN,519,28.3,3.64,-1084.336,-776.181,-402838.05,0.0,0.206,RSI2_10_90,1.5:1/5d
GOOGL,521,29.4,3.281,-1128.288,-795.985,-414708.17,0.0,0.207,RSI2_10_90,1.5:1/5d
META,476,45.0,3.853,-2.893,0.14,66.59,1.09,0.189,RSI2_10_90,1.5:1/5d
NVDA,516,26.9,6.41,-1924.934,-1404.669,-724809.29,0.0,0.204,RSI2_10_90,1.5:1/5d
TSLA,520,28.8,20.357,-464.387,-324.557,-168769.71,0.02,0.206,RSI2_10_90,1.5:1/5d
AVGO,531,22.0,3.373,-782.515,-609.353,-323566.39,0.0,0.211,RSI2_10_90,1.5:1/5d
ORCL,474,30.2,3.534,-6.908,-3.758,-1781.36,0.22,0.188,RSI2_10_90,1.5:1/5d
ADBE,467,43.9,3.498,-2.447,0.163,76.01,1.12,0.185,RSI2_10_90,1.5:1/5d
JPM,482,28.4,4.498,-11.741,-7.125,-3434.38,0.15,0.191,RSI2_10_90,1.5:1/5d
BAC,476,27.1,5.392,-11.559,-6.966,-3315.61,0.17,0.189,RSI2_10_90,1.5:1/5d
WFC,448,30.1,5.043,-11.151,-6.271,-2809.41,0.2,0.178,RSI2_10_90,1.5:1/5d
GS,487,27.5,4.561,-11.107,-6.796,-3309.68,0.16,0.193,RSI2_10_90,1.5:1/5d
MS,478,27.8,4.676,-14.196,-8.945,-4275.72,0.13,0.19,RSI2_10_90,1.5:1/5d
C,472,26.3,5.076,-15.591,-10.162,-4796.34,0.12,0.187,RSI2_10_90,1.5:1/5d
BLK,483,29.8,4.12,-11.607,-6.918,-3341.6,0.15,0.192,RSI2_10_90,1.5:1/5d
SCHW,453,36.2,4.715,-7.275,-2.934,-1329.26,0.37,0.18,RSI2_10_90,1.5:1/5d
AXP,492,31.7,4.694,-6.355,-2.852,-1402.96,0.34,0.195,RSI2_10_90,1.5:1/5d
USB,467,31.7,5.513,-21.65,-13.041,-6090.37,0.12,0.185,RSI2_10_90,1.5:1/5d
UNH,468,32.5,3.521,-8.371,-4.509,-2110.13,0.2,0.186,RSI2_10_90,1.5:1/5d
JNJ,467,31.0,2.25,-12.458,-7.892,-3685.38,0.08,0.185,RSI2_10_90,1.5:1/5d
LLY,494,31.6,4.146,-5.92,-2.741,-1354.29,0.32,0.196,RSI2_10_90,1.5:1/5d
PFE,472,24.8,3.434,-24.572,-17.63,-8321.34,0.05,0.187,RSI2_10_90,1.5:1/5d
ABBV,494,26.5,3.452,-17.198,-11.722,-5790.7,0.07,0.196,RSI2_10_90,1.5:1/5d
MRK,479,30.9,2.604,-16.855,-10.843,-5193.57,0.07,0.19,RSI2_10_90,1.5:1/5d
TMO,507,39.8,3.249,-2.576,-0.255,-129.42,0.84,0.201,RSI2_10_90,1.5:1/5d
ABT,471,32.3,3.647,-8.768,-4.761,-2242.51,0.2,0.187,RSI2_10_90,1.5:1/5d
DHR,478,29.7,3.3,-12.553,-7.843,-3749.12,0.11,0.19,RSI2_10_90,1.5:1/5d
BMY,470,29.6,2.886,-17.677,-11.596,-5450.02,0.07,0.186,RSI2_10_90,1.5:1/5d
WMT,512,22.9,2.377,-153.025,-117.514,-60166.97,0.0,0.203,RSI2_10_90,1.5:1/5d
PG,472,27.8,2.277,-11.413,-7.614,-3593.58,0.08,0.187,RSI2_10_90,1.5:1/5d
KO,466,31.1,2.283,-13.648,-8.691,-4049.98,0.08,0.185,RSI2_10_90,1.5:1/5d
PEP,480,27.9,2.088,-14.896,-10.155,-4874.42,0.05,0.191,RSI2_10_90,1.5:1/5d
COST,511,27.8,3.291,-6.811,-4.004,-2046.17,0.19,0.202,RSI2_10_90,1.5:1/5d
HD,497,28.6,3.523,-11.991,-7.559,-3756.7,0.12,0.197,RSI2_10_90,1.5:1/5d
MCD,454,33.9,2.279,-10.424,-6.115,-2776.16,0.11,0.18,RSI2_10_90,1.5:1/5d
NKE,455,33.0,4.531,-7.547,-3.565,-1622.17,0.3,0.18,RSI2_10_90,1.5:1/5d
SBUX,457,33.5,3.847,-10.986,-6.02,-2751.16,0.18,0.181,RSI2_10_90,1.5:1/5d
TGT,467,28.7,4.783,-13.617,-8.337,-3893.58,0.14,0.185,RSI2_10_90,1.5:1/5d
CAT,508,27.4,4.981,-8.904,-5.105,-2593.22,0.21,0.202,RSI2_10_90,1.5:1/5d
GE,433,32.3,4.164,-33.635,-21.414,-9272.23,0.06,0.172,RSI2_10_90,1.5:1/5d
HON,482,28.0,3.542,-9.471,-5.826,-2808.37,0.15,0.191,RSI2_10_90,1.5:1/5d
UNP,457,32.2,3.899,-10.094,-5.593,-2555.95,0.18,0.181,RSI2_10_90,1.5:1/5d
BA,497,38.8,4.292,-3.333,-0.372,-184.93,0.82,0.197,RSI2_10_90,1.5:1/5d
RTX,462,30.5,3.423,-29.924,-19.747,-9122.95,0.05,0.183,RSI2_10_90,1.5:1/5d
DE,494,31.0,4.629,-7.293,-3.601,-1778.71,0.28,0.196,RSI2_10_90,1.5:1/5d
LMT,476,31.1,2.918,-12.543,-7.736,-3682.23,0.1,0.189,RSI2_10_90,1.5:1/5d
MMM,452,30.1,3.076,-30.713,-20.546,-9286.92,0.04,0.179,RSI2_10_90,1.5:1/5d
FDX,472,32.0,5.041,-9.416,-4.791,-2261.41,0.25,0.187,RSI2_10_90,1.5:1/5d
XOM,475,29.5,4.787,-17.514,-10.941,-5196.86,0.11,0.188,RSI2_10_90,1.5:1/5d
CVX,490,25.7,3.539,-19.263,-13.4,-6565.9,0.06,0.194,RSI2_10_90,1.5:1/5d
COP,467,25.9,6.468,-15.503,-9.81,-4581.42,0.15,0.185,RSI2_10_90,1.5:1/5d
SLB,473,30.4,6.474,-11.939,-6.333,-2995.7,0.24,0.187,RSI2_10_90,1.5:1/5d
EOG,460,29.8,6.689,-18.075,-10.7,-4921.86,0.16,0.182,RSI2_10_90,1.5:1/5d
MPC,478,29.5,5.993,-13.424,-7.696,-3678.89,0.19,0.189,RSI2_10_90,1.5:1/5d
VLO,487,29.0,7.439,-17.708,-10.427,-5077.95,0.17,0.193,RSI2_10_90,1.5:1/5d
PSX,490,28.2,5.205,-18.18,-11.594,-5680.89,0.11,0.194,RSI2_10_90,1.5:1/5d
OXY,451,31.9,6.022,-9.331,-4.429,-1997.46,0.3,0.179,RSI2_10_90,1.5:1/5d
HAL,470,29.6,6.708,-10.48,-5.397,-2536.61,0.27,0.186,RSI2_10_90,1.5:1/5d
NFLX,484,24.4,4.665,-653.43,-492.985,-238604.8,0.0,0.192,RSI2_10_90,1.5:1/5d
DIS,469,37.1,3.571,-3.627,-0.956,-448.56,0.58,0.186,RSI2_10_90,1.5:1/5d
CMCSA,451,31.0,3.07,-18.618,-11.885,-5360.22,0.07,0.179,RSI2_10_90,1.5:1/5d
T,461,27.5,2.518,-54.271,-38.626,-17806.77,0.02,0.183,RSI2_10_90,1.5:1/5d
VZ,469,26.7,2.544,-25.963,-18.365,-8613.07,0.04,0.186,RSI2_10_90,1.5:1/5d
TMUS,479,29.4,3.517,-4.338,-2.026,-970.5,0.34,0.19,RSI2_10_90,1.5:1/5d
CHTR,473,43.8,2.977,-2.381,-0.036,-17.19,0.97,0.187,RSI2_10_90,1.5:1/5d
EA,473,38.1,3.505,-3.266,-0.69,-326.17,0.66,0.188,RSI2_10_90,1.5:1/5d
ATVI,362,42.8,3.627,-3.254,-0.308,-111.37,0.83,0.174,RSI2_10_90,1.5:1/5d
WBD,482,45.4,4.863,-3.641,0.223,107.29,1.11,0.191,RSI2_10_90,1.5:1/5d
LIN,466,33.5,3.553,-7.116,-3.544,-1651.59,0.25,0.185,RSI2_10_90,1.5:1/5d
APD,498,25.5,3.727,-11.349,-7.504,-3737.02,0.11,0.198,RSI2_10_90,1.5:1/5d
SHW,483,30.6,3.474,-90.084,-61.416,-29663.83,0.02,0.192,RSI2_10_90,1.5:1/5d
ECL,463,35.0,4.152,-5.531,-2.143,-992.25,0.4,0.184,RSI2_10_90,1.5:1/5d
DD,473,22.8,4.886,-106.585,-81.133,-38375.97,0.01,0.188,RSI2_10_90,1.5:1/5d
NEM,465,31.2,5.103,-12.72,-7.162,-3330.5,0.18,0.184,RSI2_10_90,1.5:1/5d
FCX,470,33.6,6.914,-7.276,-2.505,-1177.54,0.48,0.187,RSI2_10_90,1.5:1/5d
NUE,484,32.6,5.552,-8.912,-4.19,-2028.14,0.3,0.192,RSI2_10_90,1.5:1/5d
DOW,384,29.9,4.362,-22.653,-14.562,-5591.84,0.08,0.185,RSI2_10_90,1.5:1/5d
CF,474,30.8,5.411,-11.42,-6.236,-2955.66,0.21,0.188,RSI2_10_90,1.5:1/5d
SPY,484,27.9,2.887,-6.906,-4.175,-2020.66,0.16,0.192,RSI2_10_90,1.5:1/5d
QQQ,502,30.1,3.157,-3.661,-1.61,-808.23,0.37,0.199,RSI2_10_90,1.5:1/5d
IWM,462,32.7,3.566,-6.275,-3.059,-1413.07,0.28,0.183,RSI2_10_90,1.5:1/5d
XLF,462,28.8,3.643,-8.291,-4.855,-2243.12,0.18,0.183,RSI2_10_90,1.5:1/5d
XLE,521,22.3,3.407,-111.269,-85.736,-44668.69,0.01,0.207,RSI2_10_90,1.5:1/5d
XLK,562,21.5,3.058,-92.084,-71.6,-40239.28,0.01,0.223,RSI2_10_90,1.5:1/5d
XLV,472,33.9,2.134,-7.777,-4.417,-2084.97,0.14,0.187,RSI2_10_90,1.5:1/5d
XLP,459,31.8,1.501,-12.162,-7.816,-3587.68,0.06,0.182,RSI2_10_90,1.5:1/5d
GLD,496,45.6,1.344,-0.966,0.086,42.78,1.16,0.197,RSI2_10_90,1.5:1/5d
TLT,440,32.5,1.829,-13.97,-8.835,-3887.45,0.06,0.175,RSI2_10_90,1.5:1/5d
AMD,492,41.1,5.476,-3.986,-0.101,-49.93,0.96,0.195,RSI2_10_90,1.5:1/5d
INTC,471,35.0,5.036,-8.983,-4.072,-1917.76,0.3,0.187,RSI2_10_90,1.5:1/5d
CRM,489,37.8,3.79,-2.943,-0.396,-193.49,0.78,0.194,RSI2_10_90,1.5:1/5d
PYPL,471,42.9,3.849,-2.875,0.009,4.08,1.01,0.187,RSI2_10_90,1.5:1/5d
SQ,482,43.8,6.128,-4.449,0.181,87.42,1.07,0.191,RSI2_10_90,1.5:1/5d
SHOP,493,33.1,7.228,-499.518,-331.973,-163662.88,0.01,0.196,RSI2_10_90,1.5:1/5d
UBER,388,41.5,5.05,-3.818,-0.138,-53.71,0.94,0.192,RSI2_10_90,1.5:1/5d
ABNB,265,47.9,5.023,-3.601,0.532,141.08,1.28,0.183,RSI2_10_90,1.5:1/5d
COIN,248,43.1,9.24,-6.64,0.211,52.37,1.06,0.187,RSI2_10_90,1.5:1/5d
SNAP,472,42.8,6.013,-4.58,-0.046,-21.94,0.98,0.187,RSI2_10_90,1.5:1/5d
AAPL,487,31.4,3.926,-124.693,-84.285,-41046.72,0.01,0.193,RSI2_10_90,2:1/5d
MSFT,473,33.6,3.734,-4.865,-1.974,-933.89,0.39,0.187,RSI2_10_90,2:1/5d
AMZN,512,27.1,3.708,-1081.421,-786.825,-402854.51,0.0,0.203,RSI2_10_90,2:1/5d
GOOGL,512,27.7,3.379,-1122.183,-810.015,-414727.79,0.0,0.203,RSI2_10_90,2:1/5d
META,446,43.7,4.168,-2.879,0.202,90.03,1.12,0.177,RSI2_10_90,2:1/5d
NVDA,514,26.8,6.498,-1930.046,-1410.118,-724800.51,0.0,0.204,RSI2_10_90,2:1/5d
TSLA,510,27.3,7.218,-463.167,-334.964,-170831.52,0.01,0.202,RSI2_10_90,2:1/5d
AVGO,530,21.9,3.452,-782.503,-610.483,-323555.95,0.0,0.21,RSI2_10_90,2:1/5d
ORCL,452,30.8,3.215,-6.991,-3.852,-1741.23,0.2,0.18,RSI2_10_90,2:1/5d
ADBE,444,41.2,3.892,-2.475,0.149,66.19,1.1,0.176,RSI2_10_90,2:1/5d
JPM,471,28.7,3.476,-11.797,-7.419,-3494.42,0.12,0.187,RSI2_10_90,2:1/5d
BAC,464,27.4,4.142,-11.594,-7.287,-3381.16,0.13,0.184,RSI2_10_90,2:1/5d
WFC,438,30.6,4.391,-11.134,-6.384,-2796.28,0.17,0.174,RSI2_10_90,2:1/5d
GS,477,27.9,3.799,-11.088,-6.937,-3308.95,0.13,0.189,RSI2_10_90,2:1/5d
MS,476,27.3,3.701,-14.214,-9.321,-4436.8,0.1,0.189,RSI2_10_90,2:1/5d
C,470,26.2,3.853,-15.578,-10.493,-4931.73,0.09,0.186,RSI2_10_90,2:1/5d
BLK,474,30.4,3.685,-11.732,-7.048,-3340.88,0.14,0.188,RSI2_10_90,2:1/5d
SCHW,433,36.7,4.06,-7.249,-3.096,-1340.69,0.32,0.172,RSI2_10_90,2:1/5d
AXP,471,31.8,4.56,-6.27,-2.821,-1328.64,0.34,0.187,RSI2_10_90,2:1/5d
USB,459,31.8,3.997,-21.7,-13.526,-6208.59,0.09,0.182,RSI2_10_90,2:1/5d
UNH,456,33.8,2.836,-8.366,-4.583,-2089.69,0.17,0.181,RSI2_10_90,2:1/5d
JNJ,465,31.2,2.138,-12.48,-7.922,-3683.68,0.08,0.184,RSI2_10_90,2:1/5d
LLY,465,30.5,4.149,-5.841,-2.791,-1297.62,0.31,0.184,RSI2_10_90,2:1/5d
PFE,471,24.6,2.964,-24.539,-17.765,-8367.32,0.04,0.187,RSI2_10_90,2:1/5d
ABBV,493,26.6,3.137,-17.232,-11.819,-5826.91,0.07,0.195,RSI2_10_90,2:1/5d
MRK,478,31.0,2.493,-16.886,-10.886,-5203.5,0.07,0.19,RSI2_10_90,2:1/5d
TMO,472,37.9,3.527,-2.53,-0.233,-109.91,0.85,0.187,RSI2_10_90,2:1/5d
ABT,454,33.5,2.907,-8.873,-4.929,-2237.73,0.16,0.18,RSI2_10_90,2:1/5d
DHR,473,29.8,2.922,-12.691,-8.037,-3801.5,0.1,0.188,RSI2_10_90,2:1/5d
BMY,470,29.6,2.815,-17.677,-11.617,-5459.87,0.07,0.186,RSI2_10_90,2:1/5d
WMT,510,22.5,2.402,-153.021,-117.974,-60166.95,0.0,0.202,RSI2_10_90,2:1/5d
PG,469,27.9,2.002,-11.457,-7.698,-3610.18,0.07,0.186,RSI2_10_90,2:1/5d
KO,464,31.2,2.087,-13.643,-8.727,-4049.45,0.07,0.184,RSI2_10_90,2:1/5d
PEP,477,28.1,1.953,-14.957,-10.207,-4868.64,0.05,0.189,RSI2_10_90,2:1/5d
COST,495,26.5,2.604,-6.65,-4.201,-2079.5,0.14,0.196,RSI2_10_90,2:1/5d
HD,494,28.1,2.846,-12.005,-7.827,-3866.31,0.09,0.196,RSI2_10_90,2:1/5d
MCD,450,34.0,2.183,-10.475,-6.172,-2777.19,0.11,0.179,RSI2_10_90,2:1/5d
NKE,441,32.7,3.811,-7.511,-3.814,-1682.03,0.25,0.175,RSI2_10_90,2:1/5d
SBUX,453,32.9,3.218,-10.91,-6.263,-2837.01,0.14,0.18,RSI2_10_90,2:1/5d
TGT,459,29.4,3.606,-13.613,-8.548,-3923.62,0.11,0.182,RSI2_10_90,2:1/5d
CAT,488,27.5,3.93,-8.991,-5.443,-2656.34,0.17,0.194,RSI2_10_90,2:1/5d
GE,431,32.5,4.173,-33.846,-21.496,-9264.99,0.06,0.171,RSI2_10_90,2:1/5d
HON,477,28.5,2.906,-9.552,-6.0,-2861.82,0.12,0.19,RSI2_10_90,2:1/5d
UNP,448,33.7,2.969,-10.168,-5.74,-2571.44,0.15,0.178,RSI2_10_90,2:1/5d
BA,455,36.7,4.747,-3.276,-0.331,-150.64,0.84,0.18,RSI2_10_90,2:1/5d
RTX,462,30.5,3.212,-29.922,-19.809,-9151.87,0.05,0.183,RSI2_10_90,2:1/5d
DE,474,32.1,4.099,-7.182,-3.565,-1689.57,0.27,0.188,RSI2_10_90,2:1/5d
LMT,474,31.2,2.658,-12.586,-7.826,-3709.67,0.1,0.188,RSI2_10_90,2:1/5d
MMM,449,30.1,3.026,-30.864,-20.674,-9282.74,0.04,0.178,RSI2_10_90,2:1/5d
FDX,467,31.7,4.011,-9.38,-5.136,-2398.6,0.2,0.185,RSI2_10_90,2:1/5d
XOM,472,29.9,3.766,-17.469,-11.125,-5251.21,0.09,0.187,RSI2_10_90,2:1/5d
CVX,489,25.8,3.201,-19.244,-13.46,-6582.1,0.06,0.194,RSI2_10_90,2:1/5d
COP,464,25.9,5.063,-15.457,-10.15,-4709.71,0.11,0.184,RSI2_10_90,2:1/5d
SLB,459,30.7,5.303,-11.932,-6.638,-3046.78,0.2,0.182,RSI2_10_90,2:1/5d
EOG,455,28.8,4.661,-17.886,-11.394,-5184.45,0.11,0.18,RSI2_10_90,2:1/5d
MPC,473,29.2,4.591,-13.496,-8.219,-3887.51,0.14,0.187,RSI2_10_90,2:1/5d
VLO,471,28.5,5.64,-17.745,-11.092,-5224.26,0.13,0.187,RSI2_10_90,2:1/5d
PSX,484,28.3,4.269,-18.244,-11.871,-5745.59,0.09,0.192,RSI2_10_90,2:1/5d
OXY,439,30.5,5.388,-9.244,-4.778,-2097.46,0.26,0.174,RSI2_10_90,2:1/5d
HAL,456,29.6,5.484,-10.367,-5.674,-2587.4,0.22,0.181,RSI2_10_90,2:1/5d
NFLX,484,24.4,4.665,-653.43,-492.985,-238604.8,0.0,0.192,RSI2_10_90,2:1/5d
DIS,445,36.0,3.429,-3.543,-1.036,-461.16,0.54,0.176,RSI2_10_90,2:1/5d
CMCSA,449,30.5,2.977,-18.57,-11.995,-5385.82,0.07,0.178,RSI2_10_90,2:1/5d
T,460,27.6,2.461,-54.406,-38.706,-17804.67,0.02,0.182,RSI2_10_90,2:1/5d
VZ,469,26.7,2.456,-25.963,-18.388,-8624.13,0.03,0.186,RSI2_10_90,2:1/5d
TMUS,466,29.6,3.26,-4.281,-2.048,-954.2,0.32,0.184,RSI2_10_90,2:1/5d
CHTR,440,44.3,3.316,-2.383,0.143,62.82,1.11,0.174,RSI2_10_90,2:1/5d
EA,444,38.5,3.592,-3.18,-0.572,-253.91,0.71,0.176,RSI2_10_90,2:1/5d
ATVI,340,39.7,3.155,-3.231,-0.695,-236.43,0.64,0.164,RSI2_10_90,2:1/5d
WBD,445,43.4,5.147,-3.711,0.131,58.31,1.06,0.177,RSI2_10_90,2:1/5d
LIN,450,34.2,3.108,-7.121,-3.62,-1629.19,0.23,0.179,RSI2_10_90,2:1/5d
APD,494,25.7,3.054,-11.396,-7.681,-3794.6,0.09,0.196,RSI2_10_90,2:1/5d
SHW,468,30.6,3.315,-92.726,-63.38,-29661.85,0.02,0.186,RSI2_10_90,2:1/5d
ECL,445,34.6,3.625,-5.502,-2.343,-1042.85,0.35,0.176,RSI2_10_90,2:1/5d
DD,472,22.9,3.283,-106.509,-81.387,-38414.77,0.01,0.187,RSI2_10_90,2:1/5d
NEM,455,30.8,4.302,-12.789,-7.53,-3426.26,0.15,0.18,RSI2_10_90,2:1/5d
FCX,446,34.3,6.566,-7.116,-2.422,-1080.29,0.48,0.177,RSI2_10_90,2:1/5d
NUE,457,33.7,4.944,-9.076,-4.351,-1988.61,0.28,0.181,RSI2_10_90,2:1/5d
DOW,384,29.9,3.975,-22.653,-14.678,-5636.35,0.08,0.185,RSI2_10_90,2:1/5d
CF,460,31.5,4.819,-11.523,-6.371,-2930.82,0.19,0.183,RSI2_10_90,2:1/5d
SPY,468,28.6,2.426,-6.984,-4.289,-2007.46,0.14,0.186,RSI2_10_90,2:1/5d
QQQ,481,29.7,3.192,-3.616,-1.592,-765.57,0.37,0.191,RSI2_10_90,2:1/5d
IWM,452,31.6,3.004,-6.227,-3.307,-1494.59,0.22,0.179,RSI2_10_90,2:1/5d
XLF,458,28.6,2.83,-8.357,-5.157,-2362.05,0.14,0.182,RSI2_10_90,2:1/5d
XLE,521,22.3,3.407,-111.269,-85.736,-44668.69,0.01,0.207,RSI2_10_90,2:1/5d
XLK,562,21.5,3.058,-92.084,-71.6,-40239.28,0.01,0.223,RSI2_10_90,2:1/5d
XLV,467,34.0,1.847,-7.797,-4.514,-2107.86,0.12,0.185,RSI2_10_90,2:1/5d
XLP,459,31.8,1.501,-12.162,-7.816,-3587.68,0.06,0.182,RSI2_10_90,2:1/5d
GLD,460,44.8,1.487,-0.955,0.139,63.94,1.26,0.183,RSI2_10_90,2:1/5d
TLT,439,32.6,1.737,-13.98,-8.86,-3889.62,0.06,0.175,RSI2_10_90,2:1/5d
AMD,456,38.8,5.903,-3.908,-0.1,-45.55,0.96,0.181,RSI2_10_90,2:1/5d
INTC,457,34.1,4.634,-8.921,-4.294,-1962.24,0.27,0.181,RSI2_10_90,2:1/5d
CRM,453,37.3,3.941,-2.923,-0.362,-164.06,0.8,0.18,RSI2_10_90,2:1/5d
PYPL,434,41.9,4.433,-2.879,0.188,81.41,1.11,0.172,RSI2_10_90,2:1/5d
SQ,447,39.8,6.541,-4.414,-0.051,-23.01,0.98,0.177,RSI2_10_90,2:1/5d
SHOP,480,30.8,7.356,-496.517,-341.156,-163754.93,0.01,0.19,RSI2_10_90,2:1/5d
UBER,359,39.8,5.588,-3.817,-0.071,-25.36,0.97,0.177,RSI2_10_90,2:1/5d
ABNB,244,45.5,5.614,-3.547,0.62,151.32,1.32,0.168,RSI2_10_90,2:1/5d
COIN,237,42.6,10.051,-6.671,0.456,107.96,1.12,0.178,RSI2_10_90,2:1/5d
SNAP,440,40.5,6.955,-4.555,0.101,44.51,1.04,0.175,RSI2_10_90,2:1/5d
AAPL,710,37.5,79.953,-141.057,-58.256,-41361.94,0.34,0.281,RSI2_10_90,1:1/3d
MSFT,657,44.3,3.804,-4.803,-0.991,-651.13,0.63,0.261,RSI2_10_90,1:1/3d
AMZN,727,37.4,700.028,-1185.057,-479.771,-348793.44,0.35,0.288,RSI2_10_90,1:1/3d
GOOGL,750,38.1,699.687,-1252.543,-508.092,-381069.34,0.34,0.298,RSI2_10_90,1:1/3d
META,620,49.7,2.727,-2.536,0.078,48.63,1.06,0.246,RSI2_10_90,1:1/3d
NVDA,767,33.4,1530.331,-2012.818,-830.228,-636785.15,0.38,0.304,RSI2_10_90,1:1/3d
TSLA,739,34.9,322.926,-526.953,-230.242,-170149.2,0.33,0.293,RSI2_10_90,1:1/3d
AVGO,758,30.9,664.003,-830.209,-368.935,-279652.82,0.36,0.3,RSI2_10_90,1:1/3d
ORCL,633,41.1,4.668,-6.694,-2.027,-1283.05,0.49,0.251,RSI2_10_90,1:1/3d
ADBE,611,50.1,2.29,-2.216,0.04,24.71,1.04,0.242,RSI2_10_90,1:1/3d
JPM,670,38.2,8.63,-11.682,-3.921,-2627.1,0.46,0.265,RSI2_10_90,1:1/3d
BAC,672,39.4,7.957,-11.482,-3.816,-2564.64,0.45,0.266,RSI2_10_90,1:1/3d
WFC,636,41.4,8.59,-11.316,-3.084,-1961.65,0.54,0.252,RSI2_10_90,1:1/3d
GS,670,37.0,7.478,-10.873,-4.08,-2733.85,0.4,0.265,RSI2_10_90,1:1/3d
MS,667,38.1,10.174,-13.635,-4.568,-3046.81,0.46,0.264,RSI2_10_90,1:1/3d
C,661,37.4,11.432,-14.79,-4.991,-3299.33,0.46,0.262,RSI2_10_90,1:1/3d
BLK,683,40.1,7.608,-11.573,-3.878,-2648.77,0.44,0.27,RSI2_10_90,1:1/3d
SCHW,626,44.7,5.35,-6.961,-1.454,-910.49,0.62,0.248,RSI2_10_90,1:1/3d
AXP,675,42.7,4.973,-6.355,-1.522,-1027.04,0.58,0.267,RSI2_10_90,1:1/3d
USB,673,37.7,13.373,-20.989,-8.02,-5397.71,0.39,0.266,RSI2_10_90,1:1/3d
UNH,670,43.1,6.298,-8.533,-2.135,-1430.76,0.56,0.266,RSI2_10_90,1:1/3d
JNJ,674,41.4,8.419,-12.29,-3.718,-2505.7,0.48,0.267,RSI2_10_90,1:1/3d
LLY,662,40.3,4.027,-5.938,-1.919,-1270.23,0.46,0.262,RSI2_10_90,1:1/3d
PFE,676,34.5,17.326,-25.681,-10.857,-7339.59,0.35,0.268,RSI2_10_90,1:1/3d
ABBV,690,36.8,11.591,-18.362,-7.336,-5061.71,0.37,0.273,RSI2_10_90,1:1/3d
MRK,672,36.2,11.506,-16.979,-6.678,-4487.94,0.38,0.266,RSI2_10_90,1:1/3d
TMO,652,46.3,2.307,-2.418,-0.229,-149.56,0.82,0.259,RSI2_10_90,1:1/3d
ABT,658,40.6,5.706,-8.639,-2.818,-1854.38,0.45,0.26,RSI2_10_90,1:1/3d
DHR,693,38.4,8.99,-12.78,-4.424,-3065.49,0.44,0.275,RSI2_10_90,1:1/3d
BMY,680,37.2,12.347,-17.074,-6.128,-4166.93,0.43,0.269,RSI2_10_90,1:1/3d
WMT,737,32.7,119.656,-166.689,-73.054,-53840.69,0.35,0.292,RSI2_10_90,1:1/3d
PG,663,39.4,6.876,-11.657,-4.362,-2891.8,0.38,0.263,RSI2_10_90,1:1/3d
KO,671,40.1,8.758,-13.882,-4.806,-3224.56,0.42,0.267,RSI2_10_90,1:1/3d
PEP,674,39.3,9.148,-14.998,-5.504,-3709.8,0.4,0.268,RSI2_10_90,1:1/3d
COST,684,38.2,4.705,-6.685,-2.339,-1599.85,0.43,0.271,RSI2_10_90,1:1/3d
HD,697,39.5,7.99,-11.816,-4.002,-2789.06,0.44,0.276,RSI2_10_90,1:1/3d
MCD,652,41.3,7.278,-10.557,-3.198,-2085.42,0.48,0.258,RSI2_10_90,1:1/3d
NKE,663,44.2,5.729,-7.242,-1.509,-1000.75,0.63,0.263,RSI2_10_90,1:1/3d
SBUX,646,40.1,7.608,-10.766,-3.399,-2195.73,0.47,0.256,RSI2_10_90,1:1/3d
TGT,669,38.6,9.497,-13.958,-4.912,-3286.46,0.43,0.265,RSI2_10_90,1:1/3d
CAT,695,38.7,7.118,-8.993,-2.757,-1916.22,0.5,0.276,RSI2_10_90,1:1/3d
GE,686,48.0,41.094,-37.872,-0.0,-0.14,1.0,0.272,RSI2_10_90,1:1/3d
HON,677,40.5,6.555,-9.745,-3.148,-2131.28,0.46,0.268,RSI2_10_90,1:1/3d
UNP,653,42.3,7.389,-10.346,-2.85,-1861.29,0.52,0.259,RSI2_10_90,1:1/3d
BA,633,49.6,2.991,-3.224,-0.141,-89.4,0.91,0.251,RSI2_10_90,1:1/3d
RTX,674,38.3,19.972,-32.392,-12.347,-8322.18,0.38,0.267,RSI2_10_90,1:1/3d
DE,675,42.7,5.859,-7.058,-1.547,-1043.93,0.62,0.267,RSI2_10_90,1:1/3d
LMT,668,37.9,8.286,-12.642,-4.715,-3149.89,0.4,0.265,RSI2_10_90,1:1/3d
MMM,669,38.3,21.192,-32.898,-12.2,-8161.59,0.4,0.265,RSI2_10_90,1:1/3d
FDX,670,39.1,6.744,-9.432,-3.106,-2081.12,0.46,0.265,RSI2_10_90,1:1/3d
XOM,696,39.7,12.854,-18.597,-6.125,-4262.92,0.45,0.276,RSI2_10_90,1:1/3d
CVX,683,37.0,13.202,-19.824,-7.591,-5184.41,0.39,0.27,RSI2_10_90,1:1/3d
COP,669,38.3,11.496,-15.773,-5.338,-3571.24,0.45,0.265,RSI2_10_90,1:1/3d
SLB,679,43.9,9.073,-12.15,-2.836,-1925.33,0.58,0.269,RSI2_10_90,1:1/3d
EOG,665,38.0,13.601,-18.866,-6.514,-4331.64,0.44,0.263,RSI2_10_90,1:1/3d
MPC,656,37.2,9.705,-13.137,-4.641,-3044.36,0.44,0.26,RSI2_10_90,1:1/3d
VLO,678,37.9,12.494,-17.573,-6.176,-4187.31,0.43,0.269,RSI2_10_90,1:1/3d
PSX,700,35.7,12.606,-18.352,-7.295,-5106.82,0.38,0.277,RSI2_10_90,1:1/3d
OXY,639,42.7,7.003,-9.263,-2.314,-1478.38,0.56,0.253,RSI2_10_90,1:1/3d
HAL,671,44.0,8.154,-10.313,-2.194,-1472.23,0.62,0.266,RSI2_10_90,1:1/3d
NFLX,751,34.8,591.925,-730.492,-270.904,-203448.58,0.43,0.298,RSI2_10_90,1:1/3d
DIS,638,47.0,3.095,-3.423,-0.358,-228.45,0.8,0.253,RSI2_10_90,1:1/3d
CMCSA,658,40.7,13.602,-18.886,-5.654,-3720.22,0.49,0.262,RSI2_10_90,1:1/3d
T,659,34.3,34.483,-54.734,-24.137,-15906.51,0.33,0.261,RSI2_10_90,1:1/3d
VZ,670,37.0,19.434,-26.763,-9.663,-6474.48,0.43,0.265,RSI2_10_90,1:1/3d
TMUS,674,43.0,3.592,-4.194,-0.844,-568.93,0.65,0.267,RSI2_10_90,1:1/3d
CHTR,614,49.5,2.081,-2.149,-0.054,-33.39,0.95,0.244,RSI2_10_90,1:1/3d
EA,624,42.8,2.79,-3.059,-0.556,-347.16,0.68,0.247,RSI2_10_90,1:1/3d
ATVI,496,45.0,2.755,-2.982,-0.403,-199.83,0.75,0.239,RSI2_10_90,1:1/3d
WBD,622,50.0,3.374,-3.443,-0.034,-21.31,0.98,0.246,RSI2_10_90,1:1/3d
LIN,641,40.9,4.883,-6.876,-2.07,-1326.58,0.49,0.255,RSI2_10_90,1:1/3d
APD,690,38.0,7.402,-11.244,-4.164,-2872.99,0.4,0.274,RSI2_10_90,1:1/3d
SHW,691,40.8,68.445,-110.413,-37.421,-25857.65,0.43,0.275,RSI2_10_90,1:1/3d
ECL,654,45.9,4.259,-5.549,-1.05,-686.6,0.65,0.259,RSI2_10_90,1:1/3d
DD,702,31.3,89.465,-113.697,-50.028,-35119.7,0.36,0.278,RSI2_10_90,1:1/3d
NEM,658,41.5,9.687,-13.106,-3.649,-2401.15,0.52,0.261,RSI2_10_90,1:1/3d
FCX,639,43.7,6.133,-7.175,-1.365,-871.94,0.66,0.254,RSI2_10_90,1:1/3d
NUE,661,44.0,6.456,-9.089,-2.245,-1484.02,0.56,0.262,RSI2_10_90,1:1/3d
DOW,565,37.5,16.135,-22.977,-8.302,-4690.43,0.42,0.271,RSI2_10_90,1:1/3d
CF,669,40.8,8.634,-11.688,-3.395,-2271.46,0.51,0.266,RSI2_10_90,1:1/3d
SPY,672,41.7,4.53,-6.694,-2.018,-1355.86,0.48,0.266,RSI2_10_90,1:1/3d
QQQ,676,43.6,2.912,-3.654,-0.789,-533.09,0.62,0.268,RSI2_10_90,1:1/3d
IWM,667,45.7,4.872,-6.182,-1.127,-751.95,0.66,0.264,RSI2_10_90,1:1/3d
XLF,645,38.4,5.482,-7.99,-2.81,-1812.39,0.43,0.256,RSI2_10_90,1:1/3d
XLE,745,28.9,80.874,-114.791,-58.324,-43451.13,0.29,0.295,RSI2_10_90,1:1/3d
XLK,802,28.6,77.046,-96.564,-46.992,-37687.75,0.32,0.318,RSI2_10_90,1:1/3d
XLV,688,42.2,5.082,-7.872,-2.412,-1659.32,0.47,0.273,RSI2_10_90,1:1/3d
XLP,673,39.8,7.865,-12.283,-4.26,-2866.66,0.42,0.266,RSI2_10_90,1:1/3d
GLD,646,51.5,0.924,-0.862,0.059,37.83,1.14,0.256,RSI2_10_90,1:1/3d
TLT,639,43.5,8.487,-14.442,-4.466,-2854.0,0.45,0.253,RSI2_10_90,1:1/3d
AMD,624,47.3,3.775,-3.586,-0.106,-66.02,0.94,0.247,RSI2_10_90,1:1/3d
INTC,639,43.2,6.552,-8.929,-2.242,-1432.89,0.56,0.253,RSI2_10_90,1:1/3d
CRM,616,44.6,2.573,-2.612,-0.297,-182.85,0.79,0.244,RSI2_10_90,1:1/3d
PYPL,618,50.2,2.625,-2.678,-0.018,-11.08,0.99,0.245,RSI2_10_90,1:1/3d
SQ,630,47.8,4.076,-4.174,-0.232,-146.34,0.89,0.25,RSI2_10_90,1:1/3d
SHOP,737,35.3,334.856,-551.328,-238.698,-175920.76,0.33,0.292,RSI2_10_90,1:1/3d
UBER,500,47.2,3.541,-3.631,-0.246,-122.82,0.87,0.247,RSI2_10_90,1:1/3d
ABNB,348,50.9,3.331,-3.272,0.087,30.13,1.05,0.24,RSI2_10_90,1:1/3d
COIN,324,46.9,6.367,-6.292,-0.353,-114.36,0.89,0.244,RSI2_10_90,1:1/3d
SNAP,605,49.3,4.188,-4.134,-0.035,-21.02,0.98,0.24,RSI2_10_90,1:1/3d
AAPL,392,37.8,3.801,-103.039,-62.702,-24579.08,0.02,0.155,IBS_15_85,1.5:1/5d
MSFT,369,37.9,4.406,-4.614,-1.192,-439.76,0.58,0.146,IBS_15_85,1.5:1/5d
AMZN,365,39.7,3.707,-905.322,-544.201,-198633.36,0.0,0.145,IBS_15_85,1.5:1/5d
GOOGL,347,32.9,3.267,-988.194,-662.469,-229876.83,0.0,0.138,IBS_15_85,1.5:1/5d
META,359,45.1,3.927,-2.927,0.166,59.58,1.1,0.143,IBS_15_85,1.5:1/5d
NVDA,370,33.2,5.973,-1730.269,-1153.086,-426641.72,0.0,0.147,IBS_15_85,1.5:1/5d
TSLA,352,35.2,7.023,-428.104,-274.821,-96736.85,0.01,0.139,IBS_15_85,1.5:1/5d
AVGO,362,30.9,4.399,-654.71,-450.787,-163184.84,0.0,0.144,IBS_15_85,1.5:1/5d
ORCL,324,39.8,3.994,-5.735,-1.861,-603.04,0.46,0.129,IBS_15_85,1.5:1/5d
ADBE,367,44.1,3.679,-2.53,0.211,77.41,1.15,0.146,IBS_15_85,1.5:1/5d
JPM,322,36.3,4.379,-9.616,-4.531,-1459.03,0.26,0.128,IBS_15_85,1.5:1/5d
BAC,295,39.7,5.562,-9.21,-3.352,-988.72,0.4,0.117,IBS_15_85,1.5:1/5d
WFC,317,37.2,5.508,-9.412,-3.858,-1223.13,0.35,0.126,IBS_15_85,1.5:1/5d
GS,325,37.2,4.254,-9.618,-4.453,-1447.22,0.26,0.129,IBS_15_85,1.5:1/5d
MS,305,42.6,5.778,-11.452,-4.108,-1252.96,0.37,0.121,IBS_15_85,1.5:1/5d
C,305,37.4,5.747,-13.859,-6.531,-1991.86,0.25,0.121,IBS_15_85,1.5:1/5d
BLK,322,38.8,4.368,-10.096,-4.481,-1443.03,0.27,0.128,IBS_15_85,1.5:1/5d
SCHW,323,39.0,5.72,-5.917,-1.378,-444.95,0.62,0.128,IBS_15_85,1.5:1/5d
AXP,336,39.9,4.871,-6.098,-1.723,-579.05,0.53,0.134,IBS_15_85,1.5:1/5d
USB,327,36.4,4.979,-17.229,-9.147,-2991.2,0.17,0.13,IBS_15_85,1.5:1/5d
UNH,319,40.1,4.72,-7.34,-2.501,-797.77,0.43,0.127,IBS_15_85,1.5:1/5d
JNJ,313,33.2,2.112,-10.027,-5.994,-1876.03,0.1,0.124,IBS_15_85,1.5:1/5d
LLY,321,39.3,3.649,-5.556,-1.943,-623.58,0.42,0.127,IBS_15_85,1.5:1/5d
PFE,309,31.4,3.053,-19.161,-12.188,-3765.97,0.07,0.122,IBS_15_85,1.5:1/5d
ABBV,297,36.4,3.126,-13.139,-7.225,-2145.72,0.14,0.118,IBS_15_85,1.5:1/5d
MRK,299,37.1,3.004,-14.329,-7.895,-2360.51,0.12,0.119,IBS_15_85,1.5:1/5d
TMO,343,39.9,3.329,-2.431,-0.13,-44.74,0.91,0.136,IBS_15_85,1.5:1/5d
ABT,326,40.8,3.556,-7.724,-3.122,-1017.69,0.32,0.129,IBS_15_85,1.5:1/5d
DHR,334,34.1,3.655,-10.478,-5.654,-1888.51,0.18,0.133,IBS_15_85,1.5:1/5d
BMY,309,39.8,3.215,-14.146,-7.235,-2235.63,0.15,0.123,IBS_15_85,1.5:1/5d
WMT,332,33.4,2.585,-130.683,-86.126,-28593.96,0.01,0.132,IBS_15_85,1.5:1/5d
PG,313,39.3,2.087,-10.159,-5.346,-1673.44,0.13,0.124,IBS_15_85,1.5:1/5d
KO,328,37.8,2.507,-11.817,-6.402,-2099.84,0.13,0.131,IBS_15_85,1.5:1/5d
PEP,317,35.6,2.632,-13.025,-7.444,-2359.72,0.11,0.126,IBS_15_85,1.5:1/5d
COST,348,34.2,3.109,-6.093,-2.946,-1025.24,0.27,0.138,IBS_15_85,1.5:1/5d
HD,334,36.2,4.291,-10.289,-5.007,-1672.47,0.24,0.133,IBS_15_85,1.5:1/5d
MCD,316,41.5,2.995,-8.402,-3.677,-1161.94,0.25,0.126,IBS_15_85,1.5:1/5d
NKE,331,36.9,4.679,-6.65,-2.474,-819.02,0.41,0.132,IBS_15_85,1.5:1/5d
SBUX,326,37.4,4.169,-9.178,-4.183,-1363.59,0.27,0.129,IBS_15_85,1.5:1/5d
TGT,321,34.0,5.221,-11.258,-5.662,-1817.59,0.24,0.127,IBS_15_85,1.5:1/5d
CAT,343,33.8,5.362,-8.667,-3.923,-1345.43,0.32,0.136,IBS_15_85,1.5:1/5d
GE,315,38.4,4.364,-29.604,-16.556,-5215.21,0.09,0.125,IBS_15_85,1.5:1/5d
HON,330,34.5,4.458,-7.856,-3.602,-1188.62,0.3,0.131,IBS_15_85,1.5:1/5d
UNP,315,38.1,3.837,-8.05,-3.522,-1109.35,0.29,0.125,IBS_15_85,1.5:1/5d
BA,363,40.5,4.128,-3.412,-0.359,-130.2,0.82,0.145,IBS_15_85,1.5:1/5d
RTX,338,35.2,4.573,-27.531,-16.228,-5485.16,0.09,0.134,IBS_15_85,1.5:1/5d
DE,320,36.9,5.404,-6.155,-1.892,-605.58,0.51,0.127,IBS_15_85,1.5:1/5d
LMT,313,35.5,2.6,-10.686,-5.975,-1870.04,0.13,0.125,IBS_15_85,1.5:1/5d
MMM,337,34.1,3.015,-27.962,-17.391,-5860.88,0.06,0.134,IBS_15_85,1.5:1/5d
FDX,317,38.5,5.9,-8.326,-2.851,-903.79,0.44,0.126,IBS_15_85,1.5:1/5d
XOM,334,34.1,4.133,-16.561,-9.498,-3172.17,0.13,0.133,IBS_15_85,1.5:1/5d
CVX,295,40.0,3.647,-15.628,-7.918,-2335.79,0.16,0.117,IBS_15_85,1.5:1/5d
COP,323,35.9,5.381,-12.213,-5.894,-1903.79,0.25,0.128,IBS_15_85,1.5:1/5d
SLB,293,43.3,7.067,-9.878,-2.533,-742.27,0.55,0.116,IBS_15_85,1.5:1/5d
EOG,315,34.6,5.837,-15.994,-8.44,-2658.48,0.19,0.125,IBS_15_85,1.5:1/5d
MPC,314,39.8,7.061,-10.847,-3.718,-1167.43,0.43,0.125,IBS_15_85,1.5:1/5d
VLO,317,34.1,7.03,-14.393,-7.094,-2248.91,0.25,0.126,IBS_15_85,1.5:1/5d
PSX,330,33.3,5.36,-14.808,-8.085,-2668.19,0.18,0.131,IBS_15_85,1.5:1/5d
OXY,315,38.4,7.293,-7.41,-1.762,-555.16,0.61,0.125,IBS_15_85,1.5:1/5d
HAL,316,34.2,8.477,-9.126,-3.109,-982.56,0.48,0.125,IBS_15_85,1.5:1/5d
NFLX,346,30.6,5.66,-578.012,-399.199,-138122.82,0.0,0.137,IBS_15_85,1.5:1/5d
DIS,345,39.7,4.022,-3.283,-0.382,-131.78,0.81,0.137,IBS_15_85,1.5:1/5d
CMCSA,306,34.6,3.529,-16.152,-9.335,-2856.36,0.12,0.122,IBS_15_85,1.5:1/5d
T,314,39.8,3.368,-43.023,-24.555,-7710.25,0.05,0.125,IBS_15_85,1.5:1/5d
VZ,317,31.2,2.541,-22.27,-14.521,-4603.27,0.05,0.126,IBS_15_85,1.5:1/5d
TMUS,326,38.0,3.943,-3.919,-0.929,-302.72,0.62,0.13,IBS_15_85,1.5:1/5d
CHTR,329,47.7,3.144,-2.513,0.187,61.43,1.14,0.131,IBS_15_85,1.5:1/5d
EA,332,44.3,3.898,-3.026,0.039,13.09,1.02,0.132,IBS_15_85,1.5:1/5d
ATVI,290,41.7,3.516,-3.261,-0.434,-125.8,0.77,0.14,IBS_15_85,1.5:1/5d
WBD,349,42.1,4.682,-3.791,-0.222,-77.4,0.9,0.139,IBS_15_85,1.5:1/5d
LIN,323,38.4,4.182,-5.467,-1.762,-569.28,0.48,0.128,IBS_15_85,1.5:1/5d
APD,332,35.8,4.36,-10.008,-4.858,-1612.89,0.24,0.132,IBS_15_85,1.5:1/5d
SHW,350,39.4,3.374,-82.506,-48.645,-17025.75,0.03,0.139,IBS_15_85,1.5:1/5d
ECL,341,40.2,4.038,-4.675,-1.175,-400.58,0.58,0.135,IBS_15_85,1.5:1/5d
DD,307,37.1,4.839,-94.879,-57.85,-17759.95,0.03,0.122,IBS_15_85,1.5:1/5d
NEM,340,31.2,5.399,-12.776,-7.109,-2417.22,0.19,0.135,IBS_15_85,1.5:1/5d
FCX,321,39.6,7.859,-6.54,-0.843,-270.61,0.79,0.127,IBS_15_85,1.5:1/5d
NUE,327,39.4,5.966,-7.719,-2.32,-758.8,0.5,0.13,IBS_15_85,1.5:1/5d
DOW,240,37.1,5.48,-18.355,-9.516,-2283.84,0.18,0.115,IBS_15_85,1.5:1/5d
CF,320,38.4,7.221,-9.776,-3.243,-1037.73,0.46,0.127,IBS_15_85,1.5:1/5d
SPY,375,37.3,3.129,-6.43,-2.861,-1073.05,0.29,0.149,IBS_15_85,1.5:1/5d
QQQ,403,35.7,3.663,-3.584,-0.995,-400.89,0.57,0.16,IBS_15_85,1.5:1/5d
IWM,342,36.0,4.356,-5.378,-1.877,-642.0,0.45,0.136,IBS_15_85,1.5:1/5d
XLF,326,36.2,3.832,-7.037,-3.102,-1011.38,0.31,0.129,IBS_15_85,1.5:1/5d
XLE,329,36.5,3.426,-94.665,-58.887,-19373.91,0.02,0.131,IBS_15_85,1.5:1/5d
XLK,408,27.9,3.342,-86.633,-61.493,-25089.25,0.01,0.162,IBS_15_85,1.5:1/5d
XLV,337,37.7,2.679,-7.058,-3.388,-1141.88,0.23,0.134,IBS_15_85,1.5:1/5d
XLP,335,33.1,1.792,-10.691,-6.555,-2195.84,0.08,0.133,IBS_15_85,1.5:1/5d
GLD,334,43.1,1.319,-0.936,0.036,12.03,1.07,0.132,IBS_15_85,1.5:1/5d
TLT,327,39.1,2.066,-11.751,-6.343,-2074.12,0.11,0.13,IBS_15_85,1.5:1/5d
AMD,378,42.3,5.438,-4.013,-0.012,-4.67,0.99,0.15,IBS_15_85,1.5:1/5d
INTC,341,41.6,5.311,-7.793,-2.336,-796.61,0.49,0.135,IBS_15_85,1.5:1/5d
CRM,368,46.5,3.516,-2.931,0.065,23.86,1.04,0.146,IBS_15_85,1.5:1/5d
PYPL,371,46.6,4.006,-3.059,0.236,87.46,1.14,0.147,IBS_15_85,1.5:1/5d
SQ,347,43.5,6.129,-4.686,0.02,7.04,1.01,0.137,IBS_15_85,1.5:1/5d
SHOP,355,37.7,6.676,-432.314,-266.611,-94646.9,0.01,0.141,IBS_15_85,1.5:1/5d
UBER,275,41.5,4.972,-3.985,-0.272,-74.82,0.88,0.136,IBS_15_85,1.5:1/5d
ABNB,202,39.6,4.896,-3.504,-0.177,-35.75,0.92,0.141,IBS_15_85,1.5:1/5d
COIN,200,37.0,9.107,-6.736,-0.874,-174.81,0.79,0.151,IBS_15_85,1.5:1/5d
SNAP,340,41.8,6.107,-4.665,-0.166,-56.45,0.94,0.135,IBS_15_85,1.5:1/5d
AAPL,374,36.9,3.942,-106.409,-65.691,-24568.46,0.02,0.149,IBS_15_85,2:1/5d
MSFT,350,38.6,3.797,-4.669,-1.404,-491.35,0.51,0.139,IBS_15_85,2:1/5d
AMZN,354,38.7,3.843,-917.784,-561.109,-198632.47,0.0,0.14,IBS_15_85,2:1/5d
GOOGL,342,32.5,3.41,-996.721,-672.117,-229863.94,0.0,0.136,IBS_15_85,2:1/5d
META,329,43.5,4.016,-2.889,0.112,36.96,1.07,0.131,IBS_15_85,2:1/5d
NVDA,370,33.2,6.099,-1730.269,-1153.044,-426626.25,0.0,0.147,IBS_15_85,2:1/5d
TSLA,344,35.5,7.055,-439.536,-281.152,-96716.43,0.01,0.136,IBS_15_85,2:1/5d
AVGO,362,30.9,4.542,-654.71,-450.742,-163168.74,0.0,0.144,IBS_15_85,2:1/5d
ORCL,313,40.3,3.548,-5.709,-1.982,-620.45,0.42,0.124,IBS_15_85,2:1/5d
ADBE,341,39.6,4.11,-2.501,0.116,39.65,1.08,0.135,IBS_15_85,2:1/5d
JPM,317,36.3,3.273,-9.597,-4.928,-1562.11,0.19,0.126,IBS_15_85,2:1/5d
BAC,291,38.8,4.329,-9.181,-3.935,-1144.94,0.3,0.115,IBS_15_85,2:1/5d
WFC,311,36.0,3.788,-9.283,-4.576,-1423.01,0.23,0.124,IBS_15_85,2:1/5d
GS,317,37.9,3.705,-9.674,-4.609,-1461.17,0.23,0.126,IBS_15_85,2:1/5d
MS,296,42.6,4.542,-11.283,-4.546,-1345.76,0.3,0.118,IBS_15_85,2:1/5d
C,304,37.5,4.175,-13.852,-7.092,-2156.04,0.18,0.121,IBS_15_85,2:1/5d
BLK,317,38.5,3.625,-10.087,-4.81,-1524.66,0.22,0.126,IBS_15_85,2:1/5d
SCHW,312,38.8,4.702,-5.948,-1.818,-567.1,0.5,0.124,IBS_15_85,2:1/5d
AXP,318,39.3,3.827,-6.107,-2.202,-700.35,0.41,0.126,IBS_15_85,2:1/5d
USB,325,36.3,3.773,-17.133,-9.542,-3101.29,0.13,0.129,IBS_15_85,2:1/5d
UNH,313,39.3,3.509,-7.283,-3.042,-952.18,0.31,0.124,IBS_15_85,2:1/5d
JNJ,312,33.0,1.936,-10.027,-6.078,-1896.28,0.1,0.124,IBS_15_85,2:1/5d
LLY,310,40.0,3.578,-5.568,-1.91,-591.95,0.43,0.123,IBS_15_85,2:1/5d
PFE,309,31.4,2.915,-19.161,-12.231,-3779.39,0.07,0.122,IBS_15_85,2:1/5d
ABBV,296,36.5,3.034,-13.182,-7.265,-2150.51,0.13,0.118,IBS_15_85,2:1/5d
MRK,298,37.2,2.809,-14.364,-7.967,-2374.28,0.12,0.119,IBS_15_85,2:1/5d
TMO,326,36.8,3.408,-2.409,-0.268,-87.22,0.82,0.129,IBS_15_85,2:1/5d
ABT,319,40.8,2.84,-7.729,-3.422,-1091.65,0.25,0.127,IBS_15_85,2:1/5d
DHR,330,34.2,2.973,-10.408,-5.826,-1922.47,0.15,0.131,IBS_15_85,2:1/5d
BMY,308,39.0,2.642,-14.035,-7.538,-2321.57,0.12,0.122,IBS_15_85,2:1/5d
WMT,330,33.3,2.555,-131.271,-86.662,-28598.49,0.01,0.131,IBS_15_85,2:1/5d
PG,311,39.5,1.941,-10.252,-5.429,-1688.55,0.12,0.123,IBS_15_85,2:1/5d
KO,327,37.9,2.173,-11.817,-6.512,-2129.5,0.11,0.13,IBS_15_85,2:1/5d
PEP,317,35.6,2.265,-13.025,-7.575,-2401.13,0.1,0.126,IBS_15_85,2:1/5d
COST,340,34.1,2.764,-6.102,-3.077,-1046.25,0.23,0.135,IBS_15_85,2:1/5d
HD,331,36.3,3.397,-10.363,-5.375,-1778.98,0.19,0.131,IBS_15_85,2:1/5d
MCD,314,41.7,2.223,-8.432,-3.987,-1251.93,0.19,0.125,IBS_15_85,2:1/5d
NKE,322,36.0,3.738,-6.523,-2.827,-910.16,0.32,0.128,IBS_15_85,2:1/5d
SBUX,319,37.9,3.638,-9.165,-4.309,-1374.49,0.24,0.126,IBS_15_85,2:1/5d
TGT,316,33.9,4.208,-11.181,-5.97,-1886.59,0.19,0.125,IBS_15_85,2:1/5d
CAT,335,33.7,4.222,-8.574,-4.258,-1426.31,0.25,0.133,IBS_15_85,2:1/5d
GE,313,38.3,4.459,-29.743,-16.63,-5205.19,0.09,0.124,IBS_15_85,2:1/5d
HON,322,33.9,3.039,-7.882,-4.185,-1347.58,0.2,0.128,IBS_15_85,2:1/5d
UNP,311,37.3,2.728,-8.085,-4.052,-1260.16,0.2,0.123,IBS_15_85,2:1/5d
BA,353,36.5,4.476,-3.442,-0.548,-193.58,0.75,0.141,IBS_15_85,2:1/5d
RTX,330,36.1,4.129,-28.352,-16.639,-5490.79,0.08,0.131,IBS_15_85,2:1/5d
DE,312,37.5,4.444,-6.11,-2.152,-671.51,0.44,0.124,IBS_15_85,2:1/5d
LMT,312,35.6,2.505,-10.684,-5.992,-1869.57,0.13,0.124,IBS_15_85,2:1/5d
MMM,335,34.3,3.022,-28.184,-17.471,-5852.93,0.06,0.133,IBS_15_85,2:1/5d
FDX,311,38.3,4.339,-8.324,-3.479,-1081.97,0.32,0.123,IBS_15_85,2:1/5d
XOM,334,33.8,3.657,-16.517,-9.692,-3237.02,0.11,0.133,IBS_15_85,2:1/5d
CVX,294,40.1,3.36,-15.567,-7.97,-2343.27,0.14,0.117,IBS_15_85,2:1/5d
COP,322,36.0,4.336,-12.191,-6.237,-2008.42,0.2,0.128,IBS_15_85,2:1/5d
SLB,288,43.4,5.543,-9.782,-3.13,-901.52,0.43,0.114,IBS_15_85,2:1/5d
EOG,312,34.9,4.823,-15.947,-8.691,-2711.58,0.16,0.124,IBS_15_85,2:1/5d
MPC,309,38.5,5.155,-10.815,-4.665,-1441.45,0.3,0.123,IBS_15_85,2:1/5d
VLO,313,33.5,5.187,-14.416,-7.84,-2453.87,0.18,0.124,IBS_15_85,2:1/5d
PSX,329,33.4,3.959,-14.825,-8.544,-2811.07,0.13,0.131,IBS_15_85,2:1/5d
OXY,309,37.9,6.325,-7.539,-2.29,-707.59,0.51,0.123,IBS_15_85,2:1/5d
HAL,304,35.5,7.133,-9.024,-3.284,-998.39,0.44,0.121,IBS_15_85,2:1/5d
NFLX,346,30.6,5.66,-578.012,-399.199,-138122.82,0.0,0.137,IBS_15_85,2:1/5d
DIS,329,37.1,3.845,-3.207,-0.592,-194.69,0.71,0.131,IBS_15_85,2:1/5d
CMCSA,306,34.6,3.035,-16.152,-9.505,-2908.66,0.1,0.122,IBS_15_85,2:1/5d
T,310,39.7,2.8,-43.409,-25.075,-7773.1,0.04,0.123,IBS_15_85,2:1/5d
VZ,315,31.4,2.361,-22.321,-14.563,-4587.5,0.05,0.125,IBS_15_85,2:1/5d
TMUS,311,37.9,3.206,-3.856,-1.176,-365.87,0.51,0.124,IBS_15_85,2:1/5d
CHTR,316,46.2,3.383,-2.464,0.238,75.09,1.18,0.126,IBS_15_85,2:1/5d
EA,309,42.1,3.681,-2.966,-0.169,-52.33,0.9,0.123,IBS_15_85,2:1/5d
ATVI,270,40.7,3.559,-3.213,-0.454,-122.61,0.76,0.13,IBS_15_85,2:1/5d
WBD,335,40.3,4.942,-3.807,-0.281,-94.2,0.88,0.133,IBS_15_85,2:1/5d
LIN,318,37.4,3.113,-5.448,-2.244,-713.62,0.34,0.126,IBS_15_85,2:1/5d
APD,328,36.3,3.188,-10.161,-5.318,-1744.26,0.18,0.131,IBS_15_85,2:1/5d
SHW,345,39.1,3.272,-83.246,-49.391,-17039.9,0.03,0.137,IBS_15_85,2:1/5d
ECL,330,38.5,3.223,-4.612,-1.597,-526.89,0.44,0.131,IBS_15_85,2:1/5d
DD,306,37.3,3.608,-94.724,-58.09,-17775.66,0.02,0.122,IBS_15_85,2:1/5d
NEM,332,31.0,4.357,-12.743,-7.438,-2469.41,0.15,0.132,IBS_15_85,2:1/5d
FCX,300,39.0,6.288,-6.487,-1.505,-451.37,0.62,0.119,IBS_15_85,2:1/5d
NUE,313,39.3,4.842,-7.672,-2.754,-862.11,0.41,0.124,IBS_15_85,2:1/5d
DOW,239,36.8,4.101,-18.292,-10.047,-2401.14,0.13,0.115,IBS_15_85,2:1/5d
CF,309,37.9,5.3,-9.644,-3.986,-1231.6,0.33,0.123,IBS_15_85,2:1/5d
SPY,366,36.1,2.334,-6.361,-3.225,-1180.35,0.21,0.145,IBS_15_85,2:1/5d
QQQ,385,35.3,3.46,-3.553,-1.076,-414.18,0.53,0.153,IBS_15_85,2:1/5d
IWM,331,35.3,3.659,-5.373,-2.18,-721.72,0.37,0.131,IBS_15_85,2:1/5d
XLF,318,35.8,2.53,-7.11,-3.654,-1162.07,0.2,0.126,IBS_15_85,2:1/5d
XLE,329,36.5,3.426,-94.665,-58.887,-19373.91,0.02,0.131,IBS_15_85,2:1/5d
XLK,408,27.9,3.342,-86.633,-61.493,-25089.25,0.01,0.162,IBS_15_85,2:1/5d
XLV,331,38.4,2.218,-7.042,-3.489,-1155.01,0.2,0.131,IBS_15_85,2:1/5d
XLP,335,33.1,1.692,-10.691,-6.588,-2206.9,0.08,0.133,IBS_15_85,2:1/5d
GLD,310,41.0,1.44,-0.908,0.054,16.75,1.1,0.123,IBS_15_85,2:1/5d
TLT,327,39.1,1.804,-11.751,-6.445,-2107.62,0.1,0.13,IBS_15_85,2:1/5d
AMD,357,40.9,6.022,-4.067,0.059,21.0,1.02,0.142,IBS_15_85,2:1/5d
INTC,329,40.1,4.681,-7.631,-2.691,-885.29,0.41,0.131,IBS_15_85,2:1/5d
CRM,348,44.8,3.885,-2.894,0.145,50.45,1.09,0.138,IBS_15_85,2:1/5d
PYPL,341,43.4,4.32,-2.998,0.178,60.74,1.1,0.135,IBS_15_85,2:1/5d
SQ,334,41.3,6.27,-4.674,-0.152,-50.71,0.94,0.133,IBS_15_85,2:1/5d
SHOP,345,36.5,6.864,-436.224,-274.4,-94668.12,0.01,0.137,IBS_15_85,2:1/5d
UBER,261,41.0,5.298,-3.949,-0.158,-41.2,0.93,0.129,IBS_15_85,2:1/5d
ABNB,191,39.3,5.346,-3.401,0.034,6.46,1.02,0.134,IBS_15_85,2:1/5d
COIN,185,35.7,9.395,-6.763,-0.998,-184.68,0.77,0.14,IBS_15_85,2:1/5d
SNAP,327,39.1,6.754,-4.656,-0.19,-62.13,0.93,0.13,IBS_15_85,2:1/5d
AAPL,546,41.9,88.896,-136.829,-42.156,-23017.43,0.47,0.216,IBS_15_85,1:1/3d
MSFT,507,45.8,4.149,-4.519,-0.552,-280.08,0.77,0.201,IBS_15_85,1:1/3d
AMZN,528,46.4,810.998,-1064.161,-194.059,-102463.05,0.66,0.209,IBS_15_85,1:1/3d
GOOGL,474,43.5,670.29,-1168.932,-369.608,-175193.97,0.44,0.188,IBS_15_85,1:1/3d
META,446,51.6,2.687,-2.647,0.104,46.39,1.08,0.177,IBS_15_85,1:1/3d
NVDA,541,38.6,1566.471,-1829.682,-517.675,-280062.22,0.54,0.215,IBS_15_85,1:1/3d
TSLA,488,40.4,320.685,-461.02,-145.455,-70981.85,0.47,0.194,IBS_15_85,1:1/3d
AVGO,539,41.2,706.047,-783.597,-170.052,-91657.81,0.63,0.214,IBS_15_85,1:1/3d
ORCL,460,51.7,6.224,-6.061,0.295,135.75,1.1,0.182,IBS_15_85,1:1/3d
ADBE,460,52.6,2.365,-2.269,0.169,77.69,1.16,0.182,IBS_15_85,1:1/3d
JPM,441,43.5,10.854,-10.005,-0.924,-407.31,0.84,0.175,IBS_15_85,1:1/3d
BAC,422,49.8,10.454,-10.479,-0.062,-26.32,0.99,0.167,IBS_15_85,1:1/3d
WFC,458,51.3,10.33,-10.21,0.329,150.71,1.07,0.182,IBS_15_85,1:1/3d
GS,460,47.8,8.864,-9.713,-0.828,-381.04,0.84,0.182,IBS_15_85,1:1/3d
MS,433,49.0,13.268,-11.877,0.434,188.02,1.07,0.172,IBS_15_85,1:1/3d
C,435,49.9,13.6,-13.894,-0.179,-77.67,0.97,0.172,IBS_15_85,1:1/3d
BLK,448,46.0,8.813,-10.627,-1.688,-756.34,0.71,0.178,IBS_15_85,1:1/3d
SCHW,447,48.3,6.025,-6.248,-0.317,-141.88,0.9,0.177,IBS_15_85,1:1/3d
AXP,455,47.7,5.266,-6.123,-0.692,-314.64,0.78,0.18,IBS_15_85,1:1/3d
USB,456,46.1,17.008,-18.414,-2.101,-958.13,0.79,0.181,IBS_15_85,1:1/3d
UNH,442,50.5,6.815,-8.272,-0.661,-292.0,0.84,0.175,IBS_15_85,1:1/3d
JNJ,426,41.5,10.407,-11.068,-2.146,-913.99,0.67,0.169,IBS_15_85,1:1/3d
LLY,427,48.2,4.467,-5.72,-0.805,-343.92,0.73,0.169,IBS_15_85,1:1/3d
PFE,437,44.9,20.187,-21.757,-2.945,-1286.97,0.75,0.173,IBS_15_85,1:1/3d
ABBV,416,45.4,14.334,-14.352,-1.319,-548.7,0.83,0.165,IBS_15_85,1:1/3d
MRK,433,50.3,13.097,-15.659,-1.181,-511.51,0.85,0.172,IBS_15_85,1:1/3d
TMO,435,49.2,2.316,-2.368,-0.064,-27.69,0.95,0.173,IBS_15_85,1:1/3d
ABT,467,48.4,6.772,-8.262,-0.986,-460.53,0.77,0.185,IBS_15_85,1:1/3d
DHR,477,44.2,10.735,-11.789,-1.825,-870.6,0.72,0.189,IBS_15_85,1:1/3d
BMY,437,48.1,13.663,-15.264,-1.364,-595.87,0.83,0.173,IBS_15_85,1:1/3d
WMT,494,45.7,136.53,-158.201,-23.364,-11541.91,0.73,0.196,IBS_15_85,1:1/3d
PG,454,48.9,8.141,-10.773,-1.524,-692.08,0.72,0.18,IBS_15_85,1:1/3d
KO,476,46.2,11.018,-12.625,-1.698,-808.02,0.75,0.189,IBS_15_85,1:1/3d
PEP,437,46.2,10.477,-12.93,-2.11,-922.07,0.7,0.173,IBS_15_85,1:1/3d
COST,467,42.4,4.993,-6.057,-1.372,-640.74,0.61,0.185,IBS_15_85,1:1/3d
HD,482,44.2,9.261,-11.003,-2.048,-987.14,0.67,0.191,IBS_15_85,1:1/3d
MCD,484,48.1,9.005,-9.223,-0.448,-217.01,0.91,0.192,IBS_15_85,1:1/3d
NKE,483,45.3,6.591,-7.057,-0.869,-419.74,0.77,0.192,IBS_15_85,1:1/3d
SBUX,450,46.9,8.892,-9.444,-0.846,-380.8,0.83,0.178,IBS_15_85,1:1/3d
TGT,451,45.0,11.651,-12.089,-1.403,-632.94,0.79,0.179,IBS_15_85,1:1/3d
CAT,453,43.5,8.248,-8.752,-1.359,-615.73,0.73,0.18,IBS_15_85,1:1/3d
GE,473,50.1,38.068,-35.906,1.159,548.32,1.06,0.188,IBS_15_85,1:1/3d
HON,472,42.8,8.256,-8.394,-1.268,-598.54,0.74,0.187,IBS_15_85,1:1/3d
UNP,464,49.6,9.405,-9.076,0.085,39.42,1.02,0.184,IBS_15_85,1:1/3d
BA,468,48.9,3.251,-3.172,-0.029,-13.71,0.98,0.187,IBS_15_85,1:1/3d
RTX,477,44.9,19.023,-28.075,-6.945,-3312.8,0.55,0.189,IBS_15_85,1:1/3d
DE,440,44.3,5.991,-6.505,-0.967,-425.4,0.73,0.174,IBS_15_85,1:1/3d
LMT,430,43.3,10.16,-10.887,-1.783,-766.54,0.71,0.171,IBS_15_85,1:1/3d
MMM,480,41.7,25.722,-29.93,-6.742,-3235.98,0.61,0.19,IBS_15_85,1:1/3d
FDX,452,46.0,8.864,-8.454,-0.485,-219.03,0.89,0.179,IBS_15_85,1:1/3d
XOM,478,45.4,15.159,-18.667,-3.311,-1582.63,0.68,0.19,IBS_15_85,1:1/3d
CVX,444,51.4,16.847,-17.605,0.086,38.36,1.01,0.176,IBS_15_85,1:1/3d
COP,461,46.4,15.08,-13.379,-0.168,-77.55,0.98,0.183,IBS_15_85,1:1/3d
SLB,417,48.4,10.327,-10.485,-0.404,-168.33,0.93,0.165,IBS_15_85,1:1/3d
EOG,449,44.8,15.981,-17.558,-2.544,-1142.21,0.74,0.178,IBS_15_85,1:1/3d
MPC,459,47.9,11.286,-11.853,-0.762,-349.93,0.88,0.183,IBS_15_85,1:1/3d
VLO,453,46.6,13.789,-15.041,-1.612,-730.31,0.8,0.18,IBS_15_85,1:1/3d
PSX,477,44.0,16.138,-16.777,-2.286,-1090.48,0.76,0.19,IBS_15_85,1:1/3d
OXY,434,47.9,7.997,-7.788,-0.223,-96.71,0.95,0.172,IBS_15_85,1:1/3d
HAL,413,48.7,8.818,-9.244,-0.453,-187.27,0.9,0.164,IBS_15_85,1:1/3d
NFLX,494,39.9,642.453,-699.905,-164.592,-81308.63,0.61,0.196,IBS_15_85,1:1/3d
DIS,460,50.7,3.286,-3.449,-0.037,-17.2,0.98,0.182,IBS_15_85,1:1/3d
CMCSA,425,46.6,15.986,-17.307,-1.796,-763.45,0.81,0.169,IBS_15_85,1:1/3d
T,463,46.2,43.488,-49.354,-6.442,-2982.63,0.76,0.184,IBS_15_85,1:1/3d
VZ,448,41.5,20.675,-24.489,-5.738,-2570.48,0.6,0.178,IBS_15_85,1:1/3d
TMUS,428,47.0,3.684,-3.914,-0.346,-147.91,0.83,0.171,IBS_15_85,1:1/3d
CHTR,405,50.4,2.211,-2.249,-0.002,-0.97,1.0,0.16,IBS_15_85,1:1/3d
EA,441,49.7,2.966,-3.016,-0.045,-19.99,0.97,0.175,IBS_15_85,1:1/3d
ATVI,381,47.8,3.023,-3.062,-0.156,-59.25,0.9,0.183,IBS_15_85,1:1/3d
WBD,447,48.8,3.51,-3.54,-0.102,-45.39,0.94,0.178,IBS_15_85,1:1/3d
LIN,459,49.0,6.185,-6.058,-0.056,-25.9,0.98,0.182,IBS_15_85,1:1/3d
APD,467,44.1,9.106,-10.113,-1.635,-763.72,0.71,0.185,IBS_15_85,1:1/3d
SHW,501,43.9,74.151,-94.775,-20.596,-10318.5,0.61,0.198,IBS_15_85,1:1/3d
ECL,484,50.0,4.822,-4.941,-0.059,-28.63,0.98,0.192,IBS_15_85,1:1/3d
DD,475,40.4,107.794,-102.839,-17.699,-8407.09,0.71,0.189,IBS_15_85,1:1/3d
NEM,468,45.9,10.198,-12.467,-2.055,-961.55,0.7,0.185,IBS_15_85,1:1/3d
FCX,436,48.6,7.111,-6.419,0.16,69.73,1.05,0.173,IBS_15_85,1:1/3d
NUE,453,49.4,7.827,-7.631,0.013,5.68,1.0,0.179,IBS_15_85,1:1/3d
DOW,350,47.7,21.32,-20.821,-0.714,-249.86,0.93,0.168,IBS_15_85,1:1/3d
CF,456,50.4,10.777,-10.414,0.274,125.11,1.05,0.181,IBS_15_85,1:1/3d
SPY,524,45.2,4.81,-6.375,-1.316,-689.6,0.62,0.208,IBS_15_85,1:1/3d
QQQ,539,42.7,3.088,-3.456,-0.663,-357.49,0.67,0.214,IBS_15_85,1:1/3d
IWM,481,47.4,5.016,-5.965,-0.759,-365.31,0.76,0.191,IBS_15_85,1:1/3d
XLF,483,46.6,7.226,-7.578,-0.682,-329.26,0.83,0.191,IBS_15_85,1:1/3d
XLE,480,42.3,97.86,-102.813,-17.945,-8613.64,0.7,0.19,IBS_15_85,1:1/3d
XLK,604,34.8,82.767,-95.346,-33.419,-20185.04,0.46,0.24,IBS_15_85,1:1/3d
XLV,486,42.4,5.738,-7.197,-1.714,-833.22,0.59,0.193,IBS_15_85,1:1/3d
XLP,475,42.7,7.924,-11.279,-3.072,-1459.35,0.52,0.188,IBS_15_85,1:1/3d
GLD,411,49.6,0.891,-0.845,0.016,6.77,1.04,0.163,IBS_15_85,1:1/3d
TLT,490,46.9,11.064,-12.73,-1.562,-765.18,0.77,0.194,IBS_15_85,1:1/3d
AMD,468,49.6,4.014,-3.637,0.156,72.86,1.08,0.185,IBS_15_85,1:1/3d
INTC,473,48.8,8.331,-7.996,-0.022,-10.44,0.99,0.188,IBS_15_85,1:1/3d
CRM,473,50.7,2.794,-2.795,0.041,19.37,1.03,0.188,IBS_15_85,1:1/3d
PYPL,472,50.8,2.793,-2.697,0.095,44.65,1.07,0.187,IBS_15_85,1:1/3d
SQ,451,54.3,4.011,-4.329,0.202,90.9,1.1,0.179,IBS_15_85,1:1/3d
SHOP,498,41.2,322.135,-497.523,-160.114,-79736.55,0.45,0.197,IBS_15_85,1:1/3d
UBER,348,51.7,3.38,-3.637,-0.007,-2.59,1.0,0.172,IBS_15_85,1:1/3d
ABNB,255,50.6,3.347,-3.314,0.055,14.12,1.03,0.177,IBS_15_85,1:1/3d
COIN,254,44.1,6.415,-6.249,-0.665,-168.82,0.81,0.192,IBS_15_85,1:1/3d
SNAP,432,47.5,4.249,-4.371,-0.28,-121.1,0.88,0.172,IBS_15_85,1:1/3d
AAPL,314,37.6,3.975,-125.966,-77.135,-24220.33,0.02,0.124,IBS_10_90,1.5:1/5d
MSFT,302,42.1,4.509,-4.698,-0.826,-249.6,0.7,0.12,IBS_10_90,1.5:1/5d
AMZN,305,37.7,3.843,-987.562,-613.753,-187194.76,0.0,0.121,IBS_10_90,1.5:1/5d
GOOGL,272,35.7,3.413,-1047.388,-672.654,-182961.92,0.0,0.108,IBS_10_90,1.5:1/5d
META,275,48.0,3.885,-3.02,0.294,80.99,1.19,0.109,IBS_10_90,1.5:1/5d
NVDA,300,33.3,6.211,-1678.203,-1116.732,-335019.51,0.0,0.119,IBS_10_90,1.5:1/5d
TSLA,301,35.9,6.844,-433.618,-275.579,-82949.2,0.01,0.119,IBS_10_90,1.5:1/5d
AVGO,297,32.0,4.42,-670.257,-454.452,-134972.11,0.0,0.118,IBS_10_90,1.5:1/5d
ORCL,262,41.2,3.859,-5.325,-1.539,-403.21,0.51,0.104,IBS_10_90,1.5:1/5d
ADBE,305,47.2,3.755,-2.451,0.479,146.02,1.37,0.121,IBS_10_90,1.5:1/5d
JPM,246,38.2,3.911,-9.233,-4.21,-1035.75,0.26,0.098,IBS_10_90,1.5:1/5d
BAC,236,41.5,5.919,-9.614,-3.164,-746.67,0.44,0.094,IBS_10_90,1.5:1/5d
WFC,247,41.7,5.549,-9.802,-3.401,-839.95,0.4,0.099,IBS_10_90,1.5:1/5d
GS,261,37.5,5.544,-8.669,-3.332,-869.69,0.38,0.104,IBS_10_90,1.5:1/5d
MS,237,40.9,6.113,-11.338,-4.195,-994.31,0.37,0.094,IBS_10_90,1.5:1/5d
C,244,41.4,5.211,-13.671,-5.855,-1428.66,0.27,0.097,IBS_10_90,1.5:1/5d
BLK,265,35.8,4.348,-10.29,-5.042,-1336.18,0.24,0.105,IBS_10_90,1.5:1/5d
SCHW,249,38.2,5.712,-5.916,-1.48,-368.42,0.6,0.099,IBS_10_90,1.5:1/5d
AXP,272,40.4,4.666,-5.873,-1.611,-438.11,0.54,0.108,IBS_10_90,1.5:1/5d
USB,251,41.0,4.74,-15.933,-7.45,-1869.88,0.21,0.1,IBS_10_90,1.5:1/5d
UNH,238,39.1,4.86,-7.246,-2.515,-598.67,0.43,0.095,IBS_10_90,1.5:1/5d
JNJ,250,32.8,2.103,-10.222,-6.18,-1544.88,0.1,0.099,IBS_10_90,1.5:1/5d
LLY,261,36.8,3.979,-5.736,-2.163,-564.49,0.4,0.104,IBS_10_90,1.5:1/5d
PFE,233,37.8,3.274,-18.11,-10.034,-2337.86,0.11,0.092,IBS_10_90,1.5:1/5d
ABBV,232,38.4,3.345,-13.833,-7.243,-1680.49,0.15,0.092,IBS_10_90,1.5:1/5d
MRK,236,39.4,2.724,-14.332,-7.611,-1796.17,0.12,0.094,IBS_10_90,1.5:1/5d
TMO,289,42.6,3.455,-2.442,0.068,19.69,1.05,0.115,IBS_10_90,1.5:1/5d
ABT,259,39.0,3.375,-7.806,-3.446,-892.52,0.28,0.103,IBS_10_90,1.5:1/5d
DHR,277,35.0,3.23,-10.525,-5.709,-1581.27,0.17,0.11,IBS_10_90,1.5:1/5d
BMY,234,36.8,2.874,-13.024,-7.181,-1680.41,0.13,0.093,IBS_10_90,1.5:1/5d
WMT,254,35.4,2.322,-131.605,-84.151,-21374.35,0.01,0.101,IBS_10_90,1.5:1/5d
PG,257,40.1,2.606,-10.306,-5.131,-1318.67,0.17,0.102,IBS_10_90,1.5:1/5d
KO,260,36.5,2.561,-11.077,-6.094,-1584.43,0.13,0.104,IBS_10_90,1.5:1/5d
PEP,252,36.5,2.134,-12.632,-7.241,-1824.75,0.1,0.1,IBS_10_90,1.5:1/5d
COST,274,33.2,2.968,-5.899,-2.954,-809.5,0.25,0.109,IBS_10_90,1.5:1/5d
HD,279,34.1,4.074,-10.687,-5.66,-1579.28,0.2,0.111,IBS_10_90,1.5:1/5d
MCD,263,41.8,2.958,-8.247,-3.56,-936.29,0.26,0.105,IBS_10_90,1.5:1/5d
NKE,275,37.1,5.092,-6.622,-2.277,-626.27,0.45,0.109,IBS_10_90,1.5:1/5d
SBUX,246,36.6,4.232,-8.793,-4.027,-990.74,0.28,0.098,IBS_10_90,1.5:1/5d
TGT,257,35.0,5.762,-11.063,-5.171,-1328.91,0.28,0.102,IBS_10_90,1.5:1/5d
CAT,264,34.5,5.284,-8.163,-3.528,-931.31,0.34,0.105,IBS_10_90,1.5:1/5d
GE,245,41.6,4.52,-28.352,-14.667,-3593.29,0.11,0.098,IBS_10_90,1.5:1/5d
HON,257,35.4,4.276,-7.676,-3.444,-885.04,0.31,0.102,IBS_10_90,1.5:1/5d
UNP,241,43.2,4.216,-8.133,-2.804,-675.71,0.39,0.096,IBS_10_90,1.5:1/5d
BA,292,41.8,3.986,-3.556,-0.405,-118.25,0.8,0.117,IBS_10_90,1.5:1/5d
RTX,274,38.0,4.111,-27.302,-15.379,-4213.79,0.09,0.109,IBS_10_90,1.5:1/5d
DE,254,37.0,5.474,-5.801,-1.628,-413.62,0.55,0.101,IBS_10_90,1.5:1/5d
LMT,243,37.9,2.303,-10.64,-5.74,-1394.84,0.13,0.097,IBS_10_90,1.5:1/5d
MMM,275,34.5,2.972,-26.911,-16.588,-4561.69,0.06,0.109,IBS_10_90,1.5:1/5d
FDX,251,35.9,6.074,-8.175,-3.066,-769.62,0.42,0.1,IBS_10_90,1.5:1/5d
XOM,269,40.9,3.98,-17.446,-8.685,-2336.19,0.16,0.107,IBS_10_90,1.5:1/5d
CVX,238,42.9,3.65,-14.587,-6.771,-1611.59,0.19,0.095,IBS_10_90,1.5:1/5d
COP,260,36.9,5.075,-12.657,-6.11,-1588.54,0.23,0.103,IBS_10_90,1.5:1/5d
SLB,230,45.2,8.019,-9.88,-1.787,-410.9,0.67,0.091,IBS_10_90,1.5:1/5d
EOG,250,37.6,7.531,-15.108,-6.596,-1648.93,0.3,0.099,IBS_10_90,1.5:1/5d
MPC,260,34.6,7.464,-10.974,-4.591,-1193.79,0.36,0.103,IBS_10_90,1.5:1/5d
VLO,250,34.4,6.944,-14.305,-6.996,-1748.88,0.25,0.1,IBS_10_90,1.5:1/5d
PSX,272,37.9,5.27,-14.281,-6.878,-1870.71,0.22,0.108,IBS_10_90,1.5:1/5d
OXY,257,42.4,7.49,-7.33,-1.044,-268.33,0.75,0.103,IBS_10_90,1.5:1/5d
HAL,236,39.8,9.579,-8.838,-1.503,-354.65,0.72,0.094,IBS_10_90,1.5:1/5d
NFLX,271,28.8,5.894,-607.415,-430.891,-116771.44,0.0,0.107,IBS_10_90,1.5:1/5d
DIS,283,43.1,4.08,-3.167,-0.043,-12.15,0.98,0.112,IBS_10_90,1.5:1/5d
CMCSA,240,38.8,3.621,-16.514,-8.712,-2090.79,0.14,0.095,IBS_10_90,1.5:1/5d
T,240,42.1,2.971,-44.945,-24.78,-5947.32,0.05,0.095,IBS_10_90,1.5:1/5d
VZ,248,31.5,2.661,-21.076,-13.61,-3375.35,0.06,0.099,IBS_10_90,1.5:1/5d
TMUS,255,40.4,4.03,-3.789,-0.631,-160.8,0.72,0.101,IBS_10_90,1.5:1/5d
CHTR,240,51.7,3.053,-2.67,0.287,68.89,1.22,0.095,IBS_10_90,1.5:1/5d
EA,250,44.8,4.122,-3.098,0.137,34.19,1.08,0.099,IBS_10_90,1.5:1/5d
ATVI,225,43.1,3.488,-3.291,-0.369,-82.96,0.8,0.108,IBS_10_90,1.5:1/5d
WBD,272,42.6,4.81,-3.657,-0.046,-12.48,0.98,0.108,IBS_10_90,1.5:1/5d
LIN,259,40.2,4.332,-5.393,-1.488,-385.47,0.54,0.103,IBS_10_90,1.5:1/5d
APD,271,38.7,4.181,-9.596,-4.258,-1153.9,0.28,0.108,IBS_10_90,1.5:1/5d
SHW,275,39.6,3.418,-77.482,-45.416,-12489.49,0.03,0.109,IBS_10_90,1.5:1/5d
ECL,269,42.4,3.934,-4.569,-0.966,-259.72,0.63,0.107,IBS_10_90,1.5:1/5d
DD,247,36.4,5.715,-94.731,-58.131,-14358.46,0.03,0.098,IBS_10_90,1.5:1/5d
NEM,266,35.0,5.677,-12.659,-6.248,-1662.06,0.24,0.106,IBS_10_90,1.5:1/5d
FCX,250,40.8,7.459,-6.847,-1.01,-252.59,0.75,0.099,IBS_10_90,1.5:1/5d
NUE,254,39.4,6.951,-7.173,-1.613,-409.6,0.63,0.101,IBS_10_90,1.5:1/5d
DOW,206,40.3,6.068,-19.271,-9.062,-1866.74,0.21,0.099,IBS_10_90,1.5:1/5d
CF,250,36.4,7.598,-9.134,-3.043,-760.86,0.48,0.099,IBS_10_90,1.5:1/5d
SPY,307,39.4,3.433,-6.382,-2.514,-771.68,0.35,0.122,IBS_10_90,1.5:1/5d
QQQ,332,37.7,3.967,-3.56,-0.726,-240.99,0.67,0.132,IBS_10_90,1.5:1/5d
IWM,270,38.9,4.382,-5.481,-1.645,-444.28,0.51,0.108,IBS_10_90,1.5:1/5d
XLF,279,37.6,3.851,-7.04,-2.941,-820.51,0.33,0.111,IBS_10_90,1.5:1/5d
XLE,263,38.8,3.807,-95.77,-57.151,-15030.6,0.03,0.104,IBS_10_90,1.5:1/5d
XLK,345,28.4,3.448,-88.856,-62.637,-21609.61,0.02,0.137,IBS_10_90,1.5:1/5d
XLV,277,36.1,2.884,-7.135,-3.518,-974.57,0.23,0.11,IBS_10_90,1.5:1/5d
XLP,267,33.3,1.85,-11.048,-6.749,-1801.85,0.08,0.106,IBS_10_90,1.5:1/5d
GLD,261,45.2,1.397,-0.913,0.132,34.33,1.26,0.104,IBS_10_90,1.5:1/5d
TLT,272,39.3,2.081,-11.937,-6.423,-1746.96,0.11,0.108,IBS_10_90,1.5:1/5d
AMD,301,40.5,5.394,-4.169,-0.293,-88.19,0.88,0.12,IBS_10_90,1.5:1/5d
INTC,286,42.7,5.274,-7.827,-2.239,-640.24,0.5,0.114,IBS_10_90,1.5:1/5d
CRM,291,45.7,3.776,-2.953,0.122,35.61,1.08,0.115,IBS_10_90,1.5:1/5d
PYPL,284,48.2,4.34,-3.101,0.488,138.65,1.3,0.113,IBS_10_90,1.5:1/5d
SQ,274,45.6,6.664,-4.528,0.578,158.35,1.23,0.109,IBS_10_90,1.5:1/5d
SHOP,298,34.2,6.469,-456.717,-298.177,-88856.75,0.01,0.119,IBS_10_90,1.5:1/5d
UBER,216,39.8,5.111,-3.796,-0.25,-53.99,0.89,0.107,IBS_10_90,1.5:1/5d
ABNB,158,36.1,5.205,-3.512,-0.367,-58.06,0.84,0.11,IBS_10_90,1.5:1/5d
COIN,156,39.7,9.167,-6.672,-0.377,-58.81,0.91,0.119,IBS_10_90,1.5:1/5d
SNAP,263,39.5,6.17,-4.787,-0.454,-119.45,0.84,0.106,IBS_10_90,1.5:1/5d
AAPL,299,35.8,4.184,-128.497,-81.016,-24223.7,0.02,0.119,IBS_10_90,2:1/5d
MSFT,289,41.5,3.822,-4.679,-1.149,-332.15,0.58,0.115,IBS_10_90,2:1/5d
AMZN,295,36.6,4.017,-1003.337,-634.543,-187190.19,0.0,0.117,IBS_10_90,2:1/5d
GOOGL,268,35.4,3.575,-1059.468,-682.643,-182948.26,0.0,0.107,IBS_10_90,2:1/5d
META,256,46.1,4.15,-3.04,0.275,70.28,1.17,0.102,IBS_10_90,2:1/5d
NVDA,300,33.3,6.275,-1678.203,-1116.71,-335013.05,0.0,0.119,IBS_10_90,2:1/5d
TSLA,296,35.5,7.011,-438.106,-280.21,-82942.06,0.01,0.117,IBS_10_90,2:1/5d
AVGO,297,32.0,4.589,-670.257,-454.397,-134956.01,0.0,0.118,IBS_10_90,2:1/5d
ORCL,254,41.7,3.319,-5.339,-1.726,-438.38,0.45,0.101,IBS_10_90,2:1/5d
ADBE,286,42.3,4.289,-2.479,0.384,109.89,1.27,0.114,IBS_10_90,2:1/5d
JPM,242,38.4,3.023,-9.297,-4.562,-1104.04,0.2,0.096,IBS_10_90,2:1/5d
BAC,232,40.9,4.233,-9.517,-3.887,-901.8,0.31,0.092,IBS_10_90,2:1/5d
WFC,243,40.7,4.032,-9.543,-4.012,-974.96,0.29,0.097,IBS_10_90,2:1/5d
GS,256,37.9,4.389,-8.737,-3.764,-963.5,0.31,0.102,IBS_10_90,2:1/5d
MS,233,39.9,4.88,-10.97,-4.643,-1081.92,0.3,0.092,IBS_10_90,2:1/5d
C,243,41.6,4.121,-13.703,-6.295,-1529.57,0.21,0.096,IBS_10_90,2:1/5d
BLK,260,35.4,3.535,-10.341,-5.431,-1412.1,0.19,0.103,IBS_10_90,2:1/5d
SCHW,244,37.3,4.592,-5.9,-1.987,-484.8,0.46,0.097,IBS_10_90,2:1/5d
AXP,263,39.2,3.941,-5.904,-2.048,-538.73,0.43,0.105,IBS_10_90,2:1/5d
USB,251,40.6,3.687,-15.88,-7.928,-1990.03,0.16,0.1,IBS_10_90,2:1/5d
UNH,236,37.7,3.635,-7.182,-3.103,-732.32,0.31,0.094,IBS_10_90,2:1/5d
JNJ,249,32.5,1.879,-10.222,-6.286,-1565.12,0.09,0.099,IBS_10_90,2:1/5d
LLY,254,37.4,3.908,-5.721,-2.119,-538.29,0.41,0.101,IBS_10_90,2:1/5d
PFE,233,37.8,2.738,-18.11,-10.236,-2385.08,0.09,0.092,IBS_10_90,2:1/5d
ABBV,231,38.5,3.072,-13.895,-7.358,-1699.59,0.14,0.092,IBS_10_90,2:1/5d
MRK,235,39.1,2.735,-14.332,-7.651,-1797.89,0.12,0.094,IBS_10_90,2:1/5d
TMO,280,40.4,3.604,-2.409,0.017,4.88,1.01,0.111,IBS_10_90,2:1/5d
ABT,254,39.0,2.549,-7.813,-3.774,-958.68,0.21,0.101,IBS_10_90,2:1/5d
DHR,275,35.3,2.861,-10.578,-5.838,-1605.31,0.15,0.109,IBS_10_90,2:1/5d
BMY,233,36.1,2.595,-12.939,-7.339,-1709.92,0.11,0.093,IBS_10_90,2:1/5d
WMT,253,35.6,2.271,-132.411,-84.5,-21378.57,0.01,0.101,IBS_10_90,2:1/5d
PG,256,40.2,2.154,-10.25,-5.259,-1346.35,0.14,0.102,IBS_10_90,2:1/5d
KO,260,36.5,2.301,-11.077,-6.189,-1609.1,0.12,0.104,IBS_10_90,2:1/5d
PEP,251,36.7,1.886,-12.663,-7.33,-1839.92,0.09,0.1,IBS_10_90,2:1/5d
COST,270,33.0,2.679,-5.91,-3.079,-831.36,0.22,0.107,IBS_10_90,2:1/5d
HD,275,33.8,3.306,-10.743,-5.992,-1647.71,0.16,0.109,IBS_10_90,2:1/5d
MCD,262,41.6,2.154,-8.247,-3.919,-1026.88,0.19,0.104,IBS_10_90,2:1/5d
NKE,270,36.3,3.763,-6.545,-2.804,-757.04,0.33,0.107,IBS_10_90,2:1/5d
SBUX,241,36.9,3.576,-8.653,-4.137,-996.92,0.24,0.096,IBS_10_90,2:1/5d
TGT,253,34.8,4.443,-11.007,-5.633,-1425.13,0.22,0.101,IBS_10_90,2:1/5d
CAT,260,35.0,4.248,-8.201,-3.844,-999.38,0.28,0.103,IBS_10_90,2:1/5d
GE,242,41.7,4.623,-28.719,-14.803,-3582.45,0.12,0.096,IBS_10_90,2:1/5d
HON,252,34.1,2.889,-7.671,-4.067,-1024.95,0.2,0.1,IBS_10_90,2:1/5d
UNP,236,42.8,3.006,-8.101,-3.348,-790.02,0.28,0.094,IBS_10_90,2:1/5d
BA,281,38.8,4.162,-3.51,-0.534,-150.19,0.75,0.113,IBS_10_90,2:1/5d
RTX,271,37.6,4.089,-27.377,-15.534,-4209.62,0.09,0.108,IBS_10_90,2:1/5d
DE,251,37.1,4.374,-5.775,-2.015,-505.72,0.45,0.1,IBS_10_90,2:1/5d
LMT,243,37.9,2.26,-10.64,-5.756,-1398.75,0.13,0.097,IBS_10_90,2:1/5d
MMM,274,34.7,2.957,-27.04,-16.64,-4559.24,0.06,0.109,IBS_10_90,2:1/5d
FDX,248,35.9,4.358,-8.16,-3.667,-909.49,0.3,0.099,IBS_10_90,2:1/5d
XOM,268,41.0,3.647,-17.473,-8.804,-2359.57,0.15,0.106,IBS_10_90,2:1/5d
CVX,238,42.9,3.574,-14.587,-6.804,-1619.36,0.18,0.095,IBS_10_90,2:1/5d
COP,258,37.2,4.224,-12.584,-6.33,-1633.03,0.2,0.102,IBS_10_90,2:1/5d
SLB,227,44.9,6.174,-9.923,-2.69,-610.7,0.51,0.09,IBS_10_90,2:1/5d
EOG,245,38.0,5.581,-14.814,-7.072,-1732.69,0.23,0.097,IBS_10_90,2:1/5d
MPC,257,33.9,5.098,-10.938,-5.51,-1415.97,0.24,0.102,IBS_10_90,2:1/5d
VLO,249,34.5,5.731,-14.302,-7.383,-1838.38,0.21,0.099,IBS_10_90,2:1/5d
PSX,272,37.9,4.235,-14.281,-7.27,-1977.38,0.18,0.108,IBS_10_90,2:1/5d
OXY,249,43.0,6.637,-7.371,-1.352,-336.53,0.68,0.099,IBS_10_90,2:1/5d
HAL,228,40.4,7.768,-8.763,-2.093,-477.13,0.6,0.091,IBS_10_90,2:1/5d
NFLX,271,28.8,5.894,-607.415,-430.891,-116771.44,0.0,0.107,IBS_10_90,2:1/5d
DIS,272,37.9,3.759,-3.135,-0.524,-142.66,0.73,0.108,IBS_10_90,2:1/5d
CMCSA,240,38.8,3.229,-16.514,-8.864,-2127.31,0.12,0.095,IBS_10_90,2:1/5d
T,238,42.0,2.738,-45.203,-25.06,-5964.24,0.04,0.095,IBS_10_90,2:1/5d
VZ,246,31.7,2.313,-21.158,-13.716,-3374.17,0.05,0.098,IBS_10_90,2:1/5d
TMUS,245,41.2,3.535,-3.744,-0.743,-182.05,0.66,0.097,IBS_10_90,2:1/5d
CHTR,235,50.2,3.459,-2.609,0.438,102.91,1.34,0.093,IBS_10_90,2:1/5d
EA,238,42.9,3.784,-3.074,-0.135,-32.18,0.92,0.094,IBS_10_90,2:1/5d
ATVI,213,42.7,3.376,-3.303,-0.45,-95.78,0.76,0.103,IBS_10_90,2:1/5d
WBD,261,39.5,5.041,-3.649,-0.22,-57.43,0.9,0.104,IBS_10_90,2:1/5d
LIN,253,39.1,3.242,-5.326,-1.973,-499.28,0.39,0.1,IBS_10_90,2:1/5d
APD,270,38.9,3.4,-9.667,-4.586,-1238.14,0.22,0.107,IBS_10_90,2:1/5d
SHW,269,40.1,3.31,-79.785,-46.423,-12487.91,0.03,0.107,IBS_10_90,2:1/5d
ECL,262,40.1,3.21,-4.514,-1.418,-371.61,0.48,0.104,IBS_10_90,2:1/5d
DD,246,36.6,4.156,-94.54,-58.432,-14374.17,0.03,0.098,IBS_10_90,2:1/5d
NEM,263,35.0,4.677,-12.562,-6.532,-1717.86,0.2,0.104,IBS_10_90,2:1/5d
FCX,243,39.1,6.158,-6.776,-1.719,-417.81,0.58,0.096,IBS_10_90,2:1/5d
NUE,245,38.8,5.651,-7.076,-2.141,-524.6,0.51,0.098,IBS_10_90,2:1/5d
DOW,206,40.3,4.609,-19.442,-9.752,-2008.87,0.16,0.099,IBS_10_90,2:1/5d
CF,245,35.5,5.546,-9.008,-3.84,-940.75,0.34,0.097,IBS_10_90,2:1/5d
SPY,299,38.8,2.583,-6.427,-2.931,-876.48,0.25,0.119,IBS_10_90,2:1/5d
QQQ,319,36.1,3.503,-3.587,-1.031,-328.9,0.55,0.127,IBS_10_90,2:1/5d
IWM,261,38.7,3.425,-5.503,-2.049,-534.66,0.39,0.104,IBS_10_90,2:1/5d
XLF,276,37.3,2.663,-7.105,-3.46,-954.87,0.22,0.109,IBS_10_90,2:1/5d
XLE,263,38.8,3.807,-95.77,-57.151,-15030.6,0.03,0.104,IBS_10_90,2:1/5d
XLK,345,28.4,3.448,-88.856,-62.637,-21609.61,0.02,0.137,IBS_10_90,2:1/5d
XLV,271,36.9,2.327,-7.12,-3.634,-984.8,0.19,0.108,IBS_10_90,2:1/5d
XLP,267,33.3,1.726,-11.048,-6.79,-1812.91,0.08,0.106,IBS_10_90,2:1/5d
GLD,243,43.2,1.581,-0.89,0.177,43.07,1.35,0.096,IBS_10_90,2:1/5d
TLT,272,39.3,1.767,-11.937,-6.546,-1780.46,0.1,0.108,IBS_10_90,2:1/5d
AMD,281,39.9,5.949,-4.174,-0.139,-39.02,0.94,0.111,IBS_10_90,2:1/5d
INTC,277,41.9,4.922,-7.719,-2.426,-671.89,0.46,0.11,IBS_10_90,2:1/5d
CRM,282,44.3,4.151,-2.906,0.222,62.65,1.14,0.112,IBS_10_90,2:1/5d
PYPL,264,43.6,4.74,-3.021,0.36,94.97,1.21,0.105,IBS_10_90,2:1/5d
SQ,263,42.6,6.546,-4.485,0.212,55.88,1.08,0.105,IBS_10_90,2:1/5d
SHOP,292,33.9,6.519,-463.735,-304.299,-88855.41,0.01,0.116,IBS_10_90,2:1/5d
UBER,207,39.6,5.549,-3.75,-0.067,-13.77,0.97,0.102,IBS_10_90,2:1/5d
ABNB,152,35.5,5.548,-3.494,-0.282,-42.85,0.87,0.106,IBS_10_90,2:1/5d
COIN,150,39.3,9.367,-6.762,-0.418,-62.69,0.9,0.114,IBS_10_90,2:1/5d
SNAP,254,38.2,6.671,-4.794,-0.415,-105.48,0.86,0.102,IBS_10_90,2:1/5d
AAPL,404,41.8,80.727,-140.43,-47.917,-19358.29,0.41,0.16,IBS_10_90,1:1/3d
MSFT,384,46.6,4.158,-4.466,-0.446,-171.35,0.81,0.152,IBS_10_90,1:1/3d
AMZN,396,44.7,665.876,-1068.66,-293.375,-116176.55,0.5,0.157,IBS_10_90,1:1/3d
GOOGL,353,45.6,644.44,-1191.031,-353.89,-124923.19,0.45,0.14,IBS_10_90,1:1/3d
META,325,54.8,2.666,-2.81,0.189,61.55,1.15,0.129,IBS_10_90,1:1/3d
NVDA,404,37.4,1470.599,-1765.123,-555.732,-224515.65,0.5,0.161,IBS_10_90,1:1/3d
TSLA,383,39.2,307.965,-465.682,-162.687,-62309.16,0.43,0.152,IBS_10_90,1:1/3d
AVGO,402,41.3,653.669,-795.212,-196.917,-79160.8,0.58,0.16,IBS_10_90,1:1/3d
ORCL,347,51.3,6.538,-5.828,0.515,178.85,1.18,0.138,IBS_10_90,1:1/3d
ADBE,359,55.7,2.416,-2.232,0.358,128.39,1.36,0.143,IBS_10_90,1:1/3d
JPM,319,44.5,10.762,-9.855,-0.677,-216.03,0.88,0.126,IBS_10_90,1:1/3d
BAC,305,48.5,10.046,-10.819,-0.694,-211.81,0.88,0.121,IBS_10_90,1:1/3d
WFC,329,52.6,10.112,-9.847,0.648,213.13,1.14,0.131,IBS_10_90,1:1/3d
GS,333,48.0,9.474,-9.339,-0.299,-99.71,0.94,0.132,IBS_10_90,1:1/3d
MS,316,48.4,13.661,-10.834,1.026,324.21,1.18,0.125,IBS_10_90,1:1/3d
C,326,53.7,13.473,-13.443,1.005,327.78,1.16,0.13,IBS_10_90,1:1/3d
BLK,329,45.9,8.609,-10.743,-1.861,-612.19,0.68,0.131,IBS_10_90,1:1/3d
SCHW,330,47.6,6.288,-6.254,-0.287,-94.63,0.91,0.131,IBS_10_90,1:1/3d
AXP,339,46.9,5.283,-5.921,-0.666,-225.67,0.79,0.134,IBS_10_90,1:1/3d
USB,334,47.3,17.885,-17.844,-0.942,-314.74,0.9,0.133,IBS_10_90,1:1/3d
UNH,317,53.0,7.122,-8.118,-0.041,-13.11,0.99,0.126,IBS_10_90,1:1/3d
JNJ,309,40.5,10.031,-11.265,-2.65,-818.97,0.6,0.123,IBS_10_90,1:1/3d
LLY,330,46.7,4.648,-5.677,-0.859,-283.32,0.72,0.131,IBS_10_90,1:1/3d
PFE,307,45.3,20.522,-19.898,-1.597,-490.31,0.85,0.122,IBS_10_90,1:1/3d
ABBV,299,47.2,14.646,-15.108,-1.077,-321.98,0.87,0.119,IBS_10_90,1:1/3d
MRK,310,48.1,13.18,-14.469,-1.179,-365.63,0.84,0.123,IBS_10_90,1:1/3d
TMO,346,50.9,2.403,-2.346,0.07,24.14,1.06,0.137,IBS_10_90,1:1/3d
ABT,336,47.3,6.892,-8.295,-1.108,-372.4,0.75,0.133,IBS_10_90,1:1/3d
DHR,363,43.3,10.693,-11.712,-2.021,-733.78,0.7,0.144,IBS_10_90,1:1/3d
BMY,323,49.2,14.313,-15.392,-0.77,-248.55,0.9,0.128,IBS_10_90,1:1/3d
WMT,323,49.2,129.751,-157.96,-16.331,-5275.0,0.8,0.128,IBS_10_90,1:1/3d
PG,344,50.9,8.181,-10.956,-1.22,-419.8,0.77,0.136,IBS_10_90,1:1/3d
KO,329,48.0,10.774,-12.554,-1.351,-444.42,0.79,0.131,IBS_10_90,1:1/3d
PEP,319,46.7,10.234,-12.419,-1.838,-586.34,0.72,0.127,IBS_10_90,1:1/3d
COST,346,42.2,5.105,-5.804,-1.2,-415.36,0.64,0.137,IBS_10_90,1:1/3d
HD,368,44.3,9.436,-11.079,-1.992,-733.01,0.68,0.146,IBS_10_90,1:1/3d
MCD,374,50.8,9.076,-9.594,-0.109,-40.73,0.98,0.149,IBS_10_90,1:1/3d
NKE,373,48.8,6.557,-7.332,-0.555,-206.98,0.85,0.148,IBS_10_90,1:1/3d
SBUX,320,48.4,9.079,-9.142,-0.316,-101.18,0.93,0.127,IBS_10_90,1:1/3d
TGT,326,44.5,11.991,-11.702,-1.163,-379.25,0.82,0.13,IBS_10_90,1:1/3d
CAT,328,44.5,7.458,-8.442,-1.365,-447.57,0.71,0.13,IBS_10_90,1:1/3d
GE,352,53.7,36.547,-34.212,3.781,1330.95,1.24,0.14,IBS_10_90,1:1/3d
HON,340,43.2,8.173,-8.054,-1.038,-353.01,0.77,0.135,IBS_10_90,1:1/3d
UNP,334,50.3,9.324,-8.776,0.328,109.52,1.08,0.133,IBS_10_90,1:1/3d
BA,359,49.6,3.306,-3.29,-0.02,-7.01,0.99,0.144,IBS_10_90,1:1/3d
RTX,364,44.8,18.745,-26.836,-6.424,-2338.48,0.57,0.145,IBS_10_90,1:1/3d
DE,333,44.7,6.424,-6.167,-0.534,-177.66,0.84,0.132,IBS_10_90,1:1/3d
LMT,314,47.1,10.381,-10.93,-0.885,-277.97,0.85,0.125,IBS_10_90,1:1/3d
MMM,365,41.6,26.097,-27.477,-5.167,-1885.94,0.68,0.145,IBS_10_90,1:1/3d
FDX,339,47.5,9.097,-8.418,-0.1,-33.78,0.98,0.135,IBS_10_90,1:1/3d
XOM,360,48.3,15.531,-18.293,-1.945,-700.11,0.79,0.143,IBS_10_90,1:1/3d
CVX,330,53.3,16.587,-17.429,0.713,235.31,1.09,0.131,IBS_10_90,1:1/3d
COP,345,47.2,14.699,-13.333,-0.089,-30.67,0.99,0.137,IBS_10_90,1:1/3d
SLB,305,50.8,10.543,-10.105,0.389,118.51,1.08,0.121,IBS_10_90,1:1/3d
EOG,341,44.9,16.175,-16.882,-2.05,-699.17,0.78,0.135,IBS_10_90,1:1/3d
MPC,344,48.0,11.963,-11.703,-0.352,-121.01,0.94,0.137,IBS_10_90,1:1/3d
VLO,335,46.3,13.361,-15.156,-1.961,-657.03,0.76,0.133,IBS_10_90,1:1/3d
PSX,368,45.4,16.373,-16.411,-1.533,-564.28,0.83,0.147,IBS_10_90,1:1/3d
OXY,336,47.6,8.006,-7.93,-0.341,-114.6,0.92,0.134,IBS_10_90,1:1/3d
HAL,295,49.5,9.075,-9.253,-0.182,-53.7,0.96,0.117,IBS_10_90,1:1/3d
NFLX,353,38.5,580.895,-681.056,-194.866,-68787.53,0.53,0.14,IBS_10_90,1:1/3d
DIS,367,50.1,3.308,-3.435,-0.054,-19.95,0.97,0.146,IBS_10_90,1:1/3d
CMCSA,310,46.8,15.389,-16.955,-1.826,-566.08,0.8,0.123,IBS_10_90,1:1/3d
T,310,49.7,39.895,-48.576,-4.626,-1434.04,0.81,0.123,IBS_10_90,1:1/3d
VZ,334,41.6,23.183,-22.278,-3.359,-1121.76,0.74,0.133,IBS_10_90,1:1/3d
TMUS,312,51.9,3.805,-3.852,0.124,38.72,1.07,0.124,IBS_10_90,1:1/3d
CHTR,288,53.5,2.271,-2.285,0.152,43.65,1.14,0.114,IBS_10_90,1:1/3d
EA,316,50.6,2.905,-3.103,-0.061,-19.23,0.96,0.126,IBS_10_90,1:1/3d
ATVI,283,46.6,3.093,-3.082,-0.202,-57.03,0.88,0.136,IBS_10_90,1:1/3d
WBD,326,51.5,3.485,-3.484,0.107,34.9,1.06,0.13,IBS_10_90,1:1/3d
LIN,341,48.7,6.222,-5.786,0.06,20.42,1.02,0.135,IBS_10_90,1:1/3d
APD,361,45.7,9.333,-9.976,-1.151,-415.34,0.79,0.143,IBS_10_90,1:1/3d
SHW,357,46.8,69.298,-94.885,-18.082,-6455.42,0.64,0.141,IBS_10_90,1:1/3d
ECL,363,51.8,4.934,-4.952,0.168,61.09,1.07,0.144,IBS_10_90,1:1/3d
DD,342,41.8,102.549,-102.364,-16.684,-5705.82,0.72,0.136,IBS_10_90,1:1/3d
NEM,353,44.2,10.804,-12.127,-1.993,-703.56,0.71,0.14,IBS_10_90,1:1/3d
FCX,314,50.0,6.879,-6.521,0.179,56.18,1.05,0.125,IBS_10_90,1:1/3d
NUE,327,52.6,8.527,-7.272,1.038,339.45,1.3,0.13,IBS_10_90,1:1/3d
DOW,267,44.6,22.168,-20.478,-1.471,-392.71,0.87,0.129,IBS_10_90,1:1/3d
CF,315,49.8,10.389,-9.641,0.342,107.83,1.07,0.125,IBS_10_90,1:1/3d
SPY,404,46.3,4.932,-6.444,-1.178,-476.05,0.66,0.16,IBS_10_90,1:1/3d
QQQ,422,45.5,3.158,-3.543,-0.495,-208.72,0.74,0.167,IBS_10_90,1:1/3d
IWM,360,48.9,4.944,-6.072,-0.687,-247.14,0.78,0.143,IBS_10_90,1:1/3d
XLF,363,46.8,7.042,-7.505,-0.692,-251.28,0.83,0.144,IBS_10_90,1:1/3d
XLE,344,41.0,89.439,-99.588,-22.109,-7605.5,0.62,0.137,IBS_10_90,1:1/3d
XLK,447,35.6,78.41,-95.522,-33.654,-15043.18,0.45,0.177,IBS_10_90,1:1/3d
XLV,362,43.4,5.927,-7.083,-1.44,-521.32,0.64,0.144,IBS_10_90,1:1/3d
XLP,354,45.5,7.82,-11.746,-2.847,-1007.96,0.56,0.14,IBS_10_90,1:1/3d
GLD,303,51.2,0.939,-0.825,0.077,23.41,1.19,0.121,IBS_10_90,1:1/3d
TLT,369,46.3,10.468,-12.727,-1.978,-729.94,0.71,0.146,IBS_10_90,1:1/3d
AMD,355,49.0,3.924,-3.735,0.019,6.86,1.01,0.141,IBS_10_90,1:1/3d
INTC,376,48.4,8.254,-8.205,-0.239,-89.69,0.94,0.149,IBS_10_90,1:1/3d
CRM,355,51.0,2.896,-2.857,0.076,27.06,1.05,0.141,IBS_10_90,1:1/3d
PYPL,350,54.0,2.857,-2.668,0.315,110.42,1.26,0.139,IBS_10_90,1:1/3d
SQ,334,54.5,4.247,-4.052,0.47,156.99,1.25,0.133,IBS_10_90,1:1/3d
SHOP,374,40.6,267.705,-481.975,-177.292,-66307.27,0.38,0.148,IBS_10_90,1:1/3d
UBER,255,52.5,3.481,-3.622,0.111,28.23,1.06,0.126,IBS_10_90,1:1/3d
ABNB,192,49.0,3.375,-3.309,-0.036,-6.97,0.98,0.133,IBS_10_90,1:1/3d
COIN,190,45.3,6.526,-6.169,-0.423,-80.35,0.87,0.145,IBS_10_90,1:1/3d
SNAP,317,45.7,4.424,-4.304,-0.312,-98.95,0.87,0.128,IBS_10_90,1:1/3d
AAPL,162,24.1,4.127,-155.075,-116.748,-18913.25,0.01,0.065,Boll_2.0,1.5:1/5d
MSFT,157,35.7,5.46,-4.879,-1.191,-187.02,0.62,0.063,Boll_2.0,1.5:1/5d
AMZN,148,24.3,4.186,-1278.829,-966.744,-143078.15,0.0,0.06,Boll_2.0,1.5:1/5d
GOOGL,154,20.8,3.455,-1268.187,-1003.949,-154608.21,0.0,0.061,Boll_2.0,1.5:1/5d
META,137,43.8,3.79,-3.052,-0.056,-7.62,0.97,0.055,Boll_2.0,1.5:1/5d
NVDA,178,14.0,4.191,-2203.593,-1893.511,-337044.99,0.0,0.073,Boll_2.0,1.5:1/5d
TSLA,196,16.8,7.826,-529.042,-438.651,-85975.66,0.0,0.078,Boll_2.0,1.5:1/5d
AVGO,156,16.0,3.519,-844.029,-708.204,-110479.89,0.0,0.062,Boll_2.0,1.5:1/5d
ORCL,151,30.5,4.548,-6.11,-2.863,-432.34,0.33,0.06,Boll_2.0,1.5:1/5d
ADBE,135,47.4,3.649,-2.624,0.35,47.23,1.25,0.054,Boll_2.0,1.5:1/5d
JPM,132,31.1,5.214,-12.023,-6.669,-880.32,0.2,0.053,Boll_2.0,1.5:1/5d
BAC,134,23.9,5.143,-10.939,-7.098,-951.17,0.15,0.053,Boll_2.0,1.5:1/5d
WFC,129,30.2,4.378,-10.492,-5.996,-773.5,0.18,0.051,Boll_2.0,1.5:1/5d
GS,143,33.6,3.689,-10.132,-5.493,-785.49,0.18,0.058,Boll_2.0,1.5:1/5d
MS,148,25.0,4.204,-13.759,-9.268,-1371.64,0.1,0.059,Boll_2.0,1.5:1/5d
C,143,25.2,5.389,-15.756,-10.433,-1491.88,0.12,0.057,Boll_2.0,1.5:1/5d
BLK,159,21.4,4.429,-10.262,-7.121,-1132.17,0.12,0.063,Boll_2.0,1.5:1/5d
SCHW,154,33.8,4.602,-6.746,-2.914,-448.74,0.35,0.061,Boll_2.0,1.5:1/5d
AXP,140,35.0,4.485,-6.804,-2.853,-399.37,0.35,0.056,Boll_2.0,1.5:1/5d
USB,147,27.2,4.368,-19.84,-13.253,-1948.18,0.08,0.058,Boll_2.0,1.5:1/5d
UNH,146,34.2,4.213,-8.617,-4.223,-616.61,0.25,0.058,Boll_2.0,1.5:1/5d
JNJ,147,31.3,2.215,-11.983,-7.54,-1108.45,0.08,0.058,Boll_2.0,1.5:1/5d
LLY,149,29.5,4.294,-5.709,-2.755,-410.5,0.32,0.06,Boll_2.0,1.5:1/5d
PFE,165,20.6,2.837,-26.106,-20.142,-3323.39,0.03,0.065,Boll_2.0,1.5:1/5d
ABBV,148,26.4,4.291,-16.913,-11.325,-1676.15,0.09,0.061,Boll_2.0,1.5:1/5d
MRK,139,27.3,3.667,-18.474,-12.421,-1726.53,0.07,0.056,Boll_2.0,1.5:1/5d
TMO,139,36.0,3.062,-2.518,-0.511,-71.03,0.68,0.056,Boll_2.0,1.5:1/5d
ABT,142,29.6,4.173,-9.04,-5.132,-728.8,0.19,0.057,Boll_2.0,1.5:1/5d
DHR,139,22.3,2.687,-12.334,-8.984,-1248.83,0.06,0.055,Boll_2.0,1.5:1/5d
BMY,147,23.1,4.257,-18.442,-13.192,-1939.18,0.07,0.059,Boll_2.0,1.5:1/5d
WMT,164,18.3,2.996,-179.151,-145.831,-23916.34,0.0,0.066,Boll_2.0,1.5:1/5d
PG,123,35.8,2.803,-11.542,-6.41,-788.47,0.14,0.049,Boll_2.0,1.5:1/5d
KO,136,27.9,2.968,-14.57,-9.67,-1315.11,0.08,0.055,Boll_2.0,1.5:1/5d
PEP,145,29.7,3.452,-14.456,-9.145,-1326.09,0.1,0.058,Boll_2.0,1.5:1/5d
COST,155,25.8,3.539,-7.266,-4.477,-693.98,0.17,0.061,Boll_2.0,1.5:1/5d
HD,155,27.1,3.788,-12.637,-8.186,-1268.87,0.11,0.062,Boll_2.0,1.5:1/5d
MCD,122,38.5,3.109,-11.328,-5.766,-703.44,0.17,0.05,Boll_2.0,1.5:1/5d
NKE,125,33.6,4.673,-7.492,-3.405,-425.58,0.32,0.052,Boll_2.0,1.5:1/5d
SBUX,149,26.8,4.905,-11.817,-7.328,-1091.88,0.15,0.059,Boll_2.0,1.5:1/5d
TGT,153,22.9,5.171,-14.838,-10.261,-1569.89,0.1,0.062,Boll_2.0,1.5:1/5d
CAT,142,25.4,5.233,-8.436,-4.971,-705.85,0.21,0.056,Boll_2.0,1.5:1/5d
GE,123,30.9,5.159,-22.431,-13.908,-1710.64,0.1,0.05,Boll_2.0,1.5:1/5d
HON,140,29.3,4.59,-9.428,-5.323,-745.2,0.2,0.056,Boll_2.0,1.5:1/5d
UNP,143,34.3,3.469,-11.393,-6.3,-900.93,0.16,0.057,Boll_2.0,1.5:1/5d
BA,138,43.5,4.218,-3.995,-0.424,-58.52,0.81,0.056,Boll_2.0,1.5:1/5d
RTX,150,28.7,2.882,-30.283,-20.775,-3116.29,0.04,0.06,Boll_2.0,1.5:1/5d
DE,137,29.2,5.602,-7.063,-3.365,-461.01,0.33,0.055,Boll_2.0,1.5:1/5d
LMT,136,24.3,3.485,-11.772,-8.07,-1097.47,0.09,0.054,Boll_2.0,1.5:1/5d
MMM,117,27.4,4.397,-27.279,-18.615,-2178.01,0.06,0.047,Boll_2.0,1.5:1/5d
FDX,144,30.6,5.537,-9.234,-4.721,-679.77,0.26,0.058,Boll_2.0,1.5:1/5d
XOM,151,31.8,4.481,-19.078,-11.589,-1750.0,0.11,0.06,Boll_2.0,1.5:1/5d
CVX,126,24.6,3.537,-19.195,-13.603,-1713.93,0.06,0.05,Boll_2.0,1.5:1/5d
COP,129,27.1,3.632,-15.622,-10.398,-1341.34,0.09,0.052,Boll_2.0,1.5:1/5d
SLB,143,31.5,6.003,-11.885,-6.256,-894.55,0.23,0.057,Boll_2.0,1.5:1/5d
EOG,148,25.7,5.632,-21.067,-14.212,-2103.4,0.09,0.059,Boll_2.0,1.5:1/5d
MPC,163,19.0,6.079,-13.537,-9.806,-1598.42,0.11,0.065,Boll_2.0,1.5:1/5d
VLO,166,21.7,7.385,-17.38,-12.009,-1993.49,0.12,0.066,Boll_2.0,1.5:1/5d
PSX,168,23.8,5.117,-18.792,-13.1,-2200.74,0.09,0.067,Boll_2.0,1.5:1/5d
OXY,146,33.6,5.372,-9.202,-4.311,-629.36,0.29,0.058,Boll_2.0,1.5:1/5d
HAL,135,25.2,5.541,-9.803,-5.939,-801.76,0.19,0.054,Boll_2.0,1.5:1/5d
NFLX,159,11.3,6.975,-754.786,-668.549,-106299.3,0.0,0.065,Boll_2.0,1.5:1/5d
DIS,114,39.5,3.763,-3.495,-0.63,-71.82,0.7,0.045,Boll_2.0,1.5:1/5d
CMCSA,149,33.6,3.87,-19.639,-11.75,-1750.75,0.1,0.059,Boll_2.0,1.5:1/5d
T,132,26.5,2.967,-49.684,-35.724,-4715.52,0.02,0.053,Boll_2.0,1.5:1/5d
VZ,148,24.3,2.247,-27.397,-20.187,-2987.6,0.03,0.059,Boll_2.0,1.5:1/5d
TMUS,157,33.8,4.544,-4.228,-1.267,-198.94,0.55,0.062,Boll_2.0,1.5:1/5d
CHTR,143,47.6,3.523,-2.669,0.275,39.39,1.2,0.057,Boll_2.0,1.5:1/5d
EA,140,41.4,4.649,-3.197,0.054,7.52,1.03,0.056,Boll_2.0,1.5:1/5d
ATVI,114,43.0,4.101,-3.413,-0.183,-20.88,0.91,0.055,Boll_2.0,1.5:1/5d
WBD,141,46.8,4.952,-3.611,0.398,56.05,1.21,0.057,Boll_2.0,1.5:1/5d
LIN,139,32.4,3.723,-7.09,-3.589,-498.94,0.25,0.055,Boll_2.0,1.5:1/5d
APD,152,28.9,4.146,-11.238,-6.785,-1031.3,0.15,0.06,Boll_2.0,1.5:1/5d
SHW,140,20.0,3.29,-102.179,-81.085,-11351.93,0.01,0.056,Boll_2.0,1.5:1/5d
ECL,124,41.9,4.267,-5.906,-1.64,-203.34,0.52,0.049,Boll_2.0,1.5:1/5d
DD,152,11.8,3.096,-115.838,-101.754,-15466.6,0.0,0.06,Boll_2.0,1.5:1/5d
NEM,143,26.6,5.844,-13.317,-8.225,-1176.16,0.16,0.057,Boll_2.0,1.5:1/5d
FCX,134,35.8,6.293,-6.771,-2.092,-280.28,0.52,0.053,Boll_2.0,1.5:1/5d
NUE,143,36.4,4.932,-8.742,-3.77,-539.09,0.32,0.057,Boll_2.0,1.5:1/5d
DOW,125,22.4,3.949,-23.84,-17.616,-2201.94,0.05,0.061,Boll_2.0,1.5:1/5d
CF,162,24.1,5.387,-12.472,-8.173,-1324.02,0.14,0.064,Boll_2.0,1.5:1/5d
SPY,123,32.5,2.789,-6.034,-3.164,-389.23,0.22,0.049,Boll_2.0,1.5:1/5d
QQQ,131,35.1,3.732,-3.265,-0.808,-105.87,0.62,0.052,Boll_2.0,1.5:1/5d
IWM,131,33.6,3.599,-5.862,-2.684,-351.65,0.31,0.052,Boll_2.0,1.5:1/5d
XLF,139,30.2,3.66,-7.607,-4.203,-584.18,0.21,0.055,Boll_2.0,1.5:1/5d
XLE,157,13.4,3.682,-112.971,-97.368,-15286.8,0.01,0.062,Boll_2.0,1.5:1/5d
XLK,149,14.1,3.037,-93.307,-79.729,-11879.55,0.01,0.06,Boll_2.0,1.5:1/5d
XLV,135,36.3,2.515,-7.31,-3.744,-505.43,0.2,0.054,Boll_2.0,1.5:1/5d
XLP,134,38.1,1.646,-11.535,-6.518,-873.42,0.09,0.053,Boll_2.0,1.5:1/5d
GLD,160,39.4,1.451,-0.931,0.007,1.08,1.01,0.065,Boll_2.0,1.5:1/5d
TLT,152,34.2,1.475,-13.573,-8.425,-1280.54,0.06,0.06,Boll_2.0,1.5:1/5d
AMD,157,38.9,5.992,-3.866,-0.036,-5.63,0.98,0.062,Boll_2.0,1.5:1/5d
INTC,139,36.7,5.65,-9.191,-3.746,-520.65,0.36,0.056,Boll_2.0,1.5:1/5d
CRM,136,37.5,3.809,-2.782,-0.31,-42.17,0.82,0.054,Boll_2.0,1.5:1/5d
PYPL,149,48.3,4.034,-3.087,0.354,52.75,1.22,0.06,Boll_2.0,1.5:1/5d
SQ,140,40.7,6.485,-4.5,-0.028,-3.91,0.99,0.057,Boll_2.0,1.5:1/5d
SHOP,163,20.2,5.347,-588.312,-468.123,-76304.1,0.0,0.066,Boll_2.0,1.5:1/5d
UBER,111,45.0,4.919,-4.132,-0.055,-6.07,0.98,0.056,Boll_2.0,1.5:1/5d
ABNB,81,43.2,5.138,-3.657,0.143,11.6,1.07,0.056,Boll_2.0,1.5:1/5d
COIN,79,39.2,8.871,-6.862,-0.688,-54.38,0.83,0.06,Boll_2.0,1.5:1/5d
SNAP,132,40.2,6.638,-4.248,0.123,16.2,1.05,0.053,Boll_2.0,1.5:1/5d
AAPL,161,23.6,4.332,-155.075,-117.451,-18909.6,0.01,0.064,Boll_2.0,2:1/5d
MSFT,155,32.3,3.958,-4.809,-1.981,-307.06,0.39,0.062,Boll_2.0,2:1/5d
AMZN,148,23.6,4.168,-1267.536,-966.795,-143085.67,0.0,0.06,Boll_2.0,2:1/5d
GOOGL,154,20.1,3.715,-1257.878,-1003.921,-154603.83,0.0,0.061,Boll_2.0,2:1/5d
META,137,41.6,3.968,-3.037,-0.123,-16.8,0.93,0.055,Boll_2.0,2:1/5d
NVDA,178,14.0,4.315,-2203.593,-1893.494,-337041.91,0.0,0.073,Boll_2.0,2:1/5d
TSLA,196,15.8,7.297,-522.683,-438.86,-86016.54,0.0,0.078,Boll_2.0,2:1/5d
AVGO,156,16.0,3.717,-844.029,-708.173,-110474.93,0.0,0.062,Boll_2.0,2:1/5d
ORCL,149,29.5,4.158,-6.092,-3.065,-456.71,0.29,0.059,Boll_2.0,2:1/5d
ADBE,132,44.7,3.635,-2.63,0.17,22.44,1.12,0.053,Boll_2.0,2:1/5d
JPM,131,29.8,3.766,-11.926,-7.255,-950.34,0.13,0.052,Boll_2.0,2:1/5d
BAC,133,24.1,4.249,-10.938,-7.284,-968.71,0.12,0.053,Boll_2.0,2:1/5d
WFC,129,30.2,4.151,-10.492,-6.065,-782.37,0.17,0.051,Boll_2.0,2:1/5d
GS,143,33.6,3.063,-10.132,-5.703,-815.52,0.15,0.058,Boll_2.0,2:1/5d
MS,148,25.0,3.605,-13.759,-9.418,-1393.8,0.09,0.059,Boll_2.0,2:1/5d
C,142,25.4,4.959,-15.761,-10.508,-1492.14,0.11,0.056,Boll_2.0,2:1/5d
BLK,159,20.8,3.715,-10.247,-7.349,-1168.5,0.09,0.063,Boll_2.0,2:1/5d
SCHW,154,33.8,3.84,-6.746,-3.171,-488.36,0.29,0.061,Boll_2.0,2:1/5d
AXP,140,34.3,4.333,-6.75,-2.95,-413.0,0.33,0.056,Boll_2.0,2:1/5d
USB,147,27.2,3.689,-19.84,-13.438,-1975.33,0.07,0.058,Boll_2.0,2:1/5d
UNH,145,33.8,4.025,-8.617,-4.345,-630.05,0.24,0.058,Boll_2.0,2:1/5d
JNJ,147,31.3,2.215,-11.983,-7.54,-1108.45,0.08,0.058,Boll_2.0,2:1/5d
LLY,148,27.7,4.188,-5.636,-2.915,-431.38,0.28,0.06,Boll_2.0,2:1/5d
PFE,165,20.6,2.837,-26.106,-20.142,-3323.39,0.03,0.065,Boll_2.0,2:1/5d
ABBV,148,26.4,3.772,-16.913,-11.462,-1696.37,0.08,0.061,Boll_2.0,2:1/5d
MRK,138,27.5,3.076,-18.571,-12.61,-1740.24,0.06,0.056,Boll_2.0,2:1/5d
TMO,136,33.1,3.478,-2.486,-0.513,-69.77,0.69,0.055,Boll_2.0,2:1/5d
ABT,141,29.8,2.884,-9.017,-5.472,-771.49,0.14,0.057,Boll_2.0,2:1/5d
DHR,139,22.3,2.821,-12.334,-8.954,-1244.65,0.07,0.055,Boll_2.0,2:1/5d
BMY,147,23.1,3.295,-18.442,-13.414,-1971.88,0.05,0.059,Boll_2.0,2:1/5d
WMT,164,18.3,2.935,-179.151,-145.843,-23918.17,0.0,0.066,Boll_2.0,2:1/5d
PG,123,35.8,2.795,-11.542,-6.413,-788.83,0.13,0.049,Boll_2.0,2:1/5d
KO,136,27.9,2.406,-14.57,-9.827,-1336.49,0.06,0.055,Boll_2.0,2:1/5d
PEP,144,29.9,2.596,-14.471,-9.375,-1349.96,0.08,0.057,Boll_2.0,2:1/5d
COST,155,25.8,3.081,-7.266,-4.596,-712.3,0.15,0.061,Boll_2.0,2:1/5d
HD,155,27.1,3.084,-12.637,-8.377,-1298.44,0.09,0.062,Boll_2.0,2:1/5d
MCD,121,38.8,2.497,-11.318,-5.952,-720.19,0.14,0.049,Boll_2.0,2:1/5d
NKE,125,32.8,4.008,-7.421,-3.672,-459.03,0.26,0.052,Boll_2.0,2:1/5d
SBUX,149,26.8,3.57,-11.817,-7.686,-1145.28,0.11,0.059,Boll_2.0,2:1/5d
TGT,153,22.2,4.172,-14.714,-10.517,-1609.12,0.08,0.062,Boll_2.0,2:1/5d
CAT,142,24.6,4.929,-8.359,-5.084,-721.96,0.19,0.056,Boll_2.0,2:1/5d
GE,122,31.1,5.25,-22.653,-13.962,-1703.4,0.1,0.049,Boll_2.0,2:1/5d
HON,140,29.3,4.091,-9.428,-5.469,-765.64,0.18,0.056,Boll_2.0,2:1/5d
UNP,143,34.3,2.968,-11.393,-6.472,-925.5,0.14,0.057,Boll_2.0,2:1/5d
BA,138,40.6,4.654,-3.941,-0.453,-62.54,0.81,0.056,Boll_2.0,2:1/5d
RTX,150,28.7,2.748,-30.283,-20.814,-3122.06,0.04,0.06,Boll_2.0,2:1/5d
DE,137,29.2,4.552,-7.063,-3.671,-502.98,0.27,0.055,Boll_2.0,2:1/5d
LMT,136,23.5,2.478,-11.696,-8.361,-1137.05,0.07,0.054,Boll_2.0,2:1/5d
MMM,117,27.4,4.516,-27.279,-18.583,-2174.2,0.06,0.047,Boll_2.0,2:1/5d
FDX,144,30.6,4.142,-9.234,-5.147,-741.16,0.2,0.058,Boll_2.0,2:1/5d
XOM,151,31.8,3.995,-19.078,-11.744,-1773.33,0.1,0.06,Boll_2.0,2:1/5d
CVX,126,24.6,3.537,-19.195,-13.603,-1713.93,0.06,0.05,Boll_2.0,2:1/5d
COP,129,27.1,3.632,-15.622,-10.398,-1341.34,0.09,0.052,Boll_2.0,2:1/5d
SLB,143,30.8,4.736,-11.767,-6.689,-956.55,0.18,0.057,Boll_2.0,2:1/5d
EOG,148,25.7,4.477,-21.067,-14.509,-2147.28,0.07,0.059,Boll_2.0,2:1/5d
MPC,163,19.0,5.862,-13.537,-9.848,-1605.16,0.1,0.065,Boll_2.0,2:1/5d
VLO,165,21.8,6.185,-17.452,-12.295,-2028.69,0.1,0.066,Boll_2.0,2:1/5d
PSX,168,23.8,4.806,-18.792,-13.174,-2213.18,0.08,0.067,Boll_2.0,2:1/5d
OXY,146,32.9,5.006,-9.145,-4.493,-655.93,0.27,0.058,Boll_2.0,2:1/5d
HAL,135,25.2,4.398,-9.803,-6.227,-840.6,0.15,0.054,Boll_2.0,2:1/5d
NFLX,159,11.3,6.975,-754.786,-668.549,-106299.3,0.0,0.065,Boll_2.0,2:1/5d
DIS,113,36.3,3.633,-3.502,-0.913,-103.18,0.59,0.045,Boll_2.0,2:1/5d
CMCSA,146,33.6,2.685,-19.686,-12.178,-1778.03,0.07,0.058,Boll_2.0,2:1/5d
T,132,26.5,2.967,-49.684,-35.724,-4715.52,0.02,0.053,Boll_2.0,2:1/5d
VZ,148,24.3,2.247,-27.397,-20.187,-2987.6,0.03,0.059,Boll_2.0,2:1/5d
TMUS,157,33.8,4.356,-4.228,-1.331,-208.91,0.52,0.062,Boll_2.0,2:1/5d
CHTR,140,45.0,4.001,-2.63,0.354,49.51,1.24,0.056,Boll_2.0,2:1/5d
EA,137,38.0,4.673,-3.204,-0.214,-29.34,0.89,0.054,Boll_2.0,2:1/5d
ATVI,111,39.6,3.915,-3.331,-0.459,-50.92,0.77,0.054,Boll_2.0,2:1/5d
WBD,140,44.3,4.988,-3.594,0.207,28.93,1.1,0.056,Boll_2.0,2:1/5d
LIN,139,31.7,3.003,-7.027,-3.852,-535.45,0.2,0.055,Boll_2.0,2:1/5d
APD,152,28.3,3.035,-11.153,-7.14,-1085.23,0.11,0.06,Boll_2.0,2:1/5d
SHW,140,19.3,3.53,-101.301,-81.083,-11351.65,0.01,0.056,Boll_2.0,2:1/5d
ECL,122,40.2,3.416,-5.75,-2.068,-252.34,0.4,0.048,Boll_2.0,2:1/5d
DD,152,11.8,3.096,-115.838,-101.754,-15466.6,0.0,0.06,Boll_2.0,2:1/5d
NEM,141,26.2,3.578,-13.09,-8.716,-1228.94,0.1,0.056,Boll_2.0,2:1/5d
FCX,134,34.3,6.285,-6.749,-2.275,-304.81,0.49,0.053,Boll_2.0,2:1/5d
NUE,143,35.7,4.304,-8.647,-4.028,-576.05,0.28,0.057,Boll_2.0,2:1/5d
DOW,125,22.4,3.949,-23.84,-17.616,-2201.94,0.05,0.061,Boll_2.0,2:1/5d
CF,162,23.5,4.415,-12.39,-8.448,-1368.64,0.11,0.064,Boll_2.0,2:1/5d
SPY,123,32.5,2.243,-6.034,-3.342,-411.08,0.18,0.049,Boll_2.0,2:1/5d
QQQ,129,32.6,3.019,-3.271,-1.223,-157.82,0.45,0.051,Boll_2.0,2:1/5d
IWM,131,33.6,2.938,-5.862,-2.906,-380.73,0.25,0.052,Boll_2.0,2:1/5d
XLF,139,30.2,2.975,-7.607,-4.41,-612.96,0.17,0.055,Boll_2.0,2:1/5d
XLE,157,13.4,3.682,-112.971,-97.368,-15286.8,0.01,0.062,Boll_2.0,2:1/5d
XLK,149,14.1,3.037,-93.307,-79.729,-11879.55,0.01,0.06,Boll_2.0,2:1/5d
XLV,135,36.3,1.98,-7.31,-3.938,-531.63,0.15,0.054,Boll_2.0,2:1/5d
XLP,134,38.1,1.646,-11.535,-6.518,-873.42,0.09,0.053,Boll_2.0,2:1/5d
GLD,160,35.6,1.612,-0.923,-0.02,-3.22,0.97,0.065,Boll_2.0,2:1/5d
TLT,152,34.2,1.475,-13.573,-8.425,-1280.54,0.06,0.06,Boll_2.0,2:1/5d
AMD,157,36.9,6.511,-3.837,-0.014,-2.22,0.99,0.062,Boll_2.0,2:1/5d
INTC,137,35.0,4.398,-9.127,-4.388,-601.21,0.26,0.055,Boll_2.0,2:1/5d
CRM,134,35.8,4.208,-2.76,-0.264,-35.39,0.85,0.054,Boll_2.0,2:1/5d
PYPL,146,45.2,4.285,-3.105,0.236,34.4,1.14,0.058,Boll_2.0,2:1/5d
SQ,140,37.9,7.18,-4.5,-0.078,-10.96,0.97,0.057,Boll_2.0,2:1/5d
SHOP,163,20.2,5.888,-588.312,-468.014,-76286.23,0.0,0.066,Boll_2.0,2:1/5d
UBER,111,42.3,5.611,-4.052,0.04,4.4,1.02,0.056,Boll_2.0,2:1/5d
ABNB,80,41.2,5.193,-3.643,0.002,0.15,1.0,0.056,Boll_2.0,2:1/5d
COIN,79,36.7,9.16,-6.825,-0.957,-75.62,0.78,0.06,Boll_2.0,2:1/5d
SNAP,132,37.9,7.603,-4.251,0.239,31.59,1.09,0.053,Boll_2.0,2:1/5d
AAPL,167,33.5,2.8,-171.536,-113.076,-18883.66,0.01,0.067,Boll_2.0,1:1/3d
MSFT,166,42.2,4.306,-4.82,-0.972,-161.34,0.65,0.066,Boll_2.0,1:1/3d
AMZN,162,27.8,2.861,-1239.486,-894.39,-144891.14,0.0,0.066,Boll_2.0,1:1/3d
GOOGL,162,25.9,49.993,-1289.292,-942.07,-152615.37,0.01,0.065,Boll_2.0,1:1/3d
META,146,52.1,2.786,-2.879,0.07,10.21,1.05,0.058,Boll_2.0,1:1/3d
NVDA,186,14.5,191.435,-2144.703,-1805.586,-335839.03,0.02,0.077,Boll_2.0,1:1/3d
TSLA,205,17.6,104.703,-525.126,-414.522,-84977.08,0.04,0.082,Boll_2.0,1:1/3d
AVGO,165,17.0,154.794,-807.102,-643.871,-106238.7,0.04,0.066,Boll_2.0,1:1/3d
ORCL,178,43.8,6.024,-5.749,-0.59,-104.97,0.82,0.071,Boll_2.0,1:1/3d
ADBE,143,48.3,2.555,-2.305,0.04,5.75,1.03,0.057,Boll_2.0,1:1/3d
JPM,151,41.1,10.725,-11.325,-2.271,-342.97,0.66,0.06,Boll_2.0,1:1/3d
BAC,153,40.5,8.07,-10.952,-3.244,-496.34,0.5,0.061,Boll_2.0,1:1/3d
WFC,146,39.7,10.848,-9.721,-1.55,-226.25,0.74,0.058,Boll_2.0,1:1/3d
GS,154,43.5,8.866,-10.254,-1.936,-298.1,0.67,0.062,Boll_2.0,1:1/3d
MS,162,34.6,11.919,-13.768,-4.888,-791.93,0.46,0.065,Boll_2.0,1:1/3d
C,161,31.1,14.865,-14.224,-5.19,-835.63,0.47,0.064,Boll_2.0,1:1/3d
BLK,172,40.1,8.761,-10.861,-2.989,-514.16,0.54,0.069,Boll_2.0,1:1/3d
SCHW,175,46.3,5.812,-6.844,-0.986,-172.61,0.73,0.07,Boll_2.0,1:1/3d
AXP,154,46.1,5.191,-6.546,-1.135,-174.75,0.68,0.061,Boll_2.0,1:1/3d
USB,166,34.9,15.422,-18.93,-6.927,-1149.92,0.44,0.066,Boll_2.0,1:1/3d
UNH,167,46.7,7.437,-8.663,-1.143,-190.85,0.75,0.067,Boll_2.0,1:1/3d
JNJ,162,40.7,8.831,-11.369,-3.139,-508.55,0.53,0.064,Boll_2.0,1:1/3d
LLY,160,37.5,5.433,-5.46,-1.375,-219.97,0.6,0.065,Boll_2.0,1:1/3d
PFE,179,26.8,19.054,-25.709,-13.706,-2453.31,0.27,0.071,Boll_2.0,1:1/3d
ABBV,164,34.8,12.659,-16.438,-6.325,-1037.35,0.41,0.067,Boll_2.0,1:1/3d
MRK,148,35.1,11.442,-19.158,-8.407,-1244.19,0.32,0.06,Boll_2.0,1:1/3d
TMO,150,44.0,2.212,-2.209,-0.264,-39.58,0.79,0.061,Boll_2.0,1:1/3d
ABT,158,38.6,6.521,-8.478,-2.687,-424.54,0.48,0.064,Boll_2.0,1:1/3d
DHR,147,32.0,8.288,-12.18,-5.636,-828.45,0.32,0.059,Boll_2.0,1:1/3d
BMY,164,32.9,11.872,-17.569,-7.875,-1291.51,0.33,0.066,Boll_2.0,1:1/3d
WMT,173,22.0,51.381,-177.849,-127.498,-22057.12,0.08,0.07,Boll_2.0,1:1/3d
PG,138,43.5,6.895,-10.518,-2.947,-406.73,0.5,0.055,Boll_2.0,1:1/3d
KO,157,40.1,11.359,-13.806,-3.708,-582.1,0.55,0.064,Boll_2.0,1:1/3d
PEP,164,44.5,10.985,-14.518,-3.166,-519.24,0.61,0.065,Boll_2.0,1:1/3d
COST,164,34.8,4.537,-7.039,-3.015,-494.52,0.34,0.065,Boll_2.0,1:1/3d
HD,169,36.1,8.677,-12.564,-4.897,-827.65,0.39,0.067,Boll_2.0,1:1/3d
MCD,144,52.1,7.524,-10.918,-1.313,-189.04,0.75,0.059,Boll_2.0,1:1/3d
NKE,144,48.6,6.523,-7.187,-0.522,-75.23,0.86,0.058,Boll_2.0,1:1/3d
SBUX,162,37.0,8.498,-11.663,-4.196,-679.82,0.43,0.064,Boll_2.0,1:1/3d
TGT,162,30.2,9.609,-14.648,-7.311,-1184.38,0.28,0.066,Boll_2.0,1:1/3d
CAT,157,35.0,6.77,-8.087,-2.882,-452.49,0.45,0.062,Boll_2.0,1:1/3d
GE,162,53.1,48.934,-23.75,14.836,2403.36,2.33,0.065,Boll_2.0,1:1/3d
HON,160,45.6,8.977,-9.421,-1.027,-164.29,0.8,0.064,Boll_2.0,1:1/3d
UNP,152,42.8,7.302,-11.277,-3.332,-506.44,0.48,0.06,Boll_2.0,1:1/3d
BA,145,51.7,3.153,-3.79,-0.199,-28.81,0.89,0.059,Boll_2.0,1:1/3d
RTX,163,35.6,17.932,-31.288,-13.774,-2245.15,0.32,0.065,Boll_2.0,1:1/3d
DE,158,44.3,6.623,-6.822,-0.865,-136.71,0.77,0.063,Boll_2.0,1:1/3d
LMT,151,34.4,11.077,-11.65,-3.824,-577.4,0.5,0.06,Boll_2.0,1:1/3d
MMM,131,30.5,26.292,-25.406,-9.62,-1260.28,0.45,0.052,Boll_2.0,1:1/3d
FDX,164,42.1,7.763,-8.803,-1.833,-300.66,0.64,0.066,Boll_2.0,1:1/3d
XOM,162,38.3,11.261,-18.881,-7.345,-1189.88,0.37,0.064,Boll_2.0,1:1/3d
CVX,142,37.3,15.168,-19.544,-6.588,-935.49,0.46,0.057,Boll_2.0,1:1/3d
COP,150,41.3,13.907,-16.213,-3.763,-564.47,0.6,0.06,Boll_2.0,1:1/3d
SLB,164,39.6,9.681,-10.742,-2.647,-434.11,0.59,0.065,Boll_2.0,1:1/3d
EOG,171,38.0,12.85,-20.989,-8.126,-1389.56,0.38,0.068,Boll_2.0,1:1/3d
MPC,177,25.4,10.906,-13.192,-7.066,-1250.65,0.28,0.07,Boll_2.0,1:1/3d
VLO,178,32.6,13.417,-17.957,-7.734,-1376.64,0.36,0.071,Boll_2.0,1:1/3d
PSX,185,35.7,14.043,-18.89,-7.141,-1321.09,0.41,0.074,Boll_2.0,1:1/3d
OXY,161,42.2,8.116,-9.113,-1.836,-295.67,0.65,0.064,Boll_2.0,1:1/3d
HAL,158,39.2,8.184,-9.432,-2.52,-398.1,0.56,0.063,Boll_2.0,1:1/3d
NFLX,171,12.3,142.232,-726.324,-619.659,-105961.66,0.03,0.07,Boll_2.0,1:1/3d
DIS,132,53.8,3.277,-3.288,0.243,32.08,1.16,0.053,Boll_2.0,1:1/3d
CMCSA,165,40.0,14.867,-18.868,-5.374,-886.78,0.53,0.066,Boll_2.0,1:1/3d
T,144,31.9,30.241,-48.5,-23.347,-3361.93,0.29,0.058,Boll_2.0,1:1/3d
VZ,159,33.3,20.281,-27.35,-11.473,-1824.2,0.37,0.063,Boll_2.0,1:1/3d
TMUS,173,46.2,4.028,-4.186,-0.388,-67.1,0.83,0.069,Boll_2.0,1:1/3d
CHTR,150,52.0,2.407,-2.389,0.105,15.76,1.09,0.06,Boll_2.0,1:1/3d
EA,151,47.0,3.46,-2.995,0.04,6.08,1.03,0.06,Boll_2.0,1:1/3d
ATVI,129,48.1,3.228,-3.047,-0.031,-4.01,0.98,0.063,Boll_2.0,1:1/3d
WBD,153,55.6,3.484,-3.847,0.226,34.56,1.13,0.062,Boll_2.0,1:1/3d
LIN,161,49.1,4.822,-7.028,-1.213,-195.37,0.66,0.064,Boll_2.0,1:1/3d
APD,171,43.3,7.58,-11.373,-3.171,-542.24,0.51,0.068,Boll_2.0,1:1/3d
SHW,150,28.7,19.037,-106.769,-70.705,-10605.73,0.07,0.06,Boll_2.0,1:1/3d
ECL,148,57.4,4.783,-5.861,0.252,37.36,1.1,0.059,Boll_2.0,1:1/3d
DD,164,17.7,34.596,-114.853,-88.426,-14501.84,0.06,0.065,Boll_2.0,1:1/3d
NEM,156,34.6,10.055,-12.714,-4.833,-753.89,0.42,0.062,Boll_2.0,1:1/3d
FCX,151,47.0,6.289,-6.445,-0.457,-69.04,0.87,0.06,Boll_2.0,1:1/3d
NUE,163,46.6,6.811,-7.878,-1.029,-167.76,0.76,0.065,Boll_2.0,1:1/3d
DOW,134,29.1,19.846,-23.539,-10.912,-1462.2,0.35,0.065,Boll_2.0,1:1/3d
CF,173,32.9,9.039,-12.016,-5.079,-878.7,0.37,0.069,Boll_2.0,1:1/3d
SPY,143,53.1,5.354,-6.055,0.009,1.22,1.0,0.057,Boll_2.0,1:1/3d
QQQ,153,52.9,3.387,-3.365,0.21,32.09,1.13,0.061,Boll_2.0,1:1/3d
IWM,155,49.7,5.454,-5.638,-0.128,-19.82,0.95,0.062,Boll_2.0,1:1/3d
XLF,160,45.6,7.431,-7.246,-0.549,-87.89,0.86,0.064,Boll_2.0,1:1/3d
XLE,171,20.5,44.61,-112.996,-80.738,-13806.13,0.1,0.068,Boll_2.0,1:1/3d
XLK,159,16.4,68.448,-89.864,-63.976,-10172.21,0.15,0.064,Boll_2.0,1:1/3d
XLV,155,49.7,6.174,-7.385,-0.649,-100.62,0.83,0.062,Boll_2.0,1:1/3d
XLP,150,45.3,7.145,-10.935,-2.738,-410.77,0.54,0.06,Boll_2.0,1:1/3d
GLD,161,42.9,1.039,-0.883,-0.059,-9.51,0.88,0.065,Boll_2.0,1:1/3d
TLT,165,45.5,8.002,-14.104,-4.056,-669.19,0.47,0.066,Boll_2.0,1:1/3d
AMD,166,48.2,3.426,-3.52,-0.173,-28.64,0.91,0.066,Boll_2.0,1:1/3d
INTC,157,50.3,7.588,-9.016,-0.661,-103.77,0.85,0.063,Boll_2.0,1:1/3d
CRM,145,51.7,2.62,-2.705,0.05,7.19,1.04,0.058,Boll_2.0,1:1/3d
PYPL,158,51.3,2.853,-2.832,0.083,13.04,1.06,0.063,Boll_2.0,1:1/3d
SQ,148,48.0,4.259,-4.338,-0.214,-31.66,0.91,0.06,Boll_2.0,1:1/3d
SHOP,170,20.0,3.802,-562.29,-449.072,-76342.22,0.0,0.069,Boll_2.0,1:1/3d
UBER,116,51.7,3.633,-4.188,-0.143,-16.54,0.93,0.058,Boll_2.0,1:1/3d
ABNB,83,49.4,3.758,-3.208,0.233,19.31,1.14,0.058,Boll_2.0,1:1/3d
COIN,81,42.0,6.788,-6.283,-0.796,-64.47,0.78,0.061,Boll_2.0,1:1/3d
SNAP,141,51.8,4.319,-4.568,0.033,4.65,1.01,0.057,Boll_2.0,1:1/3d
AAPL,44,20.5,3.219,-148.967,-117.838,-5184.88,0.01,0.019,Boll_2.5,1.5:1/5d
MSFT,42,26.2,7.921,-4.472,-1.226,-51.51,0.63,0.017,Boll_2.5,1.5:1/5d
AMZN,57,26.3,3.414,-1156.18,-851.023,-48508.33,0.0,0.023,Boll_2.5,1.5:1/5d
GOOGL,50,24.0,3.646,-1108.721,-841.753,-42087.64,0.0,0.02,Boll_2.5,1.5:1/5d
META,52,44.2,3.496,-3.478,-0.394,-20.46,0.8,0.021,Boll_2.5,1.5:1/5d
NVDA,53,17.0,4.772,-2190.176,-1817.449,-96324.8,0.0,0.022,Boll_2.5,1.5:1/5d
TSLA,62,21.0,6.45,-564.584,-444.851,-27580.77,0.0,0.025,Boll_2.5,1.5:1/5d
AVGO,53,17.0,4.164,-822.999,-682.538,-36174.5,0.0,0.021,Boll_2.5,1.5:1/5d
ORCL,63,42.9,4.106,-5.342,-1.293,-81.45,0.58,0.026,Boll_2.5,1.5:1/5d
ADBE,57,47.4,4.019,-2.524,0.575,32.8,1.43,0.023,Boll_2.5,1.5:1/5d
JPM,47,29.8,5.217,-11.357,-6.42,-301.73,0.19,0.019,Boll_2.5,1.5:1/5d
BAC,55,34.5,4.064,-9.351,-4.717,-259.43,0.23,0.022,Boll_2.5,1.5:1/5d
WFC,46,26.1,3.805,-8.809,-5.518,-253.83,0.15,0.019,Boll_2.5,1.5:1/5d
GS,52,26.9,3.802,-9.861,-6.182,-321.48,0.14,0.021,Boll_2.5,1.5:1/5d
MS,46,23.9,4.135,-10.952,-7.344,-337.83,0.12,0.019,Boll_2.5,1.5:1/5d
C,48,27.1,6.0,-14.272,-8.782,-421.52,0.16,0.019,Boll_2.5,1.5:1/5d
BLK,49,20.4,3.169,-8.988,-6.507,-318.84,0.09,0.02,Boll_2.5,1.5:1/5d
SCHW,57,29.8,5.467,-6.419,-2.874,-163.83,0.36,0.023,Boll_2.5,1.5:1/5d
AXP,49,40.8,3.744,-6.413,-2.267,-111.1,0.4,0.02,Boll_2.5,1.5:1/5d
USB,52,30.8,3.237,-16.012,-10.089,-524.64,0.09,0.021,Boll_2.5,1.5:1/5d
UNH,52,38.5,5.536,-7.941,-2.757,-143.39,0.44,0.021,Boll_2.5,1.5:1/5d
JNJ,38,42.1,4.52,-11.904,-4.989,-189.57,0.28,0.016,Boll_2.5,1.5:1/5d
LLY,61,23.0,3.976,-4.932,-2.888,-176.14,0.24,0.025,Boll_2.5,1.5:1/5d
PFE,48,22.9,4.234,-28.571,-21.053,-1010.55,0.04,0.02,Boll_2.5,1.5:1/5d
ABBV,46,15.2,8.974,-13.267,-9.882,-454.58,0.12,0.019,Boll_2.5,1.5:1/5d
MRK,38,36.8,3.041,-13.447,-7.373,-280.16,0.13,0.016,Boll_2.5,1.5:1/5d
TMO,46,50.0,3.692,-2.604,0.544,25.0,1.42,0.019,Boll_2.5,1.5:1/5d
ABT,48,25.0,4.49,-8.362,-5.149,-247.14,0.18,0.02,Boll_2.5,1.5:1/5d
DHR,41,22.0,3.142,-12.172,-8.81,-361.22,0.07,0.017,Boll_2.5,1.5:1/5d
BMY,43,25.6,2.483,-13.606,-9.49,-408.07,0.06,0.017,Boll_2.5,1.5:1/5d
WMT,49,32.7,3.469,-159.174,-106.066,-5197.24,0.01,0.02,Boll_2.5,1.5:1/5d
PG,49,40.8,3.807,-11.228,-5.091,-249.47,0.23,0.02,Boll_2.5,1.5:1/5d
KO,41,41.5,1.875,-14.679,-7.815,-320.42,0.09,0.017,Boll_2.5,1.5:1/5d
PEP,43,34.9,2.123,-14.338,-8.596,-369.62,0.08,0.017,Boll_2.5,1.5:1/5d
COST,45,22.2,3.859,-7.955,-5.33,-239.84,0.14,0.019,Boll_2.5,1.5:1/5d
HD,42,38.1,5.397,-12.583,-5.733,-240.79,0.26,0.017,Boll_2.5,1.5:1/5d
MCD,44,45.5,2.272,-12.123,-5.58,-245.51,0.16,0.019,Boll_2.5,1.5:1/5d
NKE,49,36.7,5.549,-6.979,-2.377,-116.46,0.46,0.021,Boll_2.5,1.5:1/5d
SBUX,50,28.0,3.929,-11.289,-7.028,-351.4,0.14,0.02,Boll_2.5,1.5:1/5d
TGT,51,35.3,7.265,-13.584,-6.225,-317.5,0.29,0.021,Boll_2.5,1.5:1/5d
CAT,44,11.4,7.185,-7.875,-6.164,-271.2,0.12,0.018,Boll_2.5,1.5:1/5d
GE,37,40.5,3.727,-13.352,-6.428,-237.84,0.19,0.015,Boll_2.5,1.5:1/5d
HON,44,34.1,4.725,-6.978,-2.988,-131.49,0.35,0.018,Boll_2.5,1.5:1/5d
UNP,48,37.5,3.279,-10.737,-5.481,-263.08,0.18,0.02,Boll_2.5,1.5:1/5d
BA,52,44.2,4.372,-3.56,-0.052,-2.68,0.97,0.021,Boll_2.5,1.5:1/5d
RTX,48,29.2,4.97,-20.684,-13.201,-633.66,0.1,0.019,Boll_2.5,1.5:1/5d
DE,41,29.3,4.963,-5.703,-2.581,-105.83,0.36,0.016,Boll_2.5,1.5:1/5d
LMT,50,34.0,2.742,-10.467,-5.976,-298.79,0.13,0.021,Boll_2.5,1.5:1/5d
MMM,42,19.0,3.581,-18.549,-14.334,-602.02,0.05,0.017,Boll_2.5,1.5:1/5d
FDX,39,33.3,5.639,-7.082,-2.842,-110.82,0.4,0.016,Boll_2.5,1.5:1/5d
XOM,48,35.4,4.348,-17.342,-9.66,-463.67,0.14,0.019,Boll_2.5,1.5:1/5d
CVX,44,34.1,8.233,-16.104,-7.807,-343.51,0.26,0.017,Boll_2.5,1.5:1/5d
COP,45,26.7,6.529,-12.956,-7.76,-349.21,0.18,0.019,Boll_2.5,1.5:1/5d
SLB,44,34.1,7.249,-10.834,-4.669,-205.44,0.35,0.018,Boll_2.5,1.5:1/5d
EOG,38,44.7,5.329,-19.295,-8.279,-314.61,0.22,0.015,Boll_2.5,1.5:1/5d
MPC,46,30.4,4.518,-13.825,-8.243,-379.16,0.14,0.018,Boll_2.5,1.5:1/5d
VLO,51,19.6,5.797,-16.821,-12.386,-631.68,0.08,0.021,Boll_2.5,1.5:1/5d
PSX,56,28.6,5.619,-17.218,-10.693,-598.8,0.13,0.022,Boll_2.5,1.5:1/5d
OXY,46,26.1,3.981,-8.802,-5.467,-251.48,0.16,0.018,Boll_2.5,1.5:1/5d
HAL,49,26.5,7.028,-9.589,-5.18,-253.83,0.26,0.021,Boll_2.5,1.5:1/5d
NFLX,45,15.6,7.293,-682.66,-575.334,-25890.04,0.0,0.02,Boll_2.5,1.5:1/5d
DIS,53,30.2,3.447,-3.092,-1.118,-59.27,0.48,0.021,Boll_2.5,1.5:1/5d
CMCSA,44,36.4,2.448,-17.496,-10.244,-450.71,0.08,0.018,Boll_2.5,1.5:1/5d
T,53,37.7,2.659,-45.579,-27.376,-1450.95,0.04,0.021,Boll_2.5,1.5:1/5d
VZ,44,38.6,2.591,-26.151,-15.046,-662.03,0.06,0.018,Boll_2.5,1.5:1/5d
TMUS,62,40.3,4.381,-4.237,-0.762,-47.25,0.7,0.025,Boll_2.5,1.5:1/5d
CHTR,57,56.1,3.529,-3.162,0.594,33.89,1.43,0.024,Boll_2.5,1.5:1/5d
EA,55,40.0,5.106,-2.82,0.35,19.27,1.21,0.022,Boll_2.5,1.5:1/5d
ATVI,40,52.5,4.024,-3.56,0.421,16.86,1.25,0.019,Boll_2.5,1.5:1/5d
WBD,57,42.1,4.48,-3.527,-0.156,-8.87,0.92,0.023,Boll_2.5,1.5:1/5d
LIN,46,43.5,4.9,-6.102,-1.319,-60.67,0.62,0.019,Boll_2.5,1.5:1/5d
APD,49,32.7,3.611,-10.246,-5.721,-280.33,0.17,0.02,Boll_2.5,1.5:1/5d
SHW,40,22.5,1.941,-76.333,-58.722,-2348.87,0.01,0.016,Boll_2.5,1.5:1/5d
ECL,44,56.8,5.199,-5.241,0.691,30.39,1.31,0.017,Boll_2.5,1.5:1/5d
DD,46,13.0,3.237,-101.037,-87.436,-4022.06,0.0,0.018,Boll_2.5,1.5:1/5d
NEM,60,28.3,8.623,-12.417,-6.456,-387.36,0.27,0.024,Boll_2.5,1.5:1/5d
FCX,51,39.2,7.89,-6.469,-0.838,-42.72,0.79,0.02,Boll_2.5,1.5:1/5d
NUE,50,30.0,6.371,-7.354,-3.237,-161.84,0.37,0.02,Boll_2.5,1.5:1/5d
DOW,46,21.7,2.915,-20.668,-15.541,-714.88,0.04,0.023,Boll_2.5,1.5:1/5d
CF,53,26.4,6.45,-12.807,-7.72,-409.16,0.18,0.023,Boll_2.5,1.5:1/5d
SPY,23,52.2,3.602,-3.846,0.04,0.92,1.02,0.009,Boll_2.5,1.5:1/5d
QQQ,29,44.8,6.024,-3.031,1.029,29.83,1.62,0.012,Boll_2.5,1.5:1/5d
IWM,43,34.9,3.237,-5.437,-2.412,-103.7,0.32,0.017,Boll_2.5,1.5:1/5d
XLF,49,30.6,4.047,-6.528,-3.291,-161.26,0.27,0.02,Boll_2.5,1.5:1/5d
XLE,42,28.6,2.955,-87.914,-61.952,-2601.96,0.01,0.017,Boll_2.5,1.5:1/5d
XLK,31,35.5,2.994,-84.328,-53.342,-1653.62,0.02,0.013,Boll_2.5,1.5:1/5d
XLV,39,43.6,3.789,-5.599,-1.507,-58.78,0.52,0.016,Boll_2.5,1.5:1/5d
XLP,41,46.3,1.88,-9.425,-4.186,-171.63,0.17,0.016,Boll_2.5,1.5:1/5d
GLD,67,34.3,1.454,-0.96,-0.131,-8.78,0.79,0.028,Boll_2.5,1.5:1/5d
TLT,43,32.6,1.858,-13.505,-8.503,-365.65,0.07,0.018,Boll_2.5,1.5:1/5d
AMD,54,27.8,6.785,-4.058,-1.046,-56.49,0.64,0.022,Boll_2.5,1.5:1/5d
INTC,59,30.5,4.514,-8.987,-4.868,-287.2,0.22,0.025,Boll_2.5,1.5:1/5d
CRM,60,41.7,3.944,-2.58,0.138,8.3,1.09,0.024,Boll_2.5,1.5:1/5d
PYPL,41,36.6,3.729,-3.035,-0.56,-22.96,0.71,0.017,Boll_2.5,1.5:1/5d
SQ,41,34.1,6.278,-4.854,-1.053,-43.17,0.67,0.017,Boll_2.5,1.5:1/5d
SHOP,59,27.1,5.689,-514.753,-373.616,-22043.37,0.0,0.024,Boll_2.5,1.5:1/5d
UBER,44,43.2,3.796,-4.007,-0.637,-28.05,0.72,0.022,Boll_2.5,1.5:1/5d
ABNB,29,44.8,4.148,-3.302,0.038,1.1,1.02,0.02,Boll_2.5,1.5:1/5d
COIN,33,42.4,9.815,-7.52,-0.166,-5.47,0.96,0.027,Boll_2.5,1.5:1/5d
SNAP,55,45.5,7.164,-4.077,1.032,56.77,1.46,0.022,Boll_2.5,1.5:1/5d
AAPL,44,20.5,2.628,-148.967,-117.959,-5190.21,0.0,0.019,Boll_2.5,2:1/5d
MSFT,42,23.8,5.318,-4.342,-2.042,-85.77,0.38,0.017,Boll_2.5,2:1/5d
AMZN,57,26.3,3.051,-1156.18,-851.119,-48513.77,0.0,0.023,Boll_2.5,2:1/5d
GOOGL,50,24.0,3.616,-1108.721,-841.76,-42088.01,0.0,0.02,Boll_2.5,2:1/5d
META,52,40.4,3.89,-3.311,-0.403,-20.95,0.8,0.021,Boll_2.5,2:1/5d
NVDA,53,17.0,4.772,-2190.176,-1817.449,-96324.8,0.0,0.022,Boll_2.5,2:1/5d
TSLA,62,17.7,6.145,-542.616,-445.256,-27605.84,0.0,0.025,Boll_2.5,2:1/5d
AVGO,53,17.0,4.756,-822.999,-682.437,-36169.17,0.0,0.021,Boll_2.5,2:1/5d
ORCL,63,42.9,4.058,-5.342,-1.313,-82.74,0.57,0.026,Boll_2.5,2:1/5d
ADBE,57,42.1,4.003,-2.562,0.202,11.51,1.14,0.023,Boll_2.5,2:1/5d
JPM,47,29.8,3.321,-11.357,-6.985,-328.28,0.12,0.019,Boll_2.5,2:1/5d
BAC,55,34.5,3.561,-9.351,-4.891,-268.98,0.2,0.022,Boll_2.5,2:1/5d
WFC,46,26.1,4.032,-8.809,-5.459,-251.12,0.16,0.019,Boll_2.5,2:1/5d
GS,52,26.9,3.66,-9.861,-6.221,-323.48,0.14,0.021,Boll_2.5,2:1/5d
MS,46,23.9,4.347,-10.952,-7.293,-335.49,0.12,0.019,Boll_2.5,2:1/5d
C,47,27.7,6.458,-14.244,-8.518,-400.33,0.17,0.019,Boll_2.5,2:1/5d
BLK,49,20.4,3.169,-8.988,-6.507,-318.84,0.09,0.02,Boll_2.5,2:1/5d
SCHW,57,29.8,5.119,-6.419,-2.978,-169.74,0.34,0.023,Boll_2.5,2:1/5d
AXP,49,36.7,3.462,-6.077,-2.573,-126.05,0.33,0.02,Boll_2.5,2:1/5d
USB,52,30.8,3.237,-16.012,-10.089,-524.64,0.09,0.021,Boll_2.5,2:1/5d
UNH,52,38.5,3.921,-7.941,-3.379,-175.69,0.31,0.021,Boll_2.5,2:1/5d
JNJ,38,42.1,3.488,-11.904,-5.423,-206.08,0.21,0.016,Boll_2.5,2:1/5d
LLY,61,21.3,3.676,-4.903,-3.075,-187.55,0.2,0.025,Boll_2.5,2:1/5d
PFE,48,22.9,2.957,-28.571,-21.346,-1024.59,0.03,0.02,Boll_2.5,2:1/5d
ABBV,46,15.2,6.086,-13.267,-10.322,-474.8,0.08,0.019,Boll_2.5,2:1/5d
MRK,38,36.8,3.041,-13.447,-7.373,-280.16,0.13,0.016,Boll_2.5,2:1/5d
TMO,46,50.0,4.363,-2.604,0.879,40.44,1.68,0.019,Boll_2.5,2:1/5d
ABT,48,25.0,2.965,-8.362,-5.53,-265.43,0.12,0.02,Boll_2.5,2:1/5d
DHR,41,22.0,3.142,-12.172,-8.81,-361.22,0.07,0.017,Boll_2.5,2:1/5d
BMY,43,25.6,2.483,-13.606,-9.49,-408.07,0.06,0.017,Boll_2.5,2:1/5d
WMT,49,32.7,3.342,-159.174,-106.108,-5199.28,0.01,0.02,Boll_2.5,2:1/5d
PG,49,40.8,2.813,-11.228,-5.497,-269.35,0.17,0.02,Boll_2.5,2:1/5d
KO,41,41.5,1.875,-14.679,-7.815,-320.42,0.09,0.017,Boll_2.5,2:1/5d
PEP,43,34.9,2.123,-14.338,-8.596,-369.62,0.08,0.017,Boll_2.5,2:1/5d
COST,45,22.2,3.782,-7.955,-5.347,-240.62,0.14,0.019,Boll_2.5,2:1/5d
HD,42,38.1,2.763,-12.583,-6.737,-282.94,0.14,0.017,Boll_2.5,2:1/5d
MCD,44,45.5,1.723,-12.123,-5.829,-256.48,0.12,0.019,Boll_2.5,2:1/5d
NKE,49,36.7,4.227,-6.979,-2.862,-140.26,0.35,0.021,Boll_2.5,2:1/5d
SBUX,50,28.0,3.008,-11.289,-7.286,-364.29,0.1,0.02,Boll_2.5,2:1/5d
TGT,51,33.3,4.433,-13.187,-7.314,-373.0,0.17,0.021,Boll_2.5,2:1/5d
CAT,44,11.4,6.103,-7.875,-6.287,-276.61,0.1,0.018,Boll_2.5,2:1/5d
GE,37,40.5,3.679,-13.352,-6.448,-238.56,0.19,0.015,Boll_2.5,2:1/5d
HON,44,31.8,2.778,-7.138,-3.983,-175.25,0.18,0.018,Boll_2.5,2:1/5d
UNP,48,37.5,2.704,-10.737,-5.697,-273.44,0.15,0.02,Boll_2.5,2:1/5d
BA,52,40.4,4.969,-3.482,-0.069,-3.61,0.97,0.021,Boll_2.5,2:1/5d
RTX,48,29.2,3.059,-20.684,-13.759,-660.41,0.06,0.019,Boll_2.5,2:1/5d
DE,41,29.3,5.421,-5.703,-2.447,-100.34,0.39,0.016,Boll_2.5,2:1/5d
LMT,50,34.0,2.423,-10.467,-6.084,-304.22,0.12,0.021,Boll_2.5,2:1/5d
MMM,42,19.0,3.581,-18.549,-14.334,-602.02,0.05,0.017,Boll_2.5,2:1/5d
FDX,39,33.3,3.809,-7.082,-3.452,-134.61,0.27,0.016,Boll_2.5,2:1/5d
XOM,48,35.4,4.348,-17.342,-9.66,-463.67,0.14,0.019,Boll_2.5,2:1/5d
CVX,44,34.1,5.121,-16.104,-8.868,-390.18,0.16,0.017,Boll_2.5,2:1/5d
COP,45,26.7,5.891,-12.956,-7.93,-356.86,0.17,0.019,Boll_2.5,2:1/5d
SLB,44,34.1,5.265,-10.834,-5.345,-235.19,0.25,0.018,Boll_2.5,2:1/5d
EOG,38,44.7,5.329,-19.295,-8.279,-314.61,0.22,0.015,Boll_2.5,2:1/5d
MPC,46,30.4,3.391,-13.825,-8.586,-394.94,0.11,0.018,Boll_2.5,2:1/5d
VLO,51,19.6,3.868,-16.821,-12.764,-650.96,0.06,0.021,Boll_2.5,2:1/5d
PSX,56,28.6,5.222,-17.218,-10.806,-605.15,0.12,0.022,Boll_2.5,2:1/5d
OXY,46,26.1,4.338,-8.802,-5.374,-247.2,0.17,0.018,Boll_2.5,2:1/5d
HAL,49,26.5,6.901,-9.589,-5.214,-255.49,0.26,0.021,Boll_2.5,2:1/5d
NFLX,45,15.6,7.293,-682.66,-575.334,-25890.04,0.0,0.02,Boll_2.5,2:1/5d
DIS,53,28.3,3.168,-3.05,-1.29,-68.39,0.41,0.021,Boll_2.5,2:1/5d
CMCSA,44,36.4,2.448,-17.496,-10.244,-450.71,0.08,0.018,Boll_2.5,2:1/5d
T,53,37.7,2.659,-45.579,-27.376,-1450.95,0.04,0.021,Boll_2.5,2:1/5d
VZ,44,38.6,2.591,-26.151,-15.046,-662.03,0.06,0.018,Boll_2.5,2:1/5d
TMUS,62,40.3,4.848,-4.237,-0.574,-35.6,0.77,0.025,Boll_2.5,2:1/5d
CHTR,57,54.4,4.041,-3.161,0.755,43.06,1.52,0.024,Boll_2.5,2:1/5d
EA,54,35.2,5.074,-2.826,-0.047,-2.51,0.97,0.021,Boll_2.5,2:1/5d
ATVI,40,47.5,4.651,-3.409,0.419,16.78,1.23,0.019,Boll_2.5,2:1/5d
WBD,57,38.6,5.311,-3.503,-0.101,-5.78,0.95,0.023,Boll_2.5,2:1/5d
LIN,46,43.5,4.454,-6.102,-1.513,-69.59,0.56,0.019,Boll_2.5,2:1/5d
APD,49,32.7,3.356,-10.246,-5.805,-284.42,0.16,0.02,Boll_2.5,2:1/5d
SHW,40,22.5,2.151,-76.333,-58.674,-2346.97,0.01,0.016,Boll_2.5,2:1/5d
ECL,44,52.3,4.442,-4.947,-0.039,-1.72,0.98,0.017,Boll_2.5,2:1/5d
DD,46,13.0,3.237,-101.037,-87.436,-4022.06,0.0,0.018,Boll_2.5,2:1/5d
NEM,59,28.8,5.116,-12.274,-7.263,-428.53,0.17,0.024,Boll_2.5,2:1/5d
FCX,51,39.2,6.624,-6.469,-1.334,-68.04,0.66,0.02,Boll_2.5,2:1/5d
NUE,50,30.0,4.792,-7.354,-3.71,-185.52,0.28,0.02,Boll_2.5,2:1/5d
DOW,46,21.7,2.915,-20.668,-15.541,-714.88,0.04,0.023,Boll_2.5,2:1/5d
CF,53,26.4,4.815,-12.807,-8.152,-432.05,0.13,0.023,Boll_2.5,2:1/5d
SPY,23,52.2,2.469,-3.846,-0.551,-12.68,0.7,0.009,Boll_2.5,2:1/5d
QQQ,29,37.9,4.175,-3.004,-0.281,-8.15,0.85,0.012,Boll_2.5,2:1/5d
IWM,43,34.9,2.516,-5.437,-2.663,-114.51,0.25,0.017,Boll_2.5,2:1/5d
XLF,49,30.6,2.696,-6.528,-3.705,-181.53,0.18,0.019,Boll_2.5,2:1/5d
XLE,42,28.6,2.955,-87.914,-61.952,-2601.96,0.01,0.017,Boll_2.5,2:1/5d
XLK,31,35.5,2.994,-84.328,-53.342,-1653.62,0.02,0.013,Boll_2.5,2:1/5d
XLV,39,43.6,2.73,-5.599,-1.969,-76.78,0.38,0.016,Boll_2.5,2:1/5d
XLP,41,46.3,1.88,-9.425,-4.186,-171.63,0.17,0.016,Boll_2.5,2:1/5d
GLD,67,28.4,1.676,-0.955,-0.209,-13.98,0.69,0.028,Boll_2.5,2:1/5d
TLT,43,32.6,1.858,-13.505,-8.503,-365.65,0.07,0.018,Boll_2.5,2:1/5d
AMD,54,25.9,7.238,-3.958,-1.055,-56.98,0.64,0.022,Boll_2.5,2:1/5d
INTC,58,29.3,4.012,-8.987,-5.177,-300.26,0.19,0.024,Boll_2.5,2:1/5d
CRM,60,40.0,4.351,-2.612,0.173,10.39,1.11,0.024,Boll_2.5,2:1/5d
PYPL,41,34.1,3.546,-3.074,-0.814,-33.36,0.6,0.017,Boll_2.5,2:1/5d
SQ,41,31.7,5.897,-4.81,-1.415,-58.01,0.57,0.017,Boll_2.5,2:1/5d
SHOP,59,27.1,6.38,-514.753,-373.429,-22032.31,0.0,0.024,Boll_2.5,2:1/5d
UBER,44,40.9,4.08,-3.957,-0.669,-29.46,0.71,0.022,Boll_2.5,2:1/5d
ABNB,29,44.8,5.04,-3.302,0.438,12.69,1.24,0.02,Boll_2.5,2:1/5d
COIN,33,39.4,10.492,-7.458,-0.387,-12.77,0.91,0.027,Boll_2.5,2:1/5d
SNAP,55,41.8,8.06,-4.159,0.951,52.28,1.39,0.022,Boll_2.5,2:1/5d
AAPL,45,28.9,3.468,-162.759,-114.738,-5163.22,0.01,0.019,Boll_2.5,1:1/3d
MSFT,43,44.2,4.644,-4.971,-0.722,-31.06,0.74,0.018,Boll_2.5,1:1/3d
AMZN,58,34.5,2.148,-1277.534,-836.264,-48503.33,0.0,0.024,Boll_2.5,1:1/3d
GOOGL,50,30.0,1.983,-1203.593,-841.92,-42096.02,0.0,0.02,Boll_2.5,1:1/3d
META,52,46.2,2.841,-3.175,-0.398,-20.71,0.77,0.021,Boll_2.5,1:1/3d
NVDA,53,17.0,567.308,-2190.243,-1721.979,-91264.9,0.05,0.022,Boll_2.5,1:1/3d
TSLA,62,16.1,29.119,-532.139,-441.613,-27380.01,0.01,0.025,Boll_2.5,1:1/3d
AVGO,53,17.0,117.188,-822.866,-663.234,-35151.41,0.03,0.021,Boll_2.5,1:1/3d
ORCL,68,52.9,6.397,-5.05,1.01,68.71,1.43,0.028,Boll_2.5,1:1/3d
ADBE,57,47.4,2.674,-2.11,0.156,8.9,1.14,0.023,Boll_2.5,1:1/3d
JPM,51,39.2,10.627,-10.671,-2.319,-118.26,0.64,0.021,Boll_2.5,1:1/3d
BAC,56,41.1,8.351,-9.247,-2.019,-113.05,0.63,0.022,Boll_2.5,1:1/3d
WFC,49,32.7,13.264,-8.345,-1.289,-63.18,0.77,0.02,Boll_2.5,1:1/3d
GS,53,37.7,7.773,-10.392,-3.538,-187.49,0.45,0.022,Boll_2.5,1:1/3d
MS,46,34.8,10.963,-12.058,-4.051,-186.34,0.48,0.019,Boll_2.5,1:1/3d
C,52,40.4,18.836,-14.751,-1.187,-61.72,0.87,0.021,Boll_2.5,1:1/3d
BLK,51,39.2,6.659,-9.54,-3.187,-162.56,0.45,0.021,Boll_2.5,1:1/3d
SCHW,61,42.6,5.667,-6.959,-1.577,-96.23,0.6,0.024,Boll_2.5,1:1/3d
AXP,51,49.0,5.683,-6.032,-0.289,-14.74,0.91,0.021,Boll_2.5,1:1/3d
USB,58,43.1,18.997,-16.394,-1.139,-66.07,0.88,0.023,Boll_2.5,1:1/3d
UNH,56,51.8,7.256,-8.181,-0.187,-10.44,0.95,0.023,Boll_2.5,1:1/3d
JNJ,39,48.7,11.158,-11.949,-0.692,-26.98,0.89,0.016,Boll_2.5,1:1/3d
LLY,63,39.7,6.591,-5.792,-0.878,-55.34,0.75,0.026,Boll_2.5,1:1/3d
PFE,50,24.0,27.699,-27.494,-14.248,-712.39,0.32,0.021,Boll_2.5,1:1/3d
ABBV,47,27.7,14.124,-14.155,-6.333,-297.67,0.38,0.019,Boll_2.5,1:1/3d
MRK,40,50.0,10.877,-15.655,-2.389,-95.54,0.69,0.017,Boll_2.5,1:1/3d
TMO,47,53.2,2.94,-2.438,0.423,19.88,1.37,0.019,Boll_2.5,1:1/3d
ABT,52,38.5,6.154,-8.543,-2.89,-150.3,0.45,0.022,Boll_2.5,1:1/3d
DHR,42,26.2,12.079,-11.588,-5.39,-226.37,0.37,0.017,Boll_2.5,1:1/3d
BMY,43,34.9,10.482,-14.306,-5.659,-243.33,0.39,0.017,Boll_2.5,1:1/3d
WMT,49,28.6,68.884,-150.162,-87.577,-4291.28,0.18,0.02,Boll_2.5,1:1/3d
PG,54,42.6,9.114,-9.592,-1.625,-87.73,0.7,0.022,Boll_2.5,1:1/3d
KO,43,46.5,14.692,-14.071,-0.693,-29.79,0.91,0.018,Boll_2.5,1:1/3d
PEP,46,43.5,11.55,-14.486,-3.166,-145.64,0.61,0.018,Boll_2.5,1:1/3d
COST,46,30.4,4.972,-7.304,-3.568,-164.13,0.3,0.019,Boll_2.5,1:1/3d
HD,43,44.2,9.452,-12.541,-2.823,-121.39,0.6,0.017,Boll_2.5,1:1/3d
MCD,50,60.0,10.204,-13.073,0.893,44.66,1.17,0.021,Boll_2.5,1:1/3d
NKE,56,60.7,7.455,-7.11,1.733,97.04,1.62,0.023,Boll_2.5,1:1/3d
SBUX,52,40.4,7.466,-11.444,-3.808,-197.99,0.44,0.021,Boll_2.5,1:1/3d
TGT,54,42.6,9.911,-13.462,-3.507,-189.35,0.55,0.023,Boll_2.5,1:1/3d
CAT,46,26.1,9.977,-8.078,-3.368,-154.93,0.44,0.019,Boll_2.5,1:1/3d
GE,45,64.4,54.546,-13.819,30.239,1360.74,7.15,0.019,Boll_2.5,1:1/3d
HON,48,58.3,10.452,-7.897,2.807,134.72,1.85,0.019,Boll_2.5,1:1/3d
UNP,48,45.8,6.86,-11.41,-3.036,-145.74,0.51,0.02,Boll_2.5,1:1/3d
BA,52,51.9,3.454,-3.244,0.234,12.17,1.15,0.021,Boll_2.5,1:1/3d
RTX,50,36.0,22.262,-21.586,-5.801,-290.04,0.58,0.02,Boll_2.5,1:1/3d
DE,44,47.7,8.443,-5.442,1.185,52.12,1.42,0.018,Boll_2.5,1:1/3d
LMT,52,44.2,11.69,-11.159,-1.053,-54.74,0.83,0.022,Boll_2.5,1:1/3d
MMM,44,20.5,22.618,-17.701,-9.454,-415.97,0.33,0.018,Boll_2.5,1:1/3d
FDX,42,40.5,8.15,-6.6,-0.629,-26.44,0.84,0.017,Boll_2.5,1:1/3d
XOM,51,41.2,13.136,-16.469,-4.279,-218.2,0.56,0.02,Boll_2.5,1:1/3d
CVX,45,40.0,15.574,-16.656,-3.764,-169.39,0.62,0.018,Boll_2.5,1:1/3d
COP,49,44.9,14.459,-15.076,-1.815,-88.95,0.78,0.021,Boll_2.5,1:1/3d
SLB,48,50.0,11.245,-10.361,0.442,21.22,1.09,0.019,Boll_2.5,1:1/3d
EOG,40,47.5,15.003,-17.371,-1.993,-79.72,0.78,0.016,Boll_2.5,1:1/3d
MPC,48,33.3,9.574,-12.963,-5.451,-261.63,0.37,0.019,Boll_2.5,1:1/3d
VLO,51,23.5,13.274,-16.649,-9.608,-490.03,0.25,0.021,Boll_2.5,1:1/3d
PSX,58,37.9,16.904,-18.846,-5.286,-306.58,0.55,0.023,Boll_2.5,1:1/3d
OXY,46,28.3,9.24,-8.667,-3.606,-165.89,0.42,0.018,Boll_2.5,1:1/3d
HAL,53,34.0,8.119,-8.781,-3.041,-161.19,0.48,0.023,Boll_2.5,1:1/3d
NFLX,47,12.8,3.618,-632.76,-551.52,-25921.44,0.0,0.021,Boll_2.5,1:1/3d
DIS,58,46.6,3.22,-3.003,-0.106,-6.15,0.93,0.023,Boll_2.5,1:1/3d
CMCSA,49,44.9,19.829,-17.195,-0.572,-28.03,0.94,0.02,Boll_2.5,1:1/3d
T,53,37.7,34.847,-45.462,-15.156,-803.29,0.46,0.021,Boll_2.5,1:1/3d
VZ,46,45.7,26.434,-27.628,-2.948,-135.59,0.8,0.019,Boll_2.5,1:1/3d
TMUS,64,53.1,4.408,-4.257,0.346,22.16,1.17,0.026,Boll_2.5,1:1/3d
CHTR,57,56.1,2.549,-2.645,0.271,15.44,1.23,0.024,Boll_2.5,1:1/3d
EA,56,41.1,3.475,-2.742,-0.188,-10.54,0.88,0.022,Boll_2.5,1:1/3d
ATVI,41,53.7,2.794,-3.028,0.096,3.94,1.07,0.02,Boll_2.5,1:1/3d
WBD,57,59.6,3.274,-3.671,0.472,26.89,1.32,0.023,Boll_2.5,1:1/3d
LIN,50,56.0,5.616,-6.695,0.199,9.97,1.07,0.02,Boll_2.5,1:1/3d
APD,50,40.0,8.936,-10.957,-3.0,-150.0,0.54,0.02,Boll_2.5,1:1/3d
SHW,41,39.0,31.032,-94.153,-45.3,-1857.32,0.21,0.017,Boll_2.5,1:1/3d
ECL,46,60.9,6.135,-5.541,1.566,72.04,1.72,0.018,Boll_2.5,1:1/3d
DD,50,18.0,41.582,-98.395,-73.2,-3659.98,0.09,0.02,Boll_2.5,1:1/3d
NEM,62,37.1,10.503,-12.608,-4.034,-250.12,0.49,0.025,Boll_2.5,1:1/3d
FCX,53,47.2,7.147,-6.563,-0.096,-5.08,0.97,0.021,Boll_2.5,1:1/3d
NUE,53,39.6,7.553,-7.124,-1.309,-69.35,0.7,0.021,Boll_2.5,1:1/3d
DOW,48,27.1,18.263,-20.878,-10.277,-493.3,0.32,0.024,Boll_2.5,1:1/3d
CF,55,34.5,9.289,-11.891,-4.574,-251.58,0.41,0.024,Boll_2.5,1:1/3d
SPY,27,70.4,7.965,-4.367,4.311,116.4,4.33,0.011,Boll_2.5,1:1/3d
QQQ,30,50.0,4.016,-3.259,0.378,11.34,1.23,0.012,Boll_2.5,1:1/3d
IWM,52,50.0,6.25,-4.543,0.854,44.4,1.38,0.021,Boll_2.5,1:1/3d
XLF,53,47.2,8.174,-6.361,0.495,26.23,1.15,0.021,Boll_2.5,1:1/3d
XLE,44,27.3,26.953,-82.415,-52.587,-2313.85,0.12,0.018,Boll_2.5,1:1/3d
XLK,33,36.4,49.898,-80.399,-33.018,-1089.6,0.35,0.013,Boll_2.5,1:1/3d
XLV,43,60.5,7.256,-6.282,1.904,81.87,1.77,0.018,Boll_2.5,1:1/3d
XLP,44,50.0,10.355,-9.136,0.609,26.82,1.13,0.018,Boll_2.5,1:1/3d
GLD,67,37.3,0.976,-0.909,-0.205,-13.77,0.64,0.028,Boll_2.5,1:1/3d
TLT,45,44.4,15.27,-15.52,-1.836,-82.61,0.79,0.019,Boll_2.5,1:1/3d
AMD,54,35.2,3.933,-3.822,-1.094,-59.05,0.56,0.022,Boll_2.5,1:1/3d
INTC,63,41.3,6.764,-9.557,-2.822,-177.76,0.5,0.026,Boll_2.5,1:1/3d
CRM,61,57.4,2.75,-2.536,0.497,30.31,1.46,0.024,Boll_2.5,1:1/3d
PYPL,41,39.0,2.744,-2.578,-0.501,-20.53,0.68,0.017,Boll_2.5,1:1/3d
SQ,41,46.3,3.99,-4.807,-0.73,-29.94,0.72,0.017,Boll_2.5,1:1/3d
SHOP,59,23.7,3.105,-491.939,-374.471,-22093.76,0.0,0.024,Boll_2.5,1:1/3d
UBER,44,47.7,3.445,-3.814,-0.35,-15.39,0.82,0.022,Boll_2.5,1:1/3d
ABNB,29,41.4,3.105,-2.891,-0.41,-11.88,0.76,0.02,Boll_2.5,1:1/3d
COIN,33,45.5,7.661,-7.253,-0.474,-15.65,0.88,0.027,Boll_2.5,1:1/3d
SNAP,56,62.5,4.337,-4.672,0.958,53.67,1.55,0.023,Boll_2.5,1:1/3d
