n_bets,n_wins,n_losses,win_rate,profit_factor,avg_win,avg_loss,ev_per_bet,total_pnl,bets_per_day,bets_per_year,avg_bars_held,n_years,setup,pt_sl
4639,1905,2734,41.1,1.05,737.53,-491.61,13.13,60925.06,1.59,580.0,5.6,8.0,ES/Engulf/15min,1.5:1
4195,1479,2716,35.3,1.07,981.38,-498.16,23.47,98461.93,1.44,525.0,6.9,8.0,ES/Engulf/15min,2:1
804,299,505,37.2,0.89,753.72,-500.63,-34.15,-27455.36,0.28,101.0,6.3,8.0,ES/Engulf+RSI/15min,1.5:1
793,254,539,32.0,0.93,995.58,-505.55,-24.74,-19616.19,0.27,99.0,7.5,8.0,ES/Engulf+RSI/15min,2:1
2740,1042,1698,38.0,0.92,727.51,-487.44,-25.4,-69602.21,0.94,343.0,5.4,8.0,ES/Hammer/15min,1.5:1
2581,824,1757,31.9,0.92,966.33,-492.63,-26.85,-69295.99,0.88,323.0,6.7,8.0,ES/Hammer/15min,2:1
1242,464,778,37.4,0.88,707.63,-481.2,-37.06,-46034.54,0.43,156.0,5.4,8.0,ES/Hammer+RSI/15min,1.5:1
1202,379,823,31.5,0.91,949.57,-481.43,-30.22,-36326.88,0.41,151.0,6.6,8.0,ES/Hammer+RSI/15min,2:1
3418,1434,1984,42.0,1.11,749.33,-488.52,30.81,105313.27,1.17,428.0,5.9,8.0,ES/Inside/15min,1.5:1
3141,1098,2043,35.0,1.06,977.1,-497.03,18.28,57416.4,1.08,393.0,7.3,8.0,ES/Inside/15min,2:1
830,329,501,39.6,0.97,720.98,-489.59,-9.73,-8078.71,0.28,104.0,5.7,8.0,ES/Inside+RSI/15min,1.5:1
819,267,552,32.6,0.92,947.36,-495.55,-25.15,-20597.58,0.28,102.0,6.9,8.0,ES/Inside+RSI/15min,2:1
2480,994,1486,40.1,0.98,1019.8,-699.22,-10.23,-25362.02,0.85,310.0,4.7,8.0,ES/Engulf/30min,1.5:1
2272,766,1506,33.7,1.02,1390.65,-692.54,9.8,22271.66,0.78,284.0,5.6,8.0,ES/Engulf/30min,2:1
408,162,246,39.7,1.07,1145.68,-706.73,28.79,11744.54,0.14,51.0,5.4,8.0,ES/Engulf+RSI/30min,1.5:1
407,136,271,33.4,1.14,1590.55,-698.33,66.5,27066.73,0.14,51.0,6.3,8.0,ES/Engulf+RSI/30min,2:1
1432,581,851,40.6,0.98,977.14,-680.77,-8.11,-11611.22,0.49,179.0,4.6,8.0,ES/Hammer/30min,1.5:1
1354,461,893,34.0,0.98,1298.89,-686.36,-10.44,-14132.69,0.46,169.0,5.7,8.0,ES/Hammer/30min,2:1
613,250,363,40.8,1.09,1034.5,-653.66,34.82,21346.18,0.21,77.0,4.6,7.9,ES/Hammer+RSI/30min,1.5:1
594,202,392,34.0,1.09,1392.76,-657.92,39.45,23432.96,0.21,75.0,5.7,7.9,ES/Hammer+RSI/30min,2:1
1873,793,1080,42.3,1.06,1001.0,-694.79,23.18,43416.7,0.64,234.0,5.0,8.0,ES/Inside/30min,1.5:1
1761,638,1123,36.2,1.09,1338.69,-697.67,40.09,70592.97,0.6,220.0,6.0,8.0,ES/Inside/30min,2:1
463,199,264,43.0,1.06,968.34,-688.12,23.84,11037.07,0.16,58.0,4.9,8.0,ES/Inside+RSI/30min,1.5:1
460,174,286,37.8,1.17,1309.5,-682.14,71.22,32761.68,0.16,58.0,5.9,8.0,ES/Inside+RSI/30min,2:1
1377,567,810,41.2,1.04,1457.31,-977.4,25.13,34598.03,0.47,172.0,4.5,8.0,ES/Engulf/60min,1.5:1
1258,434,824,34.5,1.03,1937.67,-991.3,19.17,24119.81,0.43,157.0,5.4,8.0,ES/Engulf/60min,2:1
259,98,161,37.8,0.91,1451.11,-969.11,-53.35,-13818.01,0.09,33.0,4.8,8.0,ES/Engulf+RSI/60min,1.5:1
259,85,174,32.8,0.99,1950.51,-965.58,-8.56,-2218.01,0.09,33.0,5.8,8.0,ES/Engulf+RSI/60min,2:1
815,336,479,41.2,1.06,1490.23,-983.25,36.49,29739.84,0.28,102.0,4.4,8.0,ES/Hammer/60min,1.5:1
766,273,493,35.6,1.1,1974.74,-996.78,62.26,47692.29,0.26,96.0,5.5,7.9,ES/Hammer/60min,2:1
337,129,208,38.3,1.02,1530.28,-928.92,12.44,4191.85,0.12,43.0,4.5,7.9,ES/Hammer+RSI/60min,1.5:1
330,107,223,32.4,1.04,2033.9,-940.74,23.77,7842.71,0.11,42.0,5.4,7.9,ES/Hammer+RSI/60min,2:1
1049,435,614,41.5,1.05,1412.49,-951.67,28.7,30109.6,0.36,131.0,4.7,8.0,ES/Inside/60min,1.5:1
987,349,638,35.4,1.04,1840.39,-963.59,27.89,27526.41,0.34,124.0,5.6,8.0,ES/Inside/60min,2:1
240,91,149,37.9,0.92,1466.07,-978.34,-51.5,-12360.7,0.08,30.0,4.5,7.9,ES/Inside+RSI/60min,1.5:1
238,79,159,33.2,0.95,1902.47,-995.68,-33.69,-8018.55,0.08,30.0,5.5,7.9,ES/Inside+RSI/60min,2:1
4761,1867,2894,39.2,0.95,688.52,-468.55,-14.81,-70504.35,1.63,595.0,4.6,8.0,ES/RSI(2)+BB(1.5)/15min,1.5:1
4429,1477,2952,33.3,0.99,933.3,-470.59,-2.41,-10687.51,1.52,554.0,5.7,8.0,ES/RSI(2)+BB(1.5)/15min,2:1
3037,1201,1836,39.5,0.97,680.85,-457.26,-7.19,-21834.4,1.04,380.0,4.1,8.0,ES/RSI(2)+BB(2.0)/15min,1.5:1
2921,989,1932,33.9,1.01,910.59,-459.97,4.08,11905.19,1.0,366.0,5.3,8.0,ES/RSI(2)+BB(2.0)/15min,2:1
1567,622,945,39.7,0.94,654.11,-457.63,-16.34,-25605.88,0.54,196.0,3.8,8.0,ES/RSI(2)+BB(2.5)/15min,1.5:1
1550,533,1017,34.4,1.01,876.36,-456.94,1.55,2398.57,0.53,194.0,4.8,8.0,ES/RSI(2)+BB(2.5)/15min,2:1
4950,1954,2996,39.5,0.97,693.4,-467.7,-9.36,-46343.21,1.7,619.0,4.6,8.0,ES/RSI(2)+BB(1.5)/15min,1.5:1
4587,1544,3043,33.7,1.01,936.97,-469.17,4.14,18988.73,1.57,574.0,5.7,8.0,ES/RSI(2)+BB(1.5)/15min,2:1
3096,1228,1868,39.7,0.98,681.4,-458.7,-6.49,-20102.49,1.06,387.0,4.1,8.0,ES/RSI(2)+BB(2.0)/15min,1.5:1
2977,1016,1961,34.1,1.02,908.7,-460.49,6.79,20210.8,1.02,373.0,5.2,8.0,ES/RSI(2)+BB(2.0)/15min,2:1
1573,626,947,39.8,0.95,656.5,-457.17,-13.97,-21971.6,0.54,197.0,3.8,8.0,ES/RSI(2)+BB(2.5)/15min,1.5:1
1554,536,1018,34.5,1.02,881.38,-456.72,4.81,7474.1,0.53,194.0,4.8,8.0,ES/RSI(2)+BB(2.5)/15min,2:1
5079,2027,3052,39.9,0.99,694.06,-467.73,-4.07,-20657.42,1.74,635.0,4.6,8.0,ES/RSI(2)+BB(1.5)/15min,1.5:1
4696,1593,3103,33.9,1.03,938.3,-468.84,8.5,39892.86,1.61,587.0,5.7,8.0,ES/RSI(2)+BB(1.5)/15min,2:1
3132,1242,1890,39.7,0.98,682.28,-459.44,-6.69,-20953.54,1.07,392.0,4.1,8.0,ES/RSI(2)+BB(2.0)/15min,1.5:1
3008,1026,1982,34.1,1.02,912.3,-461.05,7.38,22209.09,1.03,376.0,5.2,8.0,ES/RSI(2)+BB(2.0)/15min,2:1
1574,626,948,39.8,0.95,656.5,-457.36,-14.36,-22610.31,0.54,197.0,3.8,8.0,ES/RSI(2)+BB(2.5)/15min,1.5:1
1555,536,1019,34.5,1.01,881.38,-456.9,4.4,6835.39,0.53,195.0,4.8,8.0,ES/RSI(2)+BB(2.5)/15min,2:1
4418,1731,2687,39.2,0.95,689.65,-465.9,-13.15,-58075.57,1.51,553.0,4.6,8.0,ES/RSI(3)+BB(1.5)/15min,1.5:1
4154,1367,2787,32.9,0.99,943.91,-466.77,-2.55,-10572.51,1.42,520.0,5.7,8.0,ES/RSI(3)+BB(1.5)/15min,2:1
2917,1152,1765,39.5,0.97,678.51,-456.39,-8.19,-23887.75,1.0,365.0,4.2,8.0,ES/RSI(3)+BB(2.0)/15min,1.5:1
2821,950,1871,33.7,1.02,916.49,-457.17,5.43,15306.26,0.97,353.0,5.3,8.0,ES/RSI(3)+BB(2.0)/15min,2:1
1529,603,926,39.4,0.93,648.47,-455.9,-20.37,-31142.6,0.52,191.0,3.8,8.0,ES/RSI(3)+BB(2.5)/15min,1.5:1
1513,517,996,34.2,0.99,870.29,-454.53,-1.83,-2775.51,0.52,189.0,4.8,8.0,ES/RSI(3)+BB(2.5)/15min,2:1
4839,1897,2942,39.2,0.96,692.29,-467.12,-12.6,-60972.61,1.66,605.0,4.6,8.0,ES/RSI(3)+BB(1.5)/15min,1.5:1
4501,1499,3002,33.3,1.0,937.88,-469.35,-0.69,-3114.6,1.54,563.0,5.8,8.0,ES/RSI(3)+BB(1.5)/15min,2:1
3079,1219,1860,39.6,0.97,680.12,-459.87,-8.54,-26291.35,1.06,385.0,4.1,8.0,ES/RSI(3)+BB(2.0)/15min,1.5:1
2957,1000,1957,33.8,1.01,908.48,-461.61,1.73,5101.91,1.01,370.0,5.3,8.0,ES/RSI(3)+BB(2.0)/15min,2:1
1567,621,946,39.6,0.93,651.8,-458.99,-18.78,-29435.34,0.54,196.0,3.8,8.0,ES/RSI(3)+BB(2.5)/15min,1.5:1
1548,532,1016,34.4,1.0,874.57,-458.22,-0.18,-277.59,0.53,194.0,4.8,8.0,ES/RSI(3)+BB(2.5)/15min,2:1
5107,2018,3089,39.5,0.97,695.77,-466.48,-7.22,-36875.59,1.75,639.0,4.6,8.0,ES/RSI(3)+BB(1.5)/15min,1.5:1
4739,1594,3145,33.6,1.02,938.46,-468.11,5.0,23690.96,1.62,593.0,5.7,8.0,ES/RSI(3)+BB(1.5)/15min,2:1
3141,1237,1904,39.4,0.97,682.43,-459.07,-9.52,-29889.85,1.08,393.0,4.1,8.0,ES/RSI(3)+BB(2.0)/15min,1.5:1
3021,1022,1999,33.8,1.01,909.92,-461.33,2.57,7751.44,1.04,378.0,5.2,8.0,ES/RSI(3)+BB(2.0)/15min,2:1
1573,626,947,39.8,0.95,656.5,-457.17,-13.97,-21971.6,0.54,197.0,3.8,8.0,ES/RSI(3)+BB(2.5)/15min,1.5:1
1554,536,1018,34.5,1.02,881.38,-456.72,4.81,7474.1,0.53,194.0,4.8,8.0,ES/RSI(3)+BB(2.5)/15min,2:1
3258,1266,1992,38.9,0.94,688.98,-464.61,-16.35,-53254.75,1.12,408.0,4.6,8.0,ES/RSI(5)+BB(1.5)/15min,1.5:1
3176,1045,2131,32.9,0.99,933.73,-463.32,-3.65,-11581.21,1.09,397.0,5.6,8.0,ES/RSI(5)+BB(1.5)/15min,2:1
2342,921,1421,39.3,0.96,680.02,-457.71,-10.29,-24104.36,0.8,293.0,4.1,8.0,ES/RSI(5)+BB(2.0)/15min,1.5:1
2300,777,1523,33.8,1.02,912.2,-457.8,5.02,11549.46,0.79,288.0,5.1,8.0,ES/RSI(5)+BB(2.0)/15min,2:1
1334,525,809,39.4,0.93,652.56,-455.79,-19.6,-26144.26,0.46,167.0,3.7,8.0,ES/RSI(5)+BB(2.5)/15min,1.5:1
1324,457,867,34.5,1.02,879.36,-452.27,7.36,9745.49,0.45,166.0,4.5,8.0,ES/RSI(5)+BB(2.5)/15min,2:1
4220,1680,2540,39.8,0.99,690.41,-462.62,-3.59,-15157.09,1.45,528.0,4.6,8.0,ES/RSI(5)+BB(1.5)/15min,1.5:1
4014,1340,2674,33.4,1.01,936.78,-463.67,3.85,15440.24,1.38,502.0,5.7,8.0,ES/RSI(5)+BB(1.5)/15min,2:1
2843,1126,1717,39.6,0.98,684.12,-457.17,-5.15,-14628.34,0.97,356.0,4.2,8.0,ES/RSI(5)+BB(2.0)/15min,1.5:1
2753,933,1820,33.9,1.03,921.89,-457.94,9.69,26666.91,0.94,344.0,5.3,8.0,ES/RSI(5)+BB(2.0)/15min,2:1
1506,600,906,39.8,0.94,645.38,-455.38,-16.83,-25346.08,0.52,188.0,3.8,8.0,ES/RSI(5)+BB(2.5)/15min,1.5:1
1490,516,974,34.6,1.02,868.71,-453.39,4.47,6654.93,0.51,186.0,4.8,8.0,ES/RSI(5)+BB(2.5)/15min,2:1
4914,1921,2993,39.1,0.95,693.96,-466.53,-12.87,-63229.22,1.68,614.0,4.6,8.0,ES/RSI(5)+BB(1.5)/15min,1.5:1
4585,1511,3074,33.0,0.98,937.45,-468.39,-5.09,-23353.5,1.57,573.0,5.8,8.0,ES/RSI(5)+BB(1.5)/15min,2:1
3091,1216,1875,39.3,0.96,680.7,-460.12,-11.32,-34993.78,1.06,387.0,4.1,8.0,ES/RSI(5)+BB(2.0)/15min,1.5:1
2974,999,1975,33.6,1.0,909.83,-461.53,-0.88,-2605.22,1.02,372.0,5.2,8.0,ES/RSI(5)+BB(2.0)/15min,2:1
1566,620,946,39.6,0.93,651.83,-459.04,-19.23,-30117.17,0.54,196.0,3.8,8.0,ES/RSI(5)+BB(2.5)/15min,1.5:1
1547,531,1016,34.3,1.0,874.63,-458.36,-0.81,-1260.31,0.53,194.0,4.8,8.0,ES/RSI(5)+BB(2.5)/15min,2:1
4236,1672,2564,39.5,0.98,732.13,-485.44,-4.85,-20547.83,1.45,530.0,5.0,8.0,ES/RSI(2)+Kelt(1.5)/15min,1.5:1
4003,1322,2681,33.0,1.02,1002.03,-484.12,6.68,26748.16,1.37,501.0,6.2,8.0,ES/RSI(2)+Kelt(1.5)/15min,2:1
2988,1157,1831,38.7,0.95,728.09,-485.84,-15.79,-47180.6,1.02,374.0,5.1,8.0,ES/RSI(2)+Kelt(2.0)/15min,1.5:1
2915,957,1958,32.8,1.0,988.27,-483.86,-0.56,-1627.75,1.0,365.0,6.1,8.0,ES/RSI(2)+Kelt(2.0)/15min,2:1
1949,717,1232,36.8,0.88,736.27,-486.72,-36.8,-71729.06,0.67,244.0,5.0,8.0,ES/RSI(2)+Kelt(2.5)/15min,1.5:1
1914,595,1319,31.1,0.94,1010.96,-483.55,-18.96,-36281.9,0.66,239.0,6.0,8.0,ES/RSI(2)+Kelt(2.5)/15min,2:1
4380,1724,2656,39.4,0.98,734.62,-487.74,-6.61,-28942.64,1.5,548.0,5.0,8.0,ES/RSI(2)+Kelt(1.5)/15min,1.5:1
4123,1360,2763,33.0,1.01,1000.97,-486.5,4.15,17125.63,1.41,516.0,6.2,8.0,ES/RSI(2)+Kelt(1.5)/15min,2:1
3059,1179,1880,38.5,0.93,724.73,-487.36,-20.19,-61768.1,1.05,383.0,5.0,8.0,ES/RSI(2)+Kelt(2.0)/15min,1.5:1
2976,969,2007,32.6,0.98,981.46,-484.7,-7.31,-21763.89,1.02,372.0,6.1,8.0,ES/RSI(2)+Kelt(2.0)/15min,2:1
1993,743,1250,37.3,0.9,738.5,-487.8,-30.63,-61048.25,0.68,249.0,5.0,8.0,ES/RSI(2)+Kelt(2.5)/15min,1.5:1
1951,614,1337,31.5,0.96,1009.36,-485.12,-14.79,-28863.17,0.67,244.0,6.1,8.0,ES/RSI(2)+Kelt(2.5)/15min,2:1
4492,1776,2716,39.5,0.98,730.09,-487.12,-5.87,-26387.22,1.54,562.0,5.0,8.0,ES/RSI(2)+Kelt(1.5)/15min,1.5:1
4228,1397,2831,33.0,1.01,992.34,-486.34,2.24,9481.02,1.45,529.0,6.2,8.0,ES/RSI(2)+Kelt(1.5)/15min,2:1
3135,1220,1915,38.9,0.95,721.74,-486.4,-16.25,-50937.52,1.07,392.0,5.0,8.0,ES/RSI(2)+Kelt(2.0)/15min,1.5:1
3041,997,2044,32.8,0.98,974.03,-483.94,-5.94,-18076.28,1.04,381.0,6.1,8.0,ES/RSI(2)+Kelt(2.0)/15min,2:1
2023,755,1268,37.3,0.9,737.59,-486.65,-29.76,-60196.51,0.69,253.0,5.0,8.0,ES/RSI(2)+Kelt(2.5)/15min,1.5:1
1981,624,1357,31.5,0.96,1006.36,-484.01,-14.55,-28827.06,0.68,248.0,6.0,8.0,ES/RSI(2)+Kelt(2.5)/15min,2:1
4022,1583,2439,39.4,0.98,726.02,-479.92,-5.28,-21222.09,1.38,503.0,4.9,8.0,ES/RSI(3)+Kelt(1.5)/15min,1.5:1
3824,1250,2574,32.7,1.02,999.1,-477.71,5.03,19237.46,1.31,478.0,6.0,8.0,ES/RSI(3)+Kelt(1.5)/15min,2:1
2936,1141,1795,38.9,0.95,723.34,-482.6,-13.94,-40938.37,1.01,367.0,5.0,8.0,ES/RSI(3)+Kelt(2.0)/15min,1.5:1
2860,936,1924,32.7,0.99,982.9,-480.59,-1.63,-4659.57,0.98,358.0,6.1,8.0,ES/RSI(3)+Kelt(2.0)/15min,2:1
1955,728,1227,37.2,0.89,727.36,-485.76,-34.02,-66509.07,0.67,245.0,4.9,8.0,ES/RSI(3)+Kelt(2.5)/15min,1.5:1
1921,601,1320,31.3,0.94,1000.02,-482.24,-18.5,-35547.49,0.66,240.0,6.1,8.0,ES/RSI(3)+Kelt(2.5)/15min,2:1
4326,1709,2617,39.5,0.98,730.74,-484.96,-4.69,-20306.48,1.48,541.0,5.0,8.0,ES/RSI(3)+Kelt(1.5)/15min,1.5:1
4098,1355,2743,33.1,1.01,992.77,-484.64,3.87,15847.77,1.4,513.0,6.1,8.0,ES/RSI(3)+Kelt(1.5)/15min,2:1
3087,1206,1881,39.1,0.96,726.51,-485.5,-12.01,-37063.5,1.06,386.0,5.0,8.0,ES/RSI(3)+Kelt(2.0)/15min,1.5:1
3002,987,2015,32.9,0.99,981.24,-483.66,-2.03,-6091.7,1.03,376.0,6.1,8.0,ES/RSI(3)+Kelt(2.0)/15min,2:1
2022,755,1267,37.3,0.9,732.91,-486.94,-31.46,-63605.13,0.69,253.0,4.9,8.0,ES/RSI(3)+Kelt(2.5)/15min,1.5:1
1979,619,1360,31.3,0.94,999.86,-484.31,-20.09,-39749.65,0.68,248.0,6.0,8.0,ES/RSI(3)+Kelt(2.5)/15min,2:1
4529,1768,2761,39.0,0.97,734.37,-485.66,-9.39,-42530.99,1.55,567.0,5.0,8.0,ES/RSI(3)+Kelt(1.5)/15min,1.5:1
4280,1407,2873,32.9,1.0,993.56,-485.91,0.45,1920.93,1.47,536.0,6.1,8.0,ES/RSI(3)+Kelt(1.5)/15min,2:1
3182,1232,1950,38.7,0.94,721.77,-486.09,-18.44,-58668.36,1.09,398.0,5.0,8.0,ES/RSI(3)+Kelt(2.0)/15min,1.5:1
3090,1008,2082,32.6,0.97,971.9,-484.45,-9.37,-28953.29,1.06,387.0,6.1,8.0,ES/RSI(3)+Kelt(2.0)/15min,2:1
2062,773,1289,37.5,0.91,736.07,-486.4,-28.12,-57983.32,0.71,258.0,5.0,8.0,ES/RSI(3)+Kelt(2.5)/15min,1.5:1
2017,635,1382,31.5,0.95,1004.26,-483.9,-15.39,-31047.31,0.69,252.0,6.1,8.0,ES/RSI(3)+Kelt(2.5)/15min,2:1
3396,1334,2062,39.3,0.95,745.23,-507.73,-15.55,-52792.76,1.16,425.0,4.6,8.0,"ES/MomThrust(3,1.5)/15min",1.5:1
3203,1085,2118,33.9,1.0,992.85,-508.64,-0.02,-65.59,1.1,401.0,5.7,8.0,"ES/MomThrust(3,1.5)/15min",2:1
2090,843,1247,40.3,0.99,759.03,-517.93,-2.87,-5996.59,0.72,262.0,4.5,8.0,"ES/MomThrust(3,2.0)/15min",1.5:1
2022,679,1343,33.6,1.01,1025.01,-513.92,2.86,5787.73,0.69,253.0,5.8,8.0,"ES/MomThrust(3,2.0)/15min",2:1
1321,525,796,39.7,0.95,758.85,-525.79,-15.24,-20131.24,0.45,165.0,4.3,8.0,"ES/MomThrust(3,2.5)/15min",1.5:1
1294,428,866,33.1,0.96,1016.91,-522.49,-13.32,-17236.15,0.44,162.0,5.6,8.0,"ES/MomThrust(3,2.5)/15min",2:1
813,316,497,38.9,0.86,753.95,-554.36,-45.84,-37266.23,0.28,102.0,4.2,8.0,"ES/MomThrust(3,3.0)/15min",1.5:1
806,262,544,32.5,0.87,995.43,-550.21,-47.78,-38510.46,0.28,101.0,5.5,8.0,"ES/MomThrust(3,3.0)/15min",2:1
3422,1353,2069,39.5,0.97,763.83,-515.21,-9.5,-32506.74,1.17,428.0,5.0,8.0,"ES/MomThrust(5,1.5)/15min",1.5:1
3235,1103,2132,34.1,1.02,1014.57,-514.03,7.15,23145.79,1.11,405.0,6.3,8.0,"ES/MomThrust(5,1.5)/15min",2:1
2066,813,1253,39.4,0.94,762.85,-528.61,-20.4,-42151.1,0.71,259.0,5.0,8.0,"ES/MomThrust(5,2.0)/15min",1.5:1
1995,671,1324,33.6,0.99,1026.8,-525.66,-3.51,-6994.86,0.68,250.0,6.3,8.0,"ES/MomThrust(5,2.0)/15min",2:1
1242,476,766,38.3,0.86,767.75,-554.74,-47.89,-59480.52,0.43,155.0,5.1,8.0,"ES/MomThrust(5,2.5)/15min",1.5:1
1217,393,824,32.3,0.91,1044.75,-546.95,-32.95,-40098.56,0.42,152.0,6.1,8.0,"ES/MomThrust(5,2.5)/15min",2:1
681,258,423,37.9,0.85,781.86,-563.28,-53.67,-36546.17,0.23,85.0,4.7,8.0,"ES/MomThrust(5,3.0)/15min",1.5:1
670,217,453,32.4,0.91,1047.26,-554.3,-35.59,-23843.61,0.23,84.0,5.9,8.0,"ES/MomThrust(5,3.0)/15min",2:1
3327,1298,2029,39.0,0.95,776.53,-523.41,-16.25,-54062.59,1.14,416.0,5.5,8.0,"ES/MomThrust(10,1.5)/15min",1.5:1
3142,1043,2099,33.2,0.98,1036.77,-523.22,-5.38,-16890.16,1.08,393.0,6.8,8.0,"ES/MomThrust(10,1.5)/15min",2:1
1984,769,1215,38.8,0.93,792.97,-540.98,-23.94,-47500.78,0.68,249.0,5.7,8.0,"ES/MomThrust(10,2.0)/15min",1.5:1
1915,628,1287,32.8,0.96,1064.7,-538.46,-12.73,-24368.82,0.66,240.0,7.0,8.0,"ES/MomThrust(10,2.0)/15min",2:1
1108,407,701,36.7,0.83,793.46,-555.43,-59.95,-66422.78,0.38,139.0,5.8,8.0,"ES/MomThrust(10,2.5)/15min",1.5:1
1079,332,747,30.8,0.86,1062.09,-550.95,-54.63,-58941.79,0.37,135.0,7.1,8.0,"ES/MomThrust(10,2.5)/15min",2:1
543,207,336,38.1,0.91,824.65,-559.05,-31.57,-17140.3,0.19,68.0,6.0,8.0,"ES/MomThrust(10,3.0)/15min",1.5:1
531,174,357,32.8,1.0,1131.44,-550.76,0.47,248.29,0.18,67.0,7.3,8.0,"ES/MomThrust(10,3.0)/15min",2:1
2381,942,1439,39.6,1.01,1046.84,-676.7,5.19,12355.7,0.82,298.0,4.7,8.0,ES/RSI(2)+BB(1.5)/30min,1.5:1
2270,772,1498,34.0,1.07,1407.97,-675.84,32.84,74541.93,0.78,284.0,5.6,8.0,ES/RSI(2)+BB(1.5)/30min,2:1
1373,551,822,40.1,1.04,1034.88,-668.79,14.91,20468.49,0.47,172.0,4.5,8.0,ES/RSI(2)+BB(2.0)/30min,1.5:1
1337,459,878,34.3,1.08,1385.25,-669.29,36.05,48194.98,0.46,167.0,5.5,8.0,ES/RSI(2)+BB(2.0)/30min,2:1
623,233,390,37.4,0.92,1044.08,-676.12,-32.77,-20415.89,0.21,78.0,4.3,8.0,ES/RSI(2)+BB(2.5)/30min,1.5:1
617,199,418,32.3,0.97,1376.93,-675.77,-13.71,-8461.77,0.21,78.0,5.3,8.0,ES/RSI(2)+BB(2.5)/30min,2:1
2452,965,1487,39.4,1.0,1046.47,-680.57,-0.88,-2167.95,0.84,307.0,4.7,8.0,ES/RSI(2)+BB(1.5)/30min,1.5:1
2339,797,1542,34.1,1.07,1410.1,-679.96,32.21,75345.24,0.8,293.0,5.6,8.0,ES/RSI(2)+BB(1.5)/30min,2:1
1382,552,830,39.9,1.02,1028.12,-672.62,6.69,9243.34,0.47,173.0,4.5,8.0,ES/RSI(2)+BB(2.0)/30min,1.5:1
1345,460,885,34.2,1.06,1376.55,-672.68,28.17,37894.25,0.46,168.0,5.4,8.0,ES/RSI(2)+BB(2.0)/30min,2:1
624,234,390,37.5,0.93,1042.85,-676.12,-31.51,-19659.95,0.21,78.0,4.3,8.0,ES/RSI(2)+BB(2.5)/30min,1.5:1
618,200,418,32.4,0.97,1375.09,-675.77,-12.06,-7453.16,0.21,78.0,5.3,8.0,ES/RSI(2)+BB(2.5)/30min,2:1
2505,989,1516,39.5,1.0,1042.9,-680.78,-0.25,-630.59,0.86,314.0,4.7,8.0,ES/RSI(2)+BB(1.5)/30min,1.5:1
2389,811,1578,33.9,1.07,1409.07,-679.51,29.51,70491.14,0.82,299.0,5.6,8.0,ES/RSI(2)+BB(1.5)/30min,2:1
1393,559,834,40.1,1.03,1029.74,-672.69,10.49,14605.95,0.48,174.0,4.5,8.0,ES/RSI(2)+BB(2.0)/30min,1.5:1
1355,466,889,34.4,1.07,1377.94,-673.24,32.18,43608.96,0.46,170.0,5.5,8.0,ES/RSI(2)+BB(2.0)/30min,2:1
625,235,390,37.6,0.93,1040.91,-676.12,-30.52,-19072.77,0.22,79.0,4.3,8.0,ES/RSI(2)+BB(2.5)/30min,1.5:1
619,201,418,32.5,0.98,1372.14,-675.77,-10.77,-6669.54,0.21,78.0,5.3,8.0,ES/RSI(2)+BB(2.5)/30min,2:1
2274,900,1374,39.6,1.02,1040.05,-670.65,6.41,14569.69,0.78,285.0,4.6,8.0,ES/RSI(3)+BB(1.5)/30min,1.5:1
2193,755,1438,34.4,1.1,1395.12,-667.71,42.48,93154.52,0.75,275.0,5.5,8.0,ES/RSI(3)+BB(1.5)/30min,2:1
1334,535,799,40.1,1.03,1025.99,-667.26,11.82,15762.44,0.46,167.0,4.5,8.0,ES/RSI(3)+BB(2.0)/30min,1.5:1
1301,450,851,34.6,1.09,1372.75,-667.88,37.95,49371.47,0.45,163.0,5.4,8.0,ES/RSI(3)+BB(2.0)/30min,2:1
614,230,384,37.5,0.93,1043.54,-672.57,-29.72,-18250.11,0.21,77.0,4.3,8.0,ES/RSI(3)+BB(2.5)/30min,1.5:1
608,197,411,32.4,0.98,1378.42,-671.79,-7.5,-4557.16,0.21,76.0,5.3,8.0,ES/RSI(3)+BB(2.5)/30min,2:1
2429,958,1471,39.4,0.99,1037.26,-679.71,-2.54,-6163.4,0.83,304.0,4.7,8.0,ES/RSI(3)+BB(1.5)/30min,1.5:1
2326,787,1539,33.8,1.05,1395.81,-678.26,23.5,54662.72,0.8,291.0,5.5,8.0,ES/RSI(3)+BB(1.5)/30min,2:1
1391,559,832,40.2,1.03,1027.46,-673.3,10.18,14162.83,0.48,174.0,4.5,8.0,ES/RSI(3)+BB(2.0)/30min,1.5:1
1353,465,888,34.4,1.07,1376.79,-673.36,31.24,42269.41,0.46,169.0,5.5,8.0,ES/RSI(3)+BB(2.0)/30min,2:1
625,235,390,37.6,0.93,1040.91,-676.18,-30.56,-19096.88,0.22,79.0,4.3,8.0,ES/RSI(3)+BB(2.5)/30min,1.5:1
619,201,418,32.5,0.98,1372.14,-675.82,-10.81,-6693.65,0.21,78.0,5.3,8.0,ES/RSI(3)+BB(2.5)/30min,2:1
2510,991,1519,39.5,1.0,1043.66,-681.82,-0.57,-1422.34,0.86,314.0,4.7,8.0,ES/RSI(3)+BB(1.5)/30min,1.5:1
2400,815,1585,34.0,1.06,1404.69,-681.19,27.14,65130.54,0.82,300.0,5.6,8.0,ES/RSI(3)+BB(1.5)/30min,2:1
1399,559,840,40.0,1.02,1028.83,-672.94,7.04,9842.01,0.48,175.0,4.5,8.0,ES/RSI(3)+BB(2.0)/30min,1.5:1
1364,467,897,34.2,1.07,1382.46,-673.19,30.62,41763.28,0.47,171.0,5.5,8.0,ES/RSI(3)+BB(2.0)/30min,2:1
625,235,390,37.6,0.93,1040.91,-676.12,-30.52,-19072.77,0.22,79.0,4.3,8.0,ES/RSI(3)+BB(2.5)/30min,1.5:1
619,201,418,32.5,0.98,1372.14,-675.77,-10.77,-6669.54,0.21,78.0,5.3,8.0,ES/RSI(3)+BB(2.5)/30min,2:1
1682,654,1028,38.9,1.01,1055.11,-667.32,2.4,4038.78,0.58,211.0,4.6,8.0,ES/RSI(5)+BB(1.5)/30min,1.5:1
1644,548,1096,33.3,1.07,1420.53,-665.82,29.63,48717.24,0.56,206.0,5.6,8.0,ES/RSI(5)+BB(1.5)/30min,2:1
1070,409,661,38.2,0.96,1027.71,-664.31,-17.55,-18777.8,0.37,134.0,4.3,8.0,ES/RSI(5)+BB(2.0)/30min,1.5:1
1050,343,707,32.7,1.0,1376.38,-666.19,1.05,1102.14,0.36,131.0,5.3,8.0,ES/RSI(5)+BB(2.0)/30min,2:1
534,196,338,36.7,0.9,1029.05,-662.69,-41.75,-22293.72,0.18,67.0,4.2,8.0,ES/RSI(5)+BB(2.5)/30min,1.5:1
532,172,360,32.3,0.99,1377.64,-662.05,-2.6,-1383.27,0.18,67.0,5.2,8.0,ES/RSI(5)+BB(2.5)/30min,2:1
2146,856,1290,39.9,1.02,1038.19,-673.94,9.0,19309.92,0.74,269.0,4.6,8.0,ES/RSI(5)+BB(1.5)/30min,1.5:1
2082,713,1369,34.2,1.09,1403.0,-669.38,40.33,83959.05,0.71,261.0,5.5,8.0,ES/RSI(5)+BB(1.5)/30min,2:1
1294,511,783,39.5,1.01,1024.93,-665.52,2.04,2634.83,0.44,162.0,4.4,8.0,ES/RSI(5)+BB(2.0)/30min,1.5:1
1262,431,831,34.2,1.07,1371.07,-667.34,28.82,36369.44,0.43,158.0,5.4,8.0,ES/RSI(5)+BB(2.0)/30min,2:1
606,225,381,37.1,0.92,1042.17,-671.98,-35.54,-21536.44,0.21,76.0,4.3,8.0,ES/RSI(5)+BB(2.5)/30min,1.5:1
602,196,406,32.6,0.99,1380.02,-670.94,-3.19,-1917.77,0.21,76.0,5.3,8.0,ES/RSI(5)+BB(2.5)/30min,2:1
2455,979,1476,39.9,1.02,1041.73,-674.59,9.84,24161.02,0.84,307.0,4.6,8.0,ES/RSI(5)+BB(1.5)/30min,1.5:1
2355,807,1548,34.3,1.09,1408.85,-672.8,40.53,95448.25,0.81,295.0,5.5,8.0,ES/RSI(5)+BB(1.5)/30min,2:1
1392,559,833,40.2,1.03,1026.9,-672.05,10.21,14215.64,0.48,174.0,4.4,8.0,ES/RSI(5)+BB(2.0)/30min,1.5:1
1359,467,892,34.4,1.08,1382.13,-671.87,33.96,46146.99,0.47,170.0,5.4,8.0,ES/RSI(5)+BB(2.0)/30min,2:1
622,233,389,37.5,0.92,1037.94,-674.21,-32.84,-20428.97,0.21,78.0,4.3,8.0,ES/RSI(5)+BB(2.5)/30min,1.5:1
616,200,416,32.5,0.98,1369.92,-673.34,-9.94,-6125.74,0.21,77.0,5.3,8.0,ES/RSI(5)+BB(2.5)/30min,2:1
2249,902,1347,40.1,1.02,1054.48,-689.73,9.82,22082.9,0.77,281.0,4.8,8.0,ES/RSI(2)+Kelt(1.5)/30min,1.5:1
2157,743,1414,34.4,1.09,1420.6,-687.49,38.66,83386.37,0.74,270.0,5.7,8.0,ES/RSI(2)+Kelt(1.5)/30min,2:1
1606,617,989,38.4,0.96,1055.57,-682.73,-14.9,-23935.1,0.55,201.0,4.7,8.0,ES/RSI(2)+Kelt(2.0)/30min,1.5:1
1566,527,1039,33.7,1.08,1444.41,-677.64,36.49,57141.76,0.54,196.0,5.6,8.0,ES/RSI(2)+Kelt(2.0)/30min,2:1
1065,406,659,38.1,0.97,1074.67,-684.67,-13.97,-14879.36,0.37,133.0,4.8,8.0,ES/RSI(2)+Kelt(2.5)/30min,1.5:1
1041,342,699,32.9,1.05,1455.98,-680.42,21.45,22329.97,0.36,130.0,5.8,8.0,ES/RSI(2)+Kelt(2.5)/30min,2:1
2320,933,1387,40.2,1.03,1058.24,-692.58,11.52,26726.21,0.8,290.0,4.8,8.0,ES/RSI(2)+Kelt(1.5)/30min,1.5:1
2229,773,1456,34.7,1.09,1423.59,-692.05,41.63,92803.03,0.76,279.0,5.7,8.0,ES/RSI(2)+Kelt(1.5)/30min,2:1
1646,635,1011,38.6,0.96,1052.34,-685.75,-15.23,-25061.51,0.56,206.0,4.7,8.0,ES/RSI(2)+Kelt(2.0)/30min,1.5:1
1606,544,1062,33.9,1.08,1433.79,-682.85,34.12,54792.58,0.55,201.0,5.6,8.0,ES/RSI(2)+Kelt(2.0)/30min,2:1
1081,408,673,37.7,0.93,1057.87,-692.39,-31.79,-34368.31,0.37,135.0,4.9,8.0,ES/RSI(2)+Kelt(2.5)/30min,1.5:1
1061,349,712,32.9,1.03,1439.19,-688.19,11.58,12282.61,0.36,133.0,5.8,8.0,ES/RSI(2)+Kelt(2.5)/30min,2:1
2370,957,1413,40.4,1.03,1057.06,-692.59,13.91,32968.98,0.81,297.0,4.8,8.0,ES/RSI(2)+Kelt(1.5)/30min,1.5:1
2268,794,1474,35.0,1.11,1423.39,-691.15,49.13,111425.59,0.78,284.0,5.7,8.0,ES/RSI(2)+Kelt(1.5)/30min,2:1
1671,647,1024,38.7,0.97,1046.78,-685.15,-14.56,-24327.85,0.57,209.0,4.8,8.0,ES/RSI(2)+Kelt(2.0)/30min,1.5:1
1629,557,1072,34.2,1.08,1423.47,-681.86,38.01,61921.06,0.56,204.0,5.6,8.0,ES/RSI(2)+Kelt(2.0)/30min,2:1
1097,416,681,37.9,0.94,1053.34,-687.63,-27.43,-30087.63,0.38,138.0,4.9,8.0,ES/RSI(2)+Kelt(2.5)/30min,1.5:1
1078,358,720,33.2,1.03,1423.3,-686.68,14.04,15130.84,0.37,135.0,5.8,8.0,ES/RSI(2)+Kelt(2.5)/30min,2:1
2133,846,1287,39.7,1.01,1055.06,-688.9,2.8,5963.56,0.73,267.0,4.8,8.0,ES/RSI(3)+Kelt(1.5)/30min,1.5:1
2065,704,1361,34.1,1.07,1418.0,-686.78,30.78,63566.18,0.71,258.0,5.7,8.0,ES/RSI(3)+Kelt(1.5)/30min,2:1
1579,601,978,38.1,0.95,1054.09,-684.14,-22.54,-35583.76,0.54,198.0,4.7,8.0,ES/RSI(3)+Kelt(2.0)/30min,1.5:1
1549,512,1037,33.1,1.04,1431.12,-679.55,18.1,28039.96,0.53,194.0,5.6,8.0,ES/RSI(3)+Kelt(2.0)/30min,2:1
1067,402,665,37.7,0.96,1081.07,-683.7,-18.81,-20072.4,0.37,134.0,4.8,8.0,ES/RSI(3)+Kelt(2.5)/30min,1.5:1
1047,338,709,32.3,1.01,1446.63,-682.52,4.83,5055.76,0.36,131.0,5.8,8.0,ES/RSI(3)+Kelt(2.5)/30min,2:1
2294,912,1382,39.8,1.0,1045.23,-691.5,-1.05,-2413.38,0.79,287.0,4.7,8.0,ES/RSI(3)+Kelt(1.5)/30min,1.5:1
2212,758,1454,34.3,1.07,1414.77,-690.14,31.17,68937.84,0.76,277.0,5.6,8.0,ES/RSI(3)+Kelt(1.5)/30min,2:1
1658,631,1027,38.1,0.93,1040.9,-685.46,-28.44,-47154.57,0.57,207.0,4.8,8.0,ES/RSI(3)+Kelt(2.0)/30min,1.5:1
1621,542,1079,33.4,1.06,1435.7,-680.65,26.97,43722.69,0.56,203.0,5.6,8.0,ES/RSI(3)+Kelt(2.0)/30min,2:1
1101,415,686,37.7,0.93,1055.67,-686.71,-29.96,-32983.08,0.38,138.0,4.9,8.0,ES/RSI(3)+Kelt(2.5)/30min,1.5:1
1082,356,726,32.9,1.04,1443.48,-683.67,16.21,17534.05,0.37,136.0,5.8,8.0,ES/RSI(3)+Kelt(2.5)/30min,2:1
2374,952,1422,40.1,1.02,1052.49,-692.54,7.24,17179.33,0.81,297.0,4.8,8.0,ES/RSI(3)+Kelt(1.5)/30min,1.5:1
2278,786,1492,34.5,1.08,1418.06,-692.01,36.05,82118.88,0.78,285.0,5.7,8.0,ES/RSI(3)+Kelt(1.5)/30min,2:1
1700,655,1045,38.5,0.95,1041.87,-686.17,-20.37,-34624.46,0.58,213.0,4.8,8.0,ES/RSI(3)+Kelt(2.0)/30min,1.5:1
1660,562,1098,33.9,1.06,1413.63,-683.86,26.26,43586.32,0.57,208.0,5.6,8.0,ES/RSI(3)+Kelt(2.0)/30min,2:1
1112,421,691,37.9,0.93,1050.95,-687.49,-29.32,-32603.06,0.38,139.0,4.9,8.0,ES/RSI(3)+Kelt(2.5)/30min,1.5:1
1093,360,733,32.9,1.01,1416.2,-687.46,5.42,5926.13,0.38,137.0,5.8,8.0,ES/RSI(3)+Kelt(2.5)/30min,2:1
1791,720,1071,40.2,1.01,1109.3,-738.0,4.63,8296.49,0.62,225.0,5.0,8.0,"ES/MomThrust(3,1.5)/30min",1.5:1
1694,589,1105,34.8,1.1,1506.93,-729.12,48.35,81900.64,0.58,213.0,6.1,8.0,"ES/MomThrust(3,1.5)/30min",2:1
1086,434,652,40.0,0.96,1121.05,-775.05,-17.31,-18796.22,0.37,137.0,5.2,8.0,"ES/MomThrust(3,2.0)/30min",1.5:1
1065,364,701,34.2,1.02,1504.44,-767.93,8.73,9296.54,0.37,134.0,6.4,8.0,"ES/MomThrust(3,2.0)/30min",2:1
634,246,388,38.8,0.94,1187.15,-798.51,-28.05,-17782.29,0.22,80.0,5.1,8.0,"ES/MomThrust(3,2.5)/30min",1.5:1
628,210,418,33.4,1.0,1588.26,-795.03,1.93,1213.34,0.22,79.0,6.1,8.0,"ES/MomThrust(3,2.5)/30min",2:1
338,129,209,38.2,0.86,1128.43,-808.51,-69.26,-23411.14,0.12,42.0,4.7,8.0,"ES/MomThrust(3,3.0)/30min",1.5:1
337,109,228,32.3,0.89,1495.74,-805.88,-61.44,-20705.91,0.12,42.0,5.7,8.0,"ES/MomThrust(3,3.0)/30min",2:1
1744,711,1033,40.8,1.09,1157.78,-732.73,38.0,66274.21,0.6,219.0,5.1,8.0,"ES/MomThrust(5,1.5)/30min",1.5:1
1663,570,1093,34.3,1.12,1562.86,-727.3,57.66,95892.52,0.57,209.0,6.2,8.0,"ES/MomThrust(5,1.5)/30min",2:1
1006,390,616,38.8,0.93,1130.91,-767.69,-31.65,-31842.51,0.35,126.0,5.0,8.0,"ES/MomThrust(5,2.0)/30min",1.5:1
981,328,653,33.4,1.0,1513.9,-762.17,-1.16,-1137.78,0.34,123.0,5.9,8.0,"ES/MomThrust(5,2.0)/30min",2:1
550,204,346,37.1,0.88,1182.23,-790.14,-58.57,-32215.27,0.19,69.0,4.9,8.0,"ES/MomThrust(5,2.5)/30min",1.5:1
543,175,368,32.2,0.98,1611.12,-783.94,-12.05,-6542.09,0.19,68.0,5.9,8.0,"ES/MomThrust(5,2.5)/30min",2:1
283,103,180,36.4,0.79,1161.12,-841.75,-112.79,-31919.75,0.1,36.0,4.6,8.0,"ES/MomThrust(5,3.0)/30min",1.5:1
281,84,197,29.9,0.82,1594.97,-826.98,-102.98,-28938.31,0.1,35.0,5.6,8.0,"ES/MomThrust(5,3.0)/30min",2:1
1655,649,1006,39.2,1.01,1156.47,-739.12,4.23,6995.48,0.57,208.0,5.0,8.0,"ES/MomThrust(10,1.5)/30min",1.5:1
1579,522,1057,33.1,1.03,1540.96,-738.16,15.29,24138.56,0.54,198.0,6.0,8.0,"ES/MomThrust(10,1.5)/30min",2:1
935,371,564,39.7,0.99,1156.8,-767.09,-3.71,-3467.96,0.32,118.0,4.8,8.0,"ES/MomThrust(10,2.0)/30min",1.5:1
904,307,597,34.0,1.06,1570.38,-765.38,27.85,25175.71,0.31,114.0,5.7,8.0,"ES/MomThrust(10,2.0)/30min",2:1
472,186,286,39.4,0.93,1127.37,-791.66,-35.43,-16722.9,0.16,59.0,4.9,8.0,"ES/MomThrust(10,2.5)/30min",1.5:1
460,157,303,34.1,0.99,1508.9,-788.86,-4.62,-2126.71,0.16,58.0,5.8,8.0,"ES/MomThrust(10,2.5)/30min",2:1
195,74,121,37.9,0.94,1185.32,-768.86,-27.27,-5317.98,0.07,25.0,4.6,8.0,"ES/MomThrust(10,3.0)/30min",1.5:1
191,61,130,31.9,1.0,1611.81,-757.37,-0.73,-138.6,0.07,24.0,5.6,8.0,"ES/MomThrust(10,3.0)/30min",2:1
1317,524,793,39.8,1.03,1467.48,-939.43,18.22,23989.21,0.45,165.0,4.4,8.0,ES/RSI(2)+BB(1.5)/60min,1.5:1
1254,418,836,33.3,1.02,1930.24,-947.82,11.53,14457.67,0.43,157.0,5.2,8.0,ES/RSI(2)+BB(1.5)/60min,2:1
758,275,483,36.3,0.87,1427.33,-935.98,-78.58,-59563.68,0.26,95.0,4.2,7.9,ES/RSI(2)+BB(2.0)/60min,1.5:1
740,224,516,30.3,0.84,1848.27,-954.55,-106.13,-78535.25,0.26,93.0,5.1,7.9,ES/RSI(2)+BB(2.0)/60min,2:1
341,135,206,39.6,0.97,1369.5,-928.23,-18.57,-6332.62,0.12,43.0,4.0,7.9,ES/RSI(2)+BB(2.5)/60min,1.5:1
336,115,221,34.2,1.03,1834.36,-927.56,17.74,5961.36,0.12,42.0,4.9,7.9,ES/RSI(2)+BB(2.5)/60min,2:1
1372,550,822,40.1,1.05,1469.18,-938.38,26.75,36700.94,0.47,172.0,4.4,8.0,ES/RSI(2)+BB(1.5)/60min,1.5:1
1301,435,866,33.4,1.03,1945.12,-945.3,21.14,27500.94,0.45,163.0,5.3,8.0,ES/RSI(2)+BB(1.5)/60min,2:1
769,285,484,37.1,0.9,1423.82,-935.5,-61.11,-46990.79,0.27,97.0,4.2,7.9,ES/RSI(2)+BB(2.0)/60min,1.5:1
751,232,519,30.9,0.87,1849.36,-952.96,-87.26,-65535.14,0.26,94.0,5.1,7.9,ES/RSI(2)+BB(2.0)/60min,2:1
343,137,206,39.9,0.98,1370.07,-928.23,-10.25,-3514.94,0.12,43.0,4.1,7.9,ES/RSI(2)+BB(2.5)/60min,1.5:1
338,117,221,34.6,1.05,1835.13,-927.56,28.76,9719.66,0.12,43.0,4.9,7.9,ES/RSI(2)+BB(2.5)/60min,2:1
1392,554,838,39.8,1.05,1483.79,-935.55,27.32,38030.82,0.48,174.0,4.4,8.0,ES/RSI(2)+BB(1.5)/60min,1.5:1
1325,443,882,33.4,1.05,1971.42,-942.97,31.43,41640.71,0.45,166.0,5.3,8.0,ES/RSI(2)+BB(1.5)/60min,2:1
775,287,488,37.0,0.91,1438.71,-932.08,-54.12,-41944.91,0.27,98.0,4.2,7.9,ES/RSI(2)+BB(2.0)/60min,1.5:1
756,234,522,31.0,0.88,1872.94,-950.83,-76.81,-58067.06,0.26,95.0,5.0,7.9,ES/RSI(2)+BB(2.0)/60min,2:1
343,137,206,39.9,0.98,1370.07,-928.23,-10.25,-3514.94,0.12,43.0,4.1,7.9,ES/RSI(2)+BB(2.5)/60min,1.5:1
338,117,221,34.6,1.05,1835.13,-927.56,28.76,9719.66,0.12,43.0,4.9,7.9,ES/RSI(2)+BB(2.5)/60min,2:1
1234,501,733,40.6,1.05,1459.46,-947.05,29.99,37003.69,0.42,155.0,4.4,8.0,ES/RSI(3)+BB(1.5)/60min,1.5:1
1178,402,776,34.1,1.06,1939.24,-949.91,36.03,42442.27,0.4,148.0,5.3,8.0,ES/RSI(3)+BB(1.5)/60min,2:1
742,273,469,36.8,0.89,1430.59,-935.12,-64.72,-48019.36,0.26,93.0,4.3,7.9,ES/RSI(3)+BB(2.0)/60min,1.5:1
728,224,504,30.8,0.9,1902.48,-942.18,-66.9,-48704.69,0.25,92.0,5.1,7.9,ES/RSI(3)+BB(2.0)/60min,2:1
335,131,204,39.1,0.95,1374.96,-929.01,-28.06,-9398.59,0.12,42.0,4.0,7.9,ES/RSI(3)+BB(2.5)/60min,1.5:1
331,112,219,33.8,1.02,1843.01,-928.28,9.43,3122.76,0.11,42.0,4.9,7.9,ES/RSI(3)+BB(2.5)/60min,2:1
1347,537,810,39.9,1.03,1460.53,-937.24,18.66,25141.39,0.46,169.0,4.4,8.0,ES/RSI(3)+BB(1.5)/60min,1.5:1
1289,434,855,33.7,1.04,1933.45,-947.33,22.62,29155.6,0.44,161.0,5.2,8.0,ES/RSI(3)+BB(1.5)/60min,2:1
771,284,487,36.8,0.91,1442.37,-928.24,-55.02,-42420.44,0.27,97.0,4.2,7.9,ES/RSI(3)+BB(2.0)/60min,1.5:1
752,231,521,30.7,0.88,1878.33,-947.28,-79.31,-59639.91,0.26,95.0,5.1,7.9,ES/RSI(3)+BB(2.0)/60min,2:1
341,135,206,39.6,0.97,1369.5,-928.23,-18.57,-6332.62,0.12,43.0,4.0,7.9,ES/RSI(3)+BB(2.5)/60min,1.5:1
336,115,221,34.2,1.03,1834.36,-927.56,17.74,5961.36,0.12,42.0,4.9,7.9,ES/RSI(3)+BB(2.5)/60min,2:1
1408,560,848,39.8,1.04,1471.57,-933.82,22.87,32204.36,0.48,176.0,4.4,8.0,ES/RSI(3)+BB(1.5)/60min,1.5:1
1347,451,896,33.5,1.05,1955.81,-940.92,28.96,39008.8,0.46,169.0,5.2,8.0,ES/RSI(3)+BB(1.5)/60min,2:1
778,288,490,37.0,0.9,1427.45,-930.74,-57.79,-44957.91,0.27,98.0,4.2,7.9,ES/RSI(3)+BB(2.0)/60min,1.5:1
759,235,524,31.0,0.88,1854.72,-949.51,-81.27,-61681.4,0.26,95.0,5.0,7.9,ES/RSI(3)+BB(2.0)/60min,2:1
343,137,206,39.9,0.98,1370.07,-928.23,-10.25,-3514.94,0.12,43.0,4.1,7.9,ES/RSI(3)+BB(2.5)/60min,1.5:1
338,117,221,34.6,1.05,1835.13,-927.56,28.76,9719.66,0.12,43.0,4.9,7.9,ES/RSI(3)+BB(2.5)/60min,2:1
908,339,569,37.3,0.89,1409.38,-941.18,-63.6,-57752.78,0.31,114.0,4.3,8.0,ES/RSI(5)+BB(1.5)/60min,1.5:1
885,284,601,32.1,0.95,1897.72,-939.17,-28.8,-25489.75,0.3,111.0,5.2,8.0,ES/RSI(5)+BB(1.5)/60min,2:1
603,217,386,36.0,0.86,1422.67,-935.09,-86.61,-52227.91,0.21,76.0,4.2,7.9,ES/RSI(5)+BB(2.0)/60min,1.5:1
595,180,415,30.3,0.88,1911.34,-937.01,-75.32,-44817.36,0.21,75.0,5.1,7.9,ES/RSI(5)+BB(2.0)/60min,2:1
296,110,186,37.2,0.9,1421.27,-933.96,-58.71,-17376.96,0.1,37.0,4.1,7.9,ES/RSI(5)+BB(2.5)/60min,1.5:1
293,92,201,31.4,0.93,1898.72,-936.13,-46.01,-13480.48,0.1,37.0,5.0,7.9,ES/RSI(5)+BB(2.5)/60min,2:1
1171,456,715,38.9,0.99,1461.68,-944.15,-7.3,-8544.37,0.4,147.0,4.4,8.0,ES/RSI(5)+BB(1.5)/60min,1.5:1
1128,373,755,33.1,1.02,1951.02,-949.33,9.74,10988.34,0.39,141.0,5.4,8.0,ES/RSI(5)+BB(1.5)/60min,2:1
720,262,458,36.4,0.89,1448.88,-931.7,-65.43,-47112.0,0.25,91.0,4.2,7.9,ES/RSI(5)+BB(2.0)/60min,1.5:1
710,220,490,31.0,0.91,1913.87,-941.91,-57.02,-40485.64,0.24,89.0,5.1,7.9,ES/RSI(5)+BB(2.0)/60min,2:1
328,125,203,38.1,0.92,1387.06,-929.18,-46.47,-15241.92,0.11,41.0,4.0,7.9,ES/RSI(5)+BB(2.5)/60min,1.5:1
325,108,217,33.2,0.99,1842.69,-930.87,-9.19,-2987.86,0.11,41.0,5.0,7.9,ES/RSI(5)+BB(2.5)/60min,2:1
1357,536,821,39.5,1.03,1476.22,-936.75,16.35,22183.78,0.47,170.0,4.4,8.0,ES/RSI(5)+BB(1.5)/60min,1.5:1
1296,428,868,33.0,1.02,1957.0,-947.95,11.4,14775.72,0.44,162.0,5.3,8.0,ES/RSI(5)+BB(1.5)/60min,2:1
770,282,488,36.6,0.89,1432.88,-930.07,-64.68,-49802.71,0.27,97.0,4.2,7.9,ES/RSI(5)+BB(2.0)/60min,1.5:1
752,230,522,30.6,0.87,1865.88,-948.66,-87.83,-66047.06,0.26,95.0,5.1,7.9,ES/RSI(5)+BB(2.0)/60min,2:1
342,136,206,39.8,0.97,1367.56,-928.23,-15.28,-5227.13,0.12,43.0,4.0,7.9,ES/RSI(5)+BB(2.5)/60min,1.5:1
337,116,221,34.4,1.04,1831.26,-927.56,22.07,7436.05,0.12,43.0,4.9,7.9,ES/RSI(5)+BB(2.5)/60min,2:1
1286,508,778,39.5,1.02,1480.69,-948.3,11.21,14411.9,0.44,161.0,4.5,8.0,ES/RSI(2)+Kelt(1.5)/60min,1.5:1
1228,403,825,32.8,1.0,1947.61,-953.7,-1.56,-1918.98,0.42,154.0,5.4,8.0,ES/RSI(2)+Kelt(1.5)/60min,2:1
933,367,566,39.3,1.0,1462.08,-944.88,1.91,1781.33,0.32,117.0,4.6,8.0,ES/RSI(2)+Kelt(2.0)/60min,1.5:1
907,304,603,33.5,1.05,1958.2,-942.5,29.73,26963.16,0.31,114.0,5.5,8.0,ES/RSI(2)+Kelt(2.0)/60min,2:1
604,234,370,38.7,0.95,1409.15,-935.85,-27.36,-16525.1,0.21,76.0,4.5,8.0,ES/RSI(2)+Kelt(2.5)/60min,1.5:1
596,199,397,33.4,1.0,1880.53,-938.61,2.68,1594.83,0.2,75.0,5.3,8.0,ES/RSI(2)+Kelt(2.5)/60min,2:1
1338,531,807,39.7,1.05,1510.75,-950.04,26.55,35527.25,0.46,168.0,4.5,8.0,ES/RSI(2)+Kelt(1.5)/60min,1.5:1
1266,415,851,32.8,1.01,1980.59,-956.19,6.5,8227.11,0.43,159.0,5.4,8.0,ES/RSI(2)+Kelt(1.5)/60min,2:1
960,381,579,39.7,1.03,1484.34,-949.16,16.63,15967.04,0.33,120.0,4.5,8.0,ES/RSI(2)+Kelt(2.0)/60min,1.5:1
929,312,617,33.6,1.06,1989.18,-947.44,38.81,36054.46,0.32,116.0,5.5,8.0,ES/RSI(2)+Kelt(2.0)/60min,2:1
613,238,375,38.8,0.95,1402.32,-939.95,-30.56,-18731.05,0.21,77.0,4.5,8.0,ES/RSI(2)+Kelt(2.5)/60min,1.5:1
604,202,402,33.4,1.0,1871.16,-941.37,-0.76,-456.79,0.21,76.0,5.4,8.0,ES/RSI(2)+Kelt(2.5)/60min,2:1
1361,537,824,39.5,1.05,1519.18,-944.57,27.53,37474.04,0.47,171.0,4.5,8.0,ES/RSI(2)+Kelt(1.5)/60min,1.5:1
1291,425,866,32.9,1.03,1989.85,-950.6,17.41,22471.94,0.44,162.0,5.4,8.0,ES/RSI(2)+Kelt(1.5)/60min,2:1
975,388,587,39.8,1.04,1486.9,-948.23,20.83,20305.18,0.33,122.0,4.5,8.0,ES/RSI(2)+Kelt(2.0)/60min,1.5:1
945,317,628,33.5,1.07,1994.86,-945.38,40.93,38675.32,0.32,118.0,5.5,8.0,ES/RSI(2)+Kelt(2.0)/60min,2:1
617,240,377,38.9,0.96,1407.51,-938.11,-25.71,-15863.11,0.21,77.0,4.5,8.0,ES/RSI(2)+Kelt(2.5)/60min,1.5:1
608,205,403,33.7,1.01,1874.06,-940.86,8.25,5016.95,0.21,76.0,5.3,8.0,ES/RSI(2)+Kelt(2.5)/60min,2:1
1225,493,732,40.2,1.05,1481.58,-950.71,28.17,34503.39,0.42,153.0,4.5,8.0,ES/RSI(3)+Kelt(1.5)/60min,1.5:1
1175,397,778,33.8,1.04,1946.24,-954.47,25.6,30083.39,0.4,147.0,5.4,8.0,ES/RSI(3)+Kelt(1.5)/60min,2:1
918,365,553,39.8,1.02,1465.06,-943.97,13.87,12731.58,0.32,115.0,4.5,8.0,ES/RSI(3)+Kelt(2.0)/60min,1.5:1
894,302,592,33.8,1.06,1950.95,-942.45,34.96,31255.64,0.31,112.0,5.4,8.0,ES/RSI(3)+Kelt(2.0)/60min,2:1
604,232,372,38.4,0.93,1393.85,-935.52,-40.8,-24641.61,0.21,76.0,4.5,8.0,ES/RSI(3)+Kelt(2.5)/60min,1.5:1
595,197,398,33.1,0.98,1852.6,-938.61,-14.46,-8603.96,0.2,75.0,5.3,8.0,ES/RSI(3)+Kelt(2.5)/60min,2:1
1307,511,796,39.1,1.01,1479.6,-944.17,3.46,4516.46,0.45,164.0,4.5,8.0,ES/RSI(3)+Kelt(1.5)/60min,1.5:1
1253,412,841,32.9,0.99,1930.34,-950.78,-3.44,-4309.87,0.43,157.0,5.4,8.0,ES/RSI(3)+Kelt(1.5)/60min,2:1
957,374,583,39.1,0.98,1453.46,-953.38,-12.77,-12222.65,0.33,120.0,4.5,8.0,ES/RSI(3)+Kelt(2.0)/60min,1.5:1
932,309,623,33.2,1.01,1942.41,-949.65,9.2,8573.16,0.32,117.0,5.5,8.0,ES/RSI(3)+Kelt(2.0)/60min,2:1
622,243,379,39.1,0.95,1396.78,-939.89,-27.01,-16799.95,0.21,78.0,4.5,8.0,ES/RSI(3)+Kelt(2.5)/60min,1.5:1
613,207,406,33.8,1.01,1862.03,-941.36,5.3,3248.41,0.21,77.0,5.3,8.0,ES/RSI(3)+Kelt(2.5)/60min,2:1
1370,535,835,39.1,1.02,1498.53,-945.64,8.84,12105.14,0.47,172.0,4.5,8.0,ES/RSI(3)+Kelt(1.5)/60min,1.5:1
1305,428,877,32.8,1.0,1959.88,-952.43,2.72,3546.11,0.45,164.0,5.4,8.0,ES/RSI(3)+Kelt(1.5)/60min,2:1
986,394,592,40.0,1.02,1471.16,-956.04,13.86,13663.33,0.34,124.0,4.5,8.0,ES/RSI(3)+Kelt(2.0)/60min,1.5:1
957,325,632,34.0,1.07,1979.36,-951.81,43.63,41749.23,0.33,120.0,5.5,8.0,ES/RSI(3)+Kelt(2.0)/60min,2:1
631,248,383,39.3,0.97,1403.92,-939.9,-18.71,-11809.03,0.22,79.0,4.5,8.0,ES/RSI(3)+Kelt(2.5)/60min,1.5:1
622,213,409,34.2,1.03,1868.36,-942.56,20.02,12452.73,0.21,78.0,5.3,8.0,ES/RSI(3)+Kelt(2.5)/60min,2:1
1052,431,621,41.0,1.08,1608.91,-1029.24,51.6,54283.66,0.36,132.0,4.6,7.9,"ES/MomThrust(3,1.5)/60min",1.5:1
985,345,640,35.0,1.18,2197.87,-1006.83,115.63,113898.46,0.34,124.0,5.6,7.9,"ES/MomThrust(3,1.5)/60min",2:1
581,225,356,38.7,0.97,1622.92,-1060.02,-21.02,-12210.72,0.2,73.0,4.6,7.9,"ES/MomThrust(3,2.0)/60min",1.5:1
564,187,377,33.2,1.0,2154.02,-1069.0,-0.37,-209.4,0.19,71.0,5.6,7.9,"ES/MomThrust(3,2.0)/60min",2:1
304,125,179,41.1,0.99,1547.6,-1088.09,-4.34,-1318.31,0.1,38.0,4.2,7.9,"ES/MomThrust(3,2.5)/60min",1.5:1
304,106,198,34.9,1.04,2086.24,-1077.3,25.78,7836.6,0.1,38.0,5.0,7.9,"ES/MomThrust(3,2.5)/60min",2:1
160,63,97,39.4,0.84,1556.85,-1202.81,-116.19,-18590.91,0.06,20.0,4.1,7.9,"ES/MomThrust(3,3.0)/60min",1.5:1
160,51,109,31.9,0.88,2189.29,-1158.99,-91.73,-14676.18,0.06,20.0,4.9,7.9,"ES/MomThrust(3,3.0)/60min",2:1
990,398,592,40.2,1.02,1586.58,-1045.83,12.45,12327.7,0.34,125.0,4.5,7.9,"ES/MomThrust(5,1.5)/60min",1.5:1
943,327,616,34.7,1.03,2051.21,-1056.96,20.84,19656.31,0.33,119.0,5.5,7.9,"ES/MomThrust(5,1.5)/60min",2:1
537,223,314,41.5,1.06,1596.82,-1073.78,35.24,18923.64,0.19,68.0,4.5,7.9,"ES/MomThrust(5,2.0)/60min",1.5:1
520,184,336,35.4,1.09,2147.21,-1075.55,64.81,33700.86,0.18,65.0,5.5,7.9,"ES/MomThrust(5,2.0)/60min",2:1
266,112,154,42.1,0.95,1499.23,-1150.51,-34.83,-9265.3,0.09,33.0,4.0,7.9,"ES/MomThrust(5,2.5)/60min",1.5:1
262,94,168,35.9,1.0,2022.58,-1136.18,-2.89,-756.45,0.09,33.0,4.9,7.9,"ES/MomThrust(5,2.5)/60min",2:1
116,44,72,37.9,1.06,1986.89,-1144.37,43.35,5028.28,0.04,15.0,3.9,7.9,"ES/MomThrust(5,3.0)/60min",1.5:1
116,37,79,31.9,1.15,2780.19,-1130.14,117.12,13585.86,0.04,15.0,4.6,7.9,"ES/MomThrust(5,3.0)/60min",2:1
968,396,572,40.9,1.09,1638.07,-1041.96,54.41,52673.45,0.33,122.0,4.6,7.9,"ES/MomThrust(10,1.5)/60min",1.5:1
929,316,613,34.0,1.04,2142.24,-1059.24,29.75,27635.71,0.32,117.0,5.6,7.9,"ES/MomThrust(10,1.5)/60min",2:1
518,202,316,39.0,0.97,1694.18,-1115.11,-19.59,-10148.07,0.18,65.0,4.7,7.9,"ES/MomThrust(10,2.0)/60min",1.5:1
504,168,336,33.3,0.96,2187.96,-1136.24,-28.17,-14198.58,0.17,63.0,5.8,7.9,"ES/MomThrust(10,2.0)/60min",2:1
255,97,158,38.0,1.09,1842.33,-1038.19,57.54,14671.64,0.09,32.0,4.5,7.9,"ES/MomThrust(10,2.5)/60min",1.5:1
253,88,165,34.8,1.21,2394.35,-1059.57,141.79,35873.16,0.09,32.0,5.1,7.9,"ES/MomThrust(10,2.5)/60min",2:1
103,35,68,34.0,0.93,2031.32,-1127.87,-54.36,-5599.34,0.04,13.0,4.5,7.9,"ES/MomThrust(10,3.0)/60min",1.5:1
103,33,70,32.0,1.12,2702.77,-1135.94,93.94,9675.66,0.04,13.0,4.9,7.9,"ES/MomThrust(10,3.0)/60min",2:1
4190,1716,2474,41.0,1.04,1227.47,-816.83,20.41,85502.25,1.44,524.0,5.7,8.0,NQ/Engulf/15min,1.5:1
3791,1299,2492,34.3,1.05,1652.84,-822.61,25.61,97099.61,1.3,474.0,7.0,8.0,NQ/Engulf/15min,2:1
607,226,381,37.2,0.83,1176.51,-837.85,-87.86,-53328.27,0.21,76.0,5.9,7.9,NQ/Engulf+RSI/15min,1.5:1
604,193,411,32.0,0.88,1564.42,-835.13,-68.39,-41304.83,0.21,76.0,7.2,7.9,NQ/Engulf+RSI/15min,2:1
2707,1024,1683,37.8,0.88,1193.69,-823.92,-60.7,-164313.09,0.93,339.0,5.7,8.0,NQ/Hammer/15min,1.5:1
2542,809,1733,31.8,0.9,1604.5,-829.63,-54.96,-139706.06,0.87,318.0,6.9,8.0,NQ/Hammer/15min,2:1
1270,473,797,37.2,0.87,1153.94,-789.27,-65.54,-83234.32,0.44,159.0,5.7,8.0,NQ/Hammer+RSI/15min,1.5:1
1231,383,848,31.1,0.9,1574.66,-787.72,-52.72,-64894.39,0.42,154.0,6.8,8.0,NQ/Hammer+RSI/15min,2:1
3801,1562,2239,41.1,1.02,1208.81,-830.51,7.54,28653.61,1.3,475.0,5.8,8.0,NQ/Inside/15min,1.5:1
3477,1217,2260,35.0,1.04,1617.58,-839.36,20.61,71645.09,1.19,435.0,7.2,8.0,NQ/Inside/15min,2:1
953,398,555,41.8,1.03,1156.56,-803.13,15.3,14577.99,0.33,119.0,5.8,8.0,NQ/Inside+RSI/15min,1.5:1
937,334,603,35.6,1.03,1519.99,-814.96,17.35,16258.01,0.32,117.0,7.1,8.0,NQ/Inside+RSI/15min,2:1
2226,882,1344,39.6,0.94,1674.43,-1164.65,-39.73,-88441.92,0.76,278.0,4.7,8.0,NQ/Engulf/30min,1.5:1
2081,685,1396,32.9,0.96,2248.62,-1154.25,-34.13,-71027.24,0.71,260.0,5.6,8.0,NQ/Engulf/30min,2:1
366,144,222,39.3,0.92,1624.12,-1140.26,-52.63,-19263.6,0.13,46.0,5.2,8.0,NQ/Engulf+RSI/30min,1.5:1
365,120,245,32.9,0.92,2140.13,-1139.68,-61.39,-22407.57,0.13,46.0,6.1,8.0,NQ/Engulf+RSI/30min,2:1
1442,570,872,39.5,0.97,1698.75,-1144.22,-20.44,-29468.38,0.49,180.0,4.7,8.0,NQ/Hammer/30min,1.5:1
1364,451,913,33.1,0.93,2191.07,-1169.69,-58.47,-79750.47,0.47,171.0,5.8,8.0,NQ/Hammer/30min,2:1
641,269,372,42.0,1.08,1669.27,-1115.25,53.29,34161.58,0.22,80.0,4.6,8.0,NQ/Hammer+RSI/30min,1.5:1
629,225,404,35.8,1.12,2238.51,-1117.6,82.92,52154.46,0.22,79.0,5.6,8.0,NQ/Hammer+RSI/30min,2:1
2111,858,1253,40.6,0.99,1671.17,-1159.03,-8.71,-18393.46,0.72,264.0,5.0,8.0,NQ/Inside/30min,1.5:1
1962,677,1285,34.5,1.0,2219.56,-1168.9,0.31,613.73,0.67,246.0,6.0,8.0,NQ/Inside/30min,2:1
548,213,335,38.9,0.9,1568.8,-1114.23,-71.38,-39113.66,0.19,69.0,5.1,8.0,NQ/Inside+RSI/30min,1.5:1
542,183,359,33.8,0.88,1957.88,-1137.54,-92.41,-50086.06,0.19,68.0,6.0,8.0,NQ/Inside+RSI/30min,2:1
1220,494,726,40.5,1.01,2408.61,-1623.89,8.94,10907.11,0.42,153.0,4.2,8.0,NQ/Engulf/60min,1.5:1
1122,397,725,35.4,1.08,3217.48,-1638.18,79.91,89658.8,0.38,140.0,5.2,8.0,NQ/Engulf/60min,2:1
197,76,121,38.6,0.95,2428.6,-1603.02,-47.67,-9391.56,0.07,25.0,4.7,8.0,NQ/Engulf+RSI/60min,1.5:1
195,69,126,35.4,1.11,3237.37,-1595.21,114.78,22381.93,0.07,24.0,5.5,8.0,NQ/Engulf+RSI/60min,2:1
803,330,473,41.1,1.09,2545.32,-1624.49,89.13,71573.16,0.28,101.0,4.2,8.0,NQ/Hammer/60min,1.5:1
760,269,491,35.4,1.14,3392.11,-1636.54,143.34,108938.64,0.26,95.0,5.2,8.0,NQ/Hammer/60min,2:1
306,132,174,43.1,1.13,2489.62,-1673.29,122.47,37477.22,0.11,38.0,4.2,8.0,NQ/Hammer+RSI/60min,1.5:1
301,104,197,34.6,1.07,3360.68,-1660.69,74.27,22355.4,0.1,38.0,5.2,8.0,NQ/Hammer+RSI/60min,2:1
1174,479,695,40.8,1.05,2391.21,-1575.44,42.98,50459.96,0.4,147.0,4.4,8.0,NQ/Inside/60min,1.5:1
1095,399,696,36.4,1.16,3173.52,-1569.67,158.67,173744.79,0.38,137.0,5.3,8.0,NQ/Inside/60min,2:1
278,123,155,44.2,1.17,2300.86,-1559.76,148.36,41243.7,0.1,35.0,4.7,8.0,NQ/Inside+RSI/60min,1.5:1
275,111,164,40.4,1.33,3065.63,-1561.35,306.27,84223.57,0.09,35.0,5.6,8.0,NQ/Inside+RSI/60min,2:1
4793,1930,2863,40.3,1.02,1191.79,-791.39,7.18,34395.95,1.64,600.0,4.5,8.0,NQ/RSI(2)+BB(1.5)/15min,1.5:1
4464,1517,2947,34.0,1.03,1597.63,-798.46,15.8,70535.24,1.53,558.0,5.6,8.0,NQ/RSI(2)+BB(1.5)/15min,2:1
3117,1238,1879,39.7,1.0,1165.73,-769.68,-0.98,-3058.56,1.07,390.0,4.1,8.0,NQ/RSI(2)+BB(2.0)/15min,1.5:1
3007,1018,1989,33.9,1.04,1569.39,-775.5,18.35,55174.94,1.03,376.0,5.1,8.0,NQ/RSI(2)+BB(2.0)/15min,2:1
1628,626,1002,38.5,0.92,1127.65,-769.49,-40.0,-65126.3,0.56,204.0,3.5,8.0,NQ/RSI(2)+BB(2.5)/15min,1.5:1
1600,534,1066,33.4,0.97,1495.78,-772.85,-15.7,-25112.5,0.55,200.0,4.3,8.0,NQ/RSI(2)+BB(2.5)/15min,2:1
4975,1993,2982,40.1,1.0,1186.85,-791.64,0.95,4732.14,1.7,622.0,4.5,8.0,NQ/RSI(2)+BB(1.5)/15min,1.5:1
4608,1563,3045,33.9,1.02,1593.89,-799.22,12.51,57637.49,1.58,576.0,5.6,8.0,NQ/RSI(2)+BB(1.5)/15min,2:1
3176,1254,1922,39.5,0.99,1167.05,-771.22,-5.92,-18800.49,1.09,397.0,4.1,8.0,NQ/RSI(2)+BB(2.0)/15min,1.5:1
3066,1036,2030,33.8,1.03,1574.54,-776.86,17.68,54196.76,1.05,384.0,5.1,8.0,NQ/RSI(2)+BB(2.0)/15min,2:1
1633,624,1009,38.2,0.91,1127.42,-768.94,-44.3,-72344.66,0.56,204.0,3.5,8.0,NQ/RSI(2)+BB(2.5)/15min,1.5:1
1608,536,1072,33.3,0.96,1492.36,-773.55,-18.25,-29343.59,0.55,201.0,4.3,8.0,NQ/RSI(2)+BB(2.5)/15min,2:1
5100,2038,3062,40.0,0.99,1181.67,-794.63,-4.88,-24910.71,1.75,638.0,4.5,8.0,NQ/RSI(2)+BB(1.5)/15min,1.5:1
4716,1596,3120,33.8,1.01,1581.26,-802.61,4.14,19539.61,1.62,590.0,5.7,8.0,NQ/RSI(2)+BB(1.5)/15min,2:1
3220,1266,1954,39.3,0.98,1166.78,-772.16,-9.83,-31663.79,1.1,403.0,4.0,8.0,NQ/RSI(2)+BB(2.0)/15min,1.5:1
3107,1043,2064,33.6,1.03,1576.14,-776.49,13.27,41229.59,1.06,389.0,5.0,8.0,NQ/RSI(2)+BB(2.0)/15min,2:1
1635,625,1010,38.2,0.91,1126.84,-768.76,-44.14,-72174.57,0.56,205.0,3.5,8.0,NQ/RSI(2)+BB(2.5)/15min,1.5:1
1610,537,1073,33.4,0.97,1491.48,-773.38,-17.96,-28918.5,0.55,201.0,4.3,8.0,NQ/RSI(2)+BB(2.5)/15min,2:1
4465,1785,2680,40.0,1.0,1186.43,-790.19,0.02,81.54,1.53,559.0,4.5,8.0,NQ/RSI(3)+BB(1.5)/15min,1.5:1
4211,1433,2778,34.0,1.03,1600.4,-797.81,18.3,77054.4,1.44,527.0,5.6,8.0,NQ/RSI(3)+BB(1.5)/15min,2:1
3012,1186,1826,39.4,0.98,1167.1,-769.72,-7.08,-21336.63,1.03,377.0,4.1,8.0,NQ/RSI(3)+BB(2.0)/15min,1.5:1
2923,981,1942,33.6,1.02,1568.53,-776.16,10.75,31419.91,1.0,366.0,5.0,8.0,NQ/RSI(3)+BB(2.0)/15min,2:1
1589,607,982,38.2,0.9,1126.82,-769.67,-45.21,-71831.9,0.54,199.0,3.5,8.0,NQ/RSI(3)+BB(2.5)/15min,1.5:1
1565,522,1043,33.4,0.97,1495.49,-772.11,-15.76,-24662.21,0.54,196.0,4.3,8.0,NQ/RSI(3)+BB(2.5)/15min,2:1
4877,1954,2923,40.1,1.0,1185.28,-790.67,1.01,4911.34,1.67,610.0,4.5,8.0,NQ/RSI(3)+BB(1.5)/15min,1.5:1
4555,1544,3011,33.9,1.02,1594.68,-798.81,12.51,56969.86,1.56,570.0,5.6,8.0,NQ/RSI(3)+BB(1.5)/15min,2:1
3170,1250,1920,39.4,0.98,1164.92,-771.89,-8.16,-25880.93,1.09,397.0,4.1,8.0,NQ/RSI(3)+BB(2.0)/15min,1.5:1
3062,1026,2036,33.5,1.02,1572.28,-777.75,9.68,29653.01,1.05,383.0,5.1,8.0,NQ/RSI(3)+BB(2.0)/15min,2:1
1626,623,1003,38.3,0.9,1123.46,-771.14,-45.23,-73536.39,0.56,203.0,3.5,8.0,NQ/RSI(3)+BB(2.5)/15min,1.5:1
1600,532,1068,33.2,0.96,1494.76,-773.05,-19.01,-30408.21,0.55,200.0,4.3,8.0,NQ/RSI(3)+BB(2.5)/15min,2:1
5127,2033,3094,39.7,0.98,1185.31,-794.91,-9.7,-49709.38,1.76,641.0,4.5,8.0,NQ/RSI(3)+BB(1.5)/15min,1.5:1
4756,1609,3147,33.8,1.02,1591.46,-801.57,8.02,38128.11,1.63,595.0,5.6,8.0,NQ/RSI(3)+BB(1.5)/15min,2:1
3234,1272,1962,39.3,0.98,1167.81,-774.43,-10.51,-33977.47,1.11,405.0,4.0,8.0,NQ/RSI(3)+BB(2.0)/15min,1.5:1
3124,1052,2072,33.7,1.03,1573.09,-778.87,13.15,41073.89,1.07,391.0,5.1,8.0,NQ/RSI(3)+BB(2.0)/15min,2:1
1634,624,1010,38.2,0.91,1127.42,-768.76,-44.64,-72937.47,0.56,204.0,3.5,8.0,NQ/RSI(3)+BB(2.5)/15min,1.5:1
1609,536,1073,33.3,0.96,1492.36,-773.38,-18.61,-29936.4,0.55,201.0,4.3,8.0,NQ/RSI(3)+BB(2.5)/15min,2:1
3284,1228,2056,37.4,0.92,1190.72,-775.1,-40.01,-131395.69,1.13,411.0,4.4,8.0,NQ/RSI(5)+BB(1.5)/15min,1.5:1
3196,1013,2183,31.7,0.96,1606.37,-778.41,-22.54,-72024.46,1.1,400.0,5.4,8.0,NQ/RSI(5)+BB(1.5)/15min,2:1
2410,913,1497,37.9,0.94,1172.93,-763.51,-29.92,-72096.18,0.83,302.0,4.0,8.0,NQ/RSI(5)+BB(2.0)/15min,1.5:1
2376,767,1609,32.3,0.97,1566.1,-769.22,-15.35,-36476.39,0.81,297.0,4.9,8.0,NQ/RSI(5)+BB(2.0)/15min,2:1
1369,509,860,37.2,0.89,1142.74,-760.7,-52.99,-72548.47,0.47,171.0,3.5,8.0,NQ/RSI(5)+BB(2.5)/15min,1.5:1
1356,437,919,32.2,0.93,1502.81,-767.96,-36.16,-49028.67,0.46,170.0,4.3,8.0,NQ/RSI(5)+BB(2.5)/15min,2:1
4280,1676,2604,39.2,0.97,1181.08,-783.68,-14.3,-61209.79,1.47,535.0,4.4,8.0,NQ/RSI(5)+BB(1.5)/15min,1.5:1
4083,1362,2721,33.4,1.01,1588.97,-789.59,3.85,15707.84,1.4,511.0,5.5,8.0,NQ/RSI(5)+BB(1.5)/15min,2:1
2939,1156,1783,39.3,0.99,1173.28,-767.55,-4.16,-12237.79,1.01,368.0,4.0,8.0,NQ/RSI(5)+BB(2.0)/15min,1.5:1
2859,958,1901,33.5,1.01,1561.51,-777.58,6.21,17750.39,0.98,358.0,4.9,8.0,NQ/RSI(5)+BB(2.0)/15min,2:1
1567,603,964,38.5,0.92,1127.73,-767.96,-38.48,-60293.91,0.54,196.0,3.5,8.0,NQ/RSI(5)+BB(2.5)/15min,1.5:1
1542,518,1024,33.6,0.98,1491.24,-771.37,-11.3,-17417.49,0.53,193.0,4.3,8.0,NQ/RSI(5)+BB(2.5)/15min,2:1
4926,1944,2982,39.5,0.98,1188.63,-792.2,-10.48,-51642.46,1.69,616.0,4.5,8.0,NQ/RSI(5)+BB(1.5)/15min,1.5:1
4616,1550,3066,33.6,1.01,1601.87,-799.13,7.1,32785.69,1.58,577.0,5.7,8.0,NQ/RSI(5)+BB(1.5)/15min,2:1
3179,1247,1932,39.2,0.98,1167.53,-772.77,-11.67,-37083.22,1.09,398.0,4.0,8.0,NQ/RSI(5)+BB(2.0)/15min,1.5:1
3072,1034,2038,33.7,1.02,1572.19,-778.34,12.82,39377.73,1.05,384.0,5.1,8.0,NQ/RSI(5)+BB(2.0)/15min,2:1
1623,620,1003,38.2,0.9,1125.59,-770.0,-45.87,-74443.48,0.56,203.0,3.5,8.0,NQ/RSI(5)+BB(2.5)/15min,1.5:1
1598,532,1066,33.3,0.96,1493.78,-772.62,-18.1,-28921.16,0.55,200.0,4.3,8.0,NQ/RSI(5)+BB(2.5)/15min,2:1
4251,1642,2609,38.6,0.95,1228.42,-815.14,-25.79,-109627.28,1.46,532.0,4.9,8.0,NQ/RSI(2)+Kelt(1.5)/15min,1.5:1
4043,1343,2700,33.2,1.01,1657.23,-816.16,5.45,22039.7,1.39,506.0,6.0,8.0,NQ/RSI(2)+Kelt(1.5)/15min,2:1
3067,1132,1935,36.9,0.89,1236.72,-812.16,-55.94,-171563.74,1.05,384.0,4.8,8.0,NQ/RSI(2)+Kelt(2.0)/15min,1.5:1
2970,936,2034,31.5,0.94,1656.41,-810.67,-33.17,-98503.79,1.02,372.0,5.8,8.0,NQ/RSI(2)+Kelt(2.0)/15min,2:1
2031,766,1265,37.7,0.93,1244.73,-807.33,-33.39,-67815.99,0.7,254.0,4.8,8.0,NQ/RSI(2)+Kelt(2.5)/15min,1.5:1
1989,629,1360,31.6,0.95,1662.48,-805.84,-25.26,-50242.61,0.68,249.0,5.8,8.0,NQ/RSI(2)+Kelt(2.5)/15min,2:1
4413,1714,2699,38.8,0.95,1223.32,-816.83,-24.44,-107853.91,1.51,552.0,4.9,8.0,NQ/RSI(2)+Kelt(1.5)/15min,1.5:1
4175,1393,2782,33.4,1.01,1653.16,-820.36,4.94,20614.64,1.43,522.0,6.0,8.0,NQ/RSI(2)+Kelt(1.5)/15min,2:1
3152,1177,1975,37.3,0.9,1231.14,-812.23,-49.21,-155112.24,1.08,394.0,4.8,8.0,NQ/RSI(2)+Kelt(2.0)/15min,1.5:1
3039,964,2075,31.7,0.95,1656.06,-811.47,-28.74,-87354.76,1.04,380.0,5.8,8.0,NQ/RSI(2)+Kelt(2.0)/15min,2:1
2069,780,1289,37.7,0.93,1240.39,-810.2,-37.14,-76846.33,0.71,259.0,4.9,8.0,NQ/RSI(2)+Kelt(2.5)/15min,1.5:1
2025,643,1382,31.8,0.96,1663.15,-809.44,-24.32,-49241.43,0.69,253.0,5.9,8.0,NQ/RSI(2)+Kelt(2.5)/15min,2:1
4530,1754,2776,38.7,0.95,1224.15,-818.29,-27.47,-124420.86,1.55,567.0,4.9,8.0,NQ/RSI(2)+Kelt(1.5)/15min,1.5:1
4279,1431,2848,33.4,1.0,1642.12,-821.36,2.49,10643.39,1.47,535.0,6.0,8.0,NQ/RSI(2)+Kelt(1.5)/15min,2:1
3231,1210,2021,37.4,0.91,1230.96,-813.86,-48.08,-155359.74,1.11,404.0,4.8,8.0,NQ/RSI(2)+Kelt(2.0)/15min,1.5:1
3114,997,2117,32.0,0.96,1655.99,-812.88,-22.43,-69843.69,1.07,390.0,5.8,8.0,NQ/RSI(2)+Kelt(2.0)/15min,2:1
2107,802,1305,38.1,0.94,1247.58,-813.72,-29.11,-61344.7,0.72,264.0,4.8,8.0,NQ/RSI(2)+Kelt(2.5)/15min,1.5:1
2057,659,1398,32.0,0.97,1665.85,-810.95,-17.46,-35912.2,0.71,257.0,5.9,8.0,NQ/RSI(2)+Kelt(2.5)/15min,2:1
4089,1582,2507,38.7,0.96,1226.61,-805.27,-19.16,-78327.08,1.4,512.0,4.8,8.0,NQ/RSI(3)+Kelt(1.5)/15min,1.5:1
3927,1303,2624,33.2,1.02,1658.91,-808.45,10.23,40182.23,1.35,491.0,5.8,8.0,NQ/RSI(3)+Kelt(1.5)/15min,2:1
3026,1122,1904,37.1,0.9,1228.31,-803.29,-50.0,-151310.49,1.04,379.0,4.8,8.0,NQ/RSI(3)+Kelt(2.0)/15min,1.5:1
2945,928,2017,31.5,0.95,1657.33,-803.01,-27.73,-81673.07,1.01,369.0,5.8,8.0,NQ/RSI(3)+Kelt(2.0)/15min,2:1
2034,762,1272,37.5,0.92,1235.59,-803.63,-39.67,-80690.51,0.7,255.0,4.8,8.0,NQ/RSI(3)+Kelt(2.5)/15min,1.5:1
1999,630,1369,31.5,0.94,1648.26,-803.33,-30.7,-61360.76,0.69,250.0,5.8,8.0,NQ/RSI(3)+Kelt(2.5)/15min,2:1
4364,1692,2672,38.8,0.95,1220.54,-815.51,-26.1,-113900.65,1.5,546.0,4.9,8.0,NQ/RSI(3)+Kelt(1.5)/15min,1.5:1
4163,1390,2773,33.4,1.01,1645.64,-818.8,4.06,16898.77,1.43,521.0,6.0,8.0,NQ/RSI(3)+Kelt(1.5)/15min,2:1
3184,1192,1992,37.4,0.9,1221.54,-813.54,-51.66,-164496.22,1.09,398.0,4.8,8.0,NQ/RSI(3)+Kelt(2.0)/15min,1.5:1
3083,987,2096,32.0,0.95,1644.58,-812.2,-25.68,-79171.09,1.06,386.0,5.8,8.0,NQ/RSI(3)+Kelt(2.0)/15min,2:1
2103,797,1306,37.9,0.93,1237.69,-811.54,-34.92,-73437.55,0.72,263.0,4.8,8.0,NQ/RSI(3)+Kelt(2.5)/15min,1.5:1
2061,658,1403,31.9,0.96,1654.09,-810.45,-23.61,-48666.67,0.71,258.0,5.9,8.0,NQ/RSI(3)+Kelt(2.5)/15min,2:1
4552,1752,2800,38.5,0.93,1220.9,-817.14,-32.73,-148975.45,1.56,570.0,4.9,8.0,NQ/RSI(3)+Kelt(1.5)/15min,1.5:1
4319,1435,2884,33.2,1.0,1642.48,-819.92,-1.78,-7688.11,1.48,540.0,6.0,8.0,NQ/RSI(3)+Kelt(1.5)/15min,2:1
3287,1225,2062,37.3,0.9,1227.97,-812.29,-51.93,-170689.66,1.13,411.0,4.8,8.0,NQ/RSI(3)+Kelt(2.0)/15min,1.5:1
3168,1012,2156,31.9,0.95,1650.53,-811.48,-25.0,-79206.01,1.09,396.0,5.8,8.0,NQ/RSI(3)+Kelt(2.0)/15min,2:1
2141,810,1331,37.8,0.94,1257.68,-810.4,-27.99,-59919.14,0.73,268.0,4.8,8.0,NQ/RSI(3)+Kelt(2.5)/15min,1.5:1
2092,669,1423,32.0,0.98,1678.33,-808.53,-13.26,-27740.7,0.72,262.0,5.9,8.0,NQ/RSI(3)+Kelt(2.5)/15min,2:1
3460,1340,2120,38.7,0.93,1269.4,-863.98,-37.75,-130630.11,1.19,433.0,4.6,8.0,"NQ/MomThrust(3,1.5)/15min",1.5:1
3268,1076,2192,32.9,0.97,1702.71,-861.47,-17.2,-56218.87,1.12,409.0,5.7,8.0,"NQ/MomThrust(3,1.5)/15min",2:1
2164,844,1320,39.0,0.94,1281.64,-872.26,-32.2,-69679.58,0.74,271.0,4.4,8.0,"NQ/MomThrust(3,2.0)/15min",1.5:1
2101,693,1408,33.0,0.98,1721.94,-867.39,-13.32,-27977.46,0.72,263.0,5.6,8.0,"NQ/MomThrust(3,2.0)/15min",2:1
1340,491,849,36.6,0.87,1311.59,-871.65,-71.67,-96040.79,0.46,168.0,4.2,8.0,"NQ/MomThrust(3,2.5)/15min",1.5:1
1323,412,911,31.1,0.9,1738.77,-869.84,-57.48,-76050.09,0.45,166.0,5.3,8.0,"NQ/MomThrust(3,2.5)/15min",2:1
839,307,532,36.6,0.86,1323.38,-888.62,-79.22,-66467.97,0.29,105.0,4.1,8.0,"NQ/MomThrust(3,3.0)/15min",1.5:1
834,261,573,31.3,0.9,1760.16,-890.02,-60.64,-50577.47,0.29,104.0,5.0,8.0,"NQ/MomThrust(3,3.0)/15min",2:1
3454,1347,2107,39.0,0.98,1325.43,-862.14,-9.02,-31160.9,1.18,432.0,5.1,8.0,"NQ/MomThrust(5,1.5)/15min",1.5:1
3261,1086,2175,33.3,1.02,1772.46,-864.05,13.98,45590.83,1.12,408.0,6.3,8.0,"NQ/MomThrust(5,1.5)/15min",2:1
2119,787,1332,37.1,0.86,1301.74,-892.04,-77.27,-163731.86,0.73,265.0,5.0,8.0,"NQ/MomThrust(5,2.0)/15min",1.5:1
2060,664,1396,32.2,0.94,1749.08,-886.07,-36.68,-75562.79,0.71,258.0,6.1,8.0,"NQ/MomThrust(5,2.0)/15min",2:1
1285,478,807,37.2,0.85,1323.25,-921.85,-86.71,-111420.64,0.44,161.0,5.0,8.0,"NQ/MomThrust(5,2.5)/15min",1.5:1
1254,405,849,32.3,0.91,1764.87,-920.48,-53.2,-66713.4,0.43,157.0,6.2,8.0,"NQ/MomThrust(5,2.5)/15min",2:1
709,244,465,34.4,0.8,1387.6,-906.05,-116.7,-82739.26,0.24,89.0,4.8,8.0,"NQ/MomThrust(5,3.0)/15min",1.5:1
701,208,493,29.7,0.85,1836.57,-911.33,-95.98,-67279.96,0.24,88.0,5.9,8.0,"NQ/MomThrust(5,3.0)/15min",2:1
3345,1262,2083,37.7,0.93,1370.85,-890.36,-37.25,-124609.86,1.15,419.0,5.5,8.0,"NQ/MomThrust(10,1.5)/15min",1.5:1
3175,1027,2148,32.3,0.98,1831.3,-889.51,-9.43,-29929.64,1.09,398.0,6.7,8.0,"NQ/MomThrust(10,1.5)/15min",2:1
1980,727,1253,36.7,0.88,1366.97,-904.87,-70.71,-140014.61,0.68,248.0,5.6,8.0,"NQ/MomThrust(10,2.0)/15min",1.5:1
1921,593,1328,30.9,0.89,1820.52,-909.25,-66.59,-127913.74,0.66,241.0,6.9,8.0,"NQ/MomThrust(10,2.0)/15min",2:1
1127,406,721,36.0,0.84,1377.46,-924.94,-95.51,-107637.06,0.39,141.0,5.6,8.0,"NQ/MomThrust(10,2.5)/15min",1.5:1
1106,344,762,31.1,0.91,1859.16,-920.06,-55.64,-61535.1,0.38,138.0,6.8,8.0,"NQ/MomThrust(10,2.5)/15min",2:1
552,189,363,34.2,0.83,1430.94,-899.45,-101.54,-56051.88,0.19,69.0,5.3,8.0,"NQ/MomThrust(10,3.0)/15min",1.5:1
545,161,384,29.5,0.91,1937.7,-891.56,-55.76,-30388.79,0.19,68.0,6.4,8.0,"NQ/MomThrust(10,3.0)/15min",2:1
2329,917,1412,39.4,1.0,1794.91,-1168.17,-1.51,-3522.15,0.8,291.0,4.6,8.0,NQ/RSI(2)+BB(1.5)/30min,1.5:1
2205,747,1458,33.9,1.06,2411.76,-1168.91,44.13,97309.86,0.76,276.0,5.6,8.0,NQ/RSI(2)+BB(1.5)/30min,2:1
1369,515,854,37.6,0.95,1826.13,-1157.29,-34.96,-47866.86,0.47,171.0,4.5,8.0,NQ/RSI(2)+BB(2.0)/30min,1.5:1
1333,431,902,32.3,1.01,2451.29,-1157.54,9.3,12401.41,0.46,167.0,5.5,8.0,NQ/RSI(2)+BB(2.0)/30min,2:1
644,245,399,38.0,0.92,1785.87,-1198.31,-63.03,-40589.9,0.22,81.0,4.4,8.0,NQ/RSI(2)+BB(2.5)/30min,1.5:1
637,204,433,32.0,0.92,2351.83,-1198.9,-61.77,-39350.56,0.22,80.0,5.5,8.0,NQ/RSI(2)+BB(2.5)/30min,2:1
2397,936,1461,39.0,0.98,1786.56,-1168.2,-14.4,-34516.56,0.82,300.0,4.6,8.0,NQ/RSI(2)+BB(1.5)/30min,1.5:1
2268,756,1512,33.3,1.03,2410.0,-1165.0,26.67,60485.77,0.78,284.0,5.6,8.0,NQ/RSI(2)+BB(1.5)/30min,2:1
1391,519,872,37.3,0.93,1815.93,-1162.07,-50.94,-70853.6,0.48,174.0,4.6,8.0,NQ/RSI(2)+BB(2.0)/30min,1.5:1
1354,432,922,31.9,0.99,2445.67,-1160.24,-9.75,-13207.69,0.46,170.0,5.5,8.0,NQ/RSI(2)+BB(2.0)/30min,2:1
645,244,401,37.8,0.9,1779.78,-1198.89,-72.08,-46491.11,0.22,81.0,4.4,8.0,NQ/RSI(2)+BB(2.5)/30min,1.5:1
637,202,435,31.7,0.91,2346.52,-1199.43,-74.97,-47755.91,0.22,80.0,5.4,8.0,NQ/RSI(2)+BB(2.5)/30min,2:1
2449,966,1483,39.4,1.0,1792.24,-1167.28,0.09,224.06,0.84,306.0,4.6,8.0,NQ/RSI(2)+BB(1.5)/30min,1.5:1
2308,777,1531,33.7,1.05,2415.22,-1163.75,41.13,94925.34,0.79,289.0,5.6,8.0,NQ/RSI(2)+BB(1.5)/30min,2:1
1401,524,877,37.4,0.93,1807.83,-1161.54,-50.94,-71369.6,0.48,175.0,4.6,8.0,NQ/RSI(2)+BB(2.0)/30min,1.5:1
1361,433,928,31.8,0.98,2443.82,-1158.35,-12.32,-16771.31,0.47,170.0,5.5,8.0,NQ/RSI(2)+BB(2.0)/30min,2:1
645,244,401,37.8,0.9,1779.78,-1198.89,-72.08,-46491.11,0.22,81.0,4.4,8.0,NQ/RSI(2)+BB(2.5)/30min,1.5:1
637,202,435,31.7,0.91,2346.52,-1199.43,-74.97,-47755.91,0.22,80.0,5.4,8.0,NQ/RSI(2)+BB(2.5)/30min,2:1
2191,838,1353,38.2,0.96,1789.66,-1159.37,-31.44,-68889.31,0.75,274.0,4.6,8.0,NQ/RSI(3)+BB(1.5)/30min,1.5:1
2094,681,1413,32.5,1.0,2406.19,-1161.76,-1.41,-2951.33,0.72,262.0,5.5,8.0,NQ/RSI(3)+BB(1.5)/30min,2:1
1334,492,842,36.9,0.92,1815.93,-1157.39,-60.79,-81088.01,0.46,167.0,4.5,8.0,NQ/RSI(3)+BB(2.0)/30min,1.5:1
1303,415,888,31.8,1.0,2463.84,-1153.33,-1.27,-1660.23,0.45,163.0,5.5,8.0,NQ/RSI(3)+BB(2.0)/30min,2:1
636,238,398,37.4,0.88,1758.83,-1199.4,-92.39,-58761.67,0.22,80.0,4.4,8.0,NQ/RSI(3)+BB(2.5)/30min,1.5:1
631,203,428,32.2,0.94,2353.3,-1193.46,-52.43,-33081.89,0.22,79.0,5.4,8.0,NQ/RSI(3)+BB(2.5)/30min,2:1
2376,936,1440,39.4,1.0,1781.47,-1162.69,-2.87,-6821.21,0.81,297.0,4.7,8.0,NQ/RSI(3)+BB(1.5)/30min,1.5:1
2255,753,1502,33.4,1.03,2401.02,-1163.7,26.65,60087.71,0.77,282.0,5.6,8.0,NQ/RSI(3)+BB(1.5)/30min,2:1
1396,523,873,37.5,0.94,1812.38,-1159.77,-46.28,-64604.1,0.48,175.0,4.6,8.0,NQ/RSI(3)+BB(2.0)/30min,1.5:1
1359,435,924,32.0,1.0,2446.16,-1157.19,-3.8,-5163.19,0.47,170.0,5.6,8.0,NQ/RSI(3)+BB(2.0)/30min,2:1
645,246,399,38.1,0.92,1782.91,-1198.31,-61.29,-39530.75,0.22,81.0,4.4,8.0,NQ/RSI(3)+BB(2.5)/30min,1.5:1
637,204,433,32.0,0.92,2351.83,-1198.9,-61.77,-39350.56,0.22,80.0,5.5,8.0,NQ/RSI(3)+BB(2.5)/30min,2:1
2478,978,1500,39.5,0.99,1771.86,-1167.92,-7.67,-19007.73,0.85,310.0,4.6,8.0,NQ/RSI(3)+BB(1.5)/30min,1.5:1
2337,786,1551,33.6,1.04,2394.72,-1163.15,33.47,78214.44,0.8,292.0,5.6,8.0,NQ/RSI(3)+BB(1.5)/30min,2:1
1407,528,879,37.5,0.93,1799.45,-1161.39,-50.28,-70748.45,0.48,176.0,4.6,8.0,NQ/RSI(3)+BB(2.0)/30min,1.5:1
1367,435,932,31.8,0.98,2436.58,-1156.81,-13.34,-18230.34,0.47,171.0,5.5,8.0,NQ/RSI(3)+BB(2.0)/30min,2:1
645,244,401,37.8,0.9,1779.78,-1198.89,-72.08,-46491.11,0.22,81.0,4.4,8.0,NQ/RSI(3)+BB(2.5)/30min,1.5:1
637,202,435,31.7,0.91,2346.52,-1199.43,-74.97,-47755.91,0.22,80.0,5.4,8.0,NQ/RSI(3)+BB(2.5)/30min,2:1
1645,622,1023,37.8,0.92,1750.22,-1151.69,-54.43,-89544.32,0.56,206.0,4.6,8.0,NQ/RSI(5)+BB(1.5)/30min,1.5:1
1605,516,1089,32.1,0.99,2387.47,-1137.99,-4.57,-7334.07,0.55,201.0,5.4,8.0,NQ/RSI(5)+BB(1.5)/30min,2:1
1104,401,703,36.3,0.87,1749.36,-1146.54,-94.68,-104522.15,0.38,138.0,4.5,8.0,NQ/RSI(5)+BB(2.0)/30min,1.5:1
1087,348,739,32.0,0.98,2373.29,-1135.39,-12.09,-13145.91,0.37,136.0,5.4,8.0,NQ/RSI(5)+BB(2.0)/30min,2:1
558,201,357,36.0,0.8,1674.25,-1172.15,-146.83,-81933.76,0.19,70.0,4.5,8.0,NQ/RSI(5)+BB(2.5)/30min,1.5:1
557,176,381,31.6,0.89,2239.54,-1164.71,-89.04,-49593.27,0.19,70.0,5.4,8.0,NQ/RSI(5)+BB(2.5)/30min,2:1
2099,808,1291,38.5,0.95,1760.23,-1157.33,-34.23,-71843.08,0.72,263.0,4.6,8.0,NQ/RSI(5)+BB(1.5)/30min,1.5:1
2013,654,1359,32.5,0.99,2375.21,-1157.91,-10.04,-20207.66,0.69,252.0,5.5,8.0,NQ/RSI(5)+BB(1.5)/30min,2:1
1318,490,828,37.2,0.91,1781.87,-1157.6,-64.78,-85379.76,0.45,165.0,4.5,8.0,NQ/RSI(5)+BB(2.0)/30min,1.5:1
1283,406,877,31.6,0.97,2422.83,-1152.18,-20.88,-26791.8,0.44,161.0,5.5,8.0,NQ/RSI(5)+BB(2.0)/30min,2:1
630,238,392,37.8,0.9,1767.51,-1194.99,-75.82,-47767.29,0.22,79.0,4.4,8.0,NQ/RSI(5)+BB(2.5)/30min,1.5:1
623,199,424,31.9,0.92,2334.5,-1194.31,-67.13,-41824.37,0.21,78.0,5.5,8.0,NQ/RSI(5)+BB(2.5)/30min,2:1
2406,957,1449,39.8,1.01,1777.26,-1163.59,6.15,14802.94,0.82,301.0,4.6,8.0,NQ/RSI(5)+BB(1.5)/30min,1.5:1
2283,770,1513,33.7,1.05,2398.77,-1165.12,36.89,84222.49,0.78,286.0,5.6,8.0,NQ/RSI(5)+BB(1.5)/30min,2:1
1394,524,870,37.6,0.93,1795.74,-1160.2,-49.07,-68408.65,0.48,175.0,4.5,8.0,NQ/RSI(5)+BB(2.0)/30min,1.5:1
1356,432,924,31.9,0.99,2438.31,-1154.76,-10.06,-13646.17,0.47,170.0,5.5,8.0,NQ/RSI(5)+BB(2.0)/30min,2:1
643,245,398,38.1,0.91,1779.21,-1198.87,-64.15,-41245.48,0.22,81.0,4.4,8.0,NQ/RSI(5)+BB(2.5)/30min,1.5:1
635,204,431,32.1,0.93,2351.83,-1198.03,-57.6,-36577.79,0.22,80.0,5.5,8.0,NQ/RSI(5)+BB(2.5)/30min,2:1
2269,900,1369,39.7,1.01,1781.69,-1164.4,4.17,9457.42,0.78,284.0,4.6,8.0,NQ/RSI(2)+Kelt(1.5)/30min,1.5:1
2157,738,1419,34.2,1.06,2372.56,-1168.14,43.28,93356.01,0.74,270.0,5.6,8.0,NQ/RSI(2)+Kelt(1.5)/30min,2:1
1630,629,1001,38.6,0.97,1792.51,-1162.46,-22.17,-36135.68,0.56,204.0,4.5,8.0,NQ/RSI(2)+Kelt(2.0)/30min,1.5:1
1573,517,1056,32.9,1.02,2431.88,-1163.08,18.48,29066.7,0.54,197.0,5.5,8.0,NQ/RSI(2)+Kelt(2.0)/30min,2:1
1087,396,691,36.4,0.87,1759.04,-1154.48,-93.07,-101166.27,0.37,136.0,4.8,8.0,NQ/RSI(2)+Kelt(2.5)/30min,1.5:1
1073,333,740,31.0,0.92,2349.19,-1153.12,-66.19,-71025.09,0.37,135.0,5.7,8.0,NQ/RSI(2)+Kelt(2.5)/30min,2:1
2347,924,1423,39.4,0.99,1772.52,-1167.6,-10.09,-23675.84,0.8,294.0,4.6,8.0,NQ/RSI(2)+Kelt(1.5)/30min,1.5:1
2220,744,1476,33.5,1.02,2368.67,-1166.8,18.06,40093.0,0.76,278.0,5.6,8.0,NQ/RSI(2)+Kelt(1.5)/30min,2:1
1672,639,1033,38.2,0.94,1773.87,-1164.67,-41.62,-69596.56,0.57,209.0,4.5,8.0,NQ/RSI(2)+Kelt(2.0)/30min,1.5:1
1609,522,1087,32.4,0.99,2402.05,-1165.64,-8.2,-13186.4,0.55,201.0,5.6,8.0,NQ/RSI(2)+Kelt(2.0)/30min,2:1
1103,400,703,36.3,0.85,1740.0,-1159.26,-107.85,-118962.19,0.38,138.0,4.8,8.0,NQ/RSI(2)+Kelt(2.5)/30min,1.5:1
1089,340,749,31.2,0.91,2316.24,-1158.65,-73.75,-80309.04,0.37,137.0,5.8,8.0,NQ/RSI(2)+Kelt(2.5)/30min,2:1
2415,957,1458,39.6,1.01,1788.46,-1167.14,4.09,9871.18,0.83,302.0,4.6,8.0,NQ/RSI(2)+Kelt(1.5)/30min,1.5:1
2281,771,1510,33.8,1.05,2402.14,-1165.96,40.09,91456.69,0.78,285.0,5.6,8.0,NQ/RSI(2)+Kelt(1.5)/30min,2:1
1703,655,1048,38.5,0.96,1777.22,-1159.17,-29.79,-50731.84,0.58,213.0,4.5,8.0,NQ/RSI(2)+Kelt(2.0)/30min,1.5:1
1640,535,1105,32.6,1.0,2408.76,-1162.03,2.83,4642.79,0.56,205.0,5.6,8.0,NQ/RSI(2)+Kelt(2.0)/30min,2:1
1118,405,713,36.2,0.86,1748.11,-1153.4,-102.31,-114387.09,0.38,140.0,4.8,8.0,NQ/RSI(2)+Kelt(2.5)/30min,1.5:1
1101,341,760,31.0,0.91,2329.67,-1154.03,-75.07,-82647.46,0.38,138.0,5.8,8.0,NQ/RSI(2)+Kelt(2.5)/30min,2:1
2154,834,1320,38.7,0.97,1775.16,-1160.5,-23.85,-51375.54,0.74,270.0,4.6,8.0,NQ/RSI(3)+Kelt(1.5)/30min,1.5:1
2065,684,1381,33.1,1.02,2389.02,-1158.67,16.45,33963.14,0.71,258.0,5.6,8.0,NQ/RSI(3)+Kelt(1.5)/30min,2:1
1604,614,990,38.3,0.96,1795.22,-1162.98,-30.6,-49086.79,0.55,201.0,4.5,8.0,NQ/RSI(3)+Kelt(2.0)/30min,1.5:1
1552,506,1046,32.6,1.01,2438.62,-1162.34,11.69,18139.73,0.53,194.0,5.5,8.0,NQ/RSI(3)+Kelt(2.0)/30min,2:1
1083,399,684,36.8,0.89,1762.41,-1153.15,-79.0,-85553.23,0.37,136.0,4.8,8.0,NQ/RSI(3)+Kelt(2.5)/30min,1.5:1
1068,337,731,31.6,0.94,2349.86,-1154.11,-48.45,-51747.44,0.37,134.0,5.7,8.0,NQ/RSI(3)+Kelt(2.5)/30min,2:1
2318,905,1413,39.0,0.97,1764.66,-1163.51,-20.28,-47019.41,0.79,290.0,4.6,8.0,NQ/RSI(3)+Kelt(1.5)/30min,1.5:1
2215,741,1474,33.5,1.03,2371.34,-1162.48,19.72,43668.86,0.76,277.0,5.6,8.0,NQ/RSI(3)+Kelt(1.5)/30min,2:1
1680,636,1044,37.9,0.93,1784.84,-1164.97,-48.25,-81065.5,0.58,210.0,4.5,8.0,NQ/RSI(3)+Kelt(2.0)/30min,1.5:1
1623,523,1100,32.2,0.99,2428.15,-1164.53,-6.82,-11067.59,0.56,203.0,5.5,8.0,NQ/RSI(3)+Kelt(2.0)/30min,2:1
1116,403,713,36.1,0.86,1758.29,-1157.38,-104.5,-116623.42,0.38,140.0,4.8,8.0,NQ/RSI(3)+Kelt(2.5)/30min,1.5:1
1102,341,761,30.9,0.91,2345.27,-1157.28,-73.46,-80956.34,0.38,138.0,5.7,8.0,NQ/RSI(3)+Kelt(2.5)/30min,2:1
2414,952,1462,39.4,0.98,1767.21,-1168.81,-10.94,-26415.29,0.83,302.0,4.6,8.0,NQ/RSI(3)+Kelt(1.5)/30min,1.5:1
2290,768,1522,33.5,1.03,2377.93,-1168.63,20.79,47603.14,0.79,287.0,5.6,8.0,NQ/RSI(3)+Kelt(1.5)/30min,2:1
1723,665,1058,38.6,0.96,1779.12,-1162.68,-27.28,-46997.05,0.59,216.0,4.5,8.0,NQ/RSI(3)+Kelt(2.0)/30min,1.5:1
1664,543,1121,32.6,1.01,2417.89,-1164.67,4.4,7316.31,0.57,208.0,5.6,8.0,NQ/RSI(3)+Kelt(2.0)/30min,2:1
1133,411,722,36.3,0.86,1752.21,-1154.21,-99.89,-113176.62,0.39,142.0,4.8,8.0,NQ/RSI(3)+Kelt(2.5)/30min,1.5:1
1117,347,770,31.1,0.91,2341.04,-1153.19,-67.7,-75617.49,0.38,140.0,5.8,8.0,NQ/RSI(3)+Kelt(2.5)/30min,2:1
1800,712,1088,39.6,0.98,1885.03,-1258.86,-15.28,-27497.5,0.62,226.0,4.8,8.0,"NQ/MomThrust(3,1.5)/30min",1.5:1
1710,579,1131,33.9,1.03,2531.94,-1256.68,26.13,44680.79,0.59,215.0,5.9,8.0,"NQ/MomThrust(3,1.5)/30min",2:1
1096,400,696,36.5,0.82,1895.1,-1327.03,-151.07,-165574.46,0.38,138.0,5.0,8.0,"NQ/MomThrust(3,2.0)/30min",1.5:1
1070,338,732,31.6,0.88,2528.42,-1329.11,-110.57,-118304.86,0.37,135.0,6.0,8.0,"NQ/MomThrust(3,2.0)/30min",2:1
648,233,415,36.0,0.82,1974.8,-1348.0,-153.23,-99290.44,0.22,81.0,5.1,8.0,"NQ/MomThrust(3,2.5)/30min",1.5:1
643,204,439,31.7,0.9,2611.89,-1352.53,-94.76,-60933.87,0.22,81.0,6.0,8.0,"NQ/MomThrust(3,2.5)/30min",2:1
356,126,230,35.4,0.82,2027.95,-1358.54,-159.95,-56941.53,0.12,45.0,5.0,8.0,"NQ/MomThrust(3,3.0)/30min",1.5:1
353,112,241,31.7,0.92,2710.68,-1363.87,-71.1,-25096.66,0.12,44.0,6.0,8.0,"NQ/MomThrust(3,3.0)/30min",2:1
1725,657,1068,38.1,0.94,1932.53,-1261.93,-45.26,-78065.36,0.59,216.0,5.0,8.0,"NQ/MomThrust(5,1.5)/30min",1.5:1
1656,547,1109,33.0,1.0,2547.9,-1262.24,-3.7,-6125.81,0.57,208.0,6.0,8.0,"NQ/MomThrust(5,1.5)/30min",2:1
1004,366,638,36.5,0.89,1963.82,-1272.32,-92.61,-92983.4,0.35,126.0,5.2,8.0,"NQ/MomThrust(5,2.0)/30min",1.5:1
976,307,669,31.5,0.94,2611.09,-1270.83,-49.77,-48580.31,0.34,123.0,6.2,8.0,"NQ/MomThrust(5,2.0)/30min",2:1
536,198,338,36.9,0.85,1927.22,-1326.63,-124.65,-66812.74,0.18,67.0,5.1,8.0,"NQ/MomThrust(5,2.5)/30min",1.5:1
528,170,358,32.2,0.91,2536.9,-1328.77,-84.14,-44426.3,0.18,66.0,6.2,8.0,"NQ/MomThrust(5,2.5)/30min",2:1
262,98,164,37.4,0.77,1842.13,-1421.35,-200.66,-52572.34,0.09,33.0,4.9,8.0,"NQ/MomThrust(5,3.0)/30min",1.5:1
261,84,177,32.2,0.82,2424.42,-1410.13,-176.02,-45941.67,0.09,33.0,6.1,8.0,"NQ/MomThrust(5,3.0)/30min",2:1
1648,629,1019,38.2,0.93,1882.5,-1253.75,-56.72,-93482.23,0.57,207.0,4.8,8.0,"NQ/MomThrust(10,1.5)/30min",1.5:1
1570,517,1053,32.9,0.99,2531.51,-1258.78,-10.64,-16705.93,0.54,197.0,5.8,8.0,"NQ/MomThrust(10,1.5)/30min",2:1
921,347,574,37.7,0.9,1950.77,-1314.29,-84.13,-77486.78,0.32,116.0,5.0,8.0,"NQ/MomThrust(10,2.0)/30min",1.5:1
890,287,603,32.2,0.95,2616.71,-1306.48,-41.36,-36811.14,0.31,112.0,6.0,8.0,"NQ/MomThrust(10,2.0)/30min",2:1
433,173,260,40.0,0.95,1930.39,-1356.62,-43.34,-18765.37,0.15,55.0,5.1,7.9,"NQ/MomThrust(10,2.5)/30min",1.5:1
424,141,283,33.3,0.96,2595.11,-1342.29,-32.92,-13956.11,0.15,53.0,6.2,7.9,"NQ/MomThrust(10,2.5)/30min",2:1
171,62,109,36.3,0.88,2025.6,-1304.7,-97.22,-16624.99,0.06,22.0,5.0,7.8,"NQ/MomThrust(10,3.0)/30min",1.5:1
171,54,117,31.6,0.99,2779.08,-1290.16,-5.14,-879.1,0.06,22.0,5.9,7.8,"NQ/MomThrust(10,3.0)/30min",2:1
1343,543,800,40.4,1.04,2472.57,-1617.64,36.11,48497.38,0.46,169.0,4.3,8.0,NQ/RSI(2)+BB(1.5)/60min,1.5:1
1265,427,838,33.8,1.04,3336.42,-1628.11,47.66,60294.21,0.44,159.0,5.4,8.0,NQ/RSI(2)+BB(1.5)/60min,2:1
779,321,458,41.2,1.07,2427.29,-1590.16,65.3,50866.06,0.27,98.0,4.0,7.9,NQ/RSI(2)+BB(2.0)/60min,1.5:1
754,253,501,33.6,1.03,3249.91,-1594.06,31.31,23604.1,0.26,95.0,5.0,7.9,NQ/RSI(2)+BB(2.0)/60min,2:1
341,148,193,43.4,1.15,2441.68,-1623.46,140.88,48040.86,0.12,43.0,3.9,7.9,NQ/RSI(2)+BB(2.5)/60min,1.5:1
337,126,211,37.4,1.23,3319.1,-1612.99,231.06,77865.87,0.12,43.0,5.0,7.9,NQ/RSI(2)+BB(2.5)/60min,2:1
1381,563,818,40.8,1.06,2485.21,-1611.95,58.36,80597.58,0.48,173.0,4.3,8.0,NQ/RSI(2)+BB(1.5)/60min,1.5:1
1302,447,855,34.3,1.08,3350.58,-1621.42,85.55,111391.51,0.45,163.0,5.4,8.0,NQ/RSI(2)+BB(1.5)/60min,2:1
785,323,462,41.1,1.06,2422.65,-1591.9,59.95,47059.54,0.27,99.0,4.0,7.9,NQ/RSI(2)+BB(2.0)/60min,1.5:1
761,256,505,33.6,1.03,3238.21,-1595.61,30.48,23196.9,0.26,96.0,5.0,7.9,NQ/RSI(2)+BB(2.0)/60min,2:1
342,147,195,43.0,1.13,2435.69,-1630.86,117.04,40028.59,0.12,43.0,3.9,7.9,NQ/RSI(2)+BB(2.5)/60min,1.5:1
338,125,213,37.0,1.2,3310.2,-1619.86,203.39,68745.2,0.12,43.0,5.0,7.9,NQ/RSI(2)+BB(2.5)/60min,2:1
1402,577,825,41.2,1.07,2474.68,-1612.74,69.46,97381.69,0.48,176.0,4.3,8.0,NQ/RSI(2)+BB(1.5)/60min,1.5:1
1318,455,863,34.5,1.09,3342.77,-1617.91,94.62,124705.41,0.45,165.0,5.4,8.0,NQ/RSI(2)+BB(1.5)/60min,2:1
786,323,463,41.1,1.06,2419.37,-1590.86,57.11,44891.19,0.27,99.0,4.0,7.9,NQ/RSI(2)+BB(2.0)/60min,1.5:1
762,255,507,33.5,1.02,3241.85,-1592.62,25.22,19214.44,0.26,96.0,5.0,7.9,NQ/RSI(2)+BB(2.0)/60min,2:1
342,147,195,43.0,1.13,2435.69,-1630.86,117.04,40028.59,0.12,43.0,3.9,7.9,NQ/RSI(2)+BB(2.5)/60min,1.5:1
338,125,213,37.0,1.2,3310.2,-1619.86,203.39,68745.2,0.12,43.0,5.0,7.9,NQ/RSI(2)+BB(2.5)/60min,2:1
1273,511,762,40.1,1.03,2466.86,-1613.16,24.62,31341.16,0.44,160.0,4.2,8.0,NQ/RSI(3)+BB(1.5)/60min,1.5:1
1217,422,795,34.7,1.08,3314.12,-1622.06,89.58,109020.01,0.42,153.0,5.2,8.0,NQ/RSI(3)+BB(1.5)/60min,2:1
756,309,447,40.9,1.05,2429.4,-1594.07,50.45,38136.69,0.26,95.0,3.9,7.9,NQ/RSI(3)+BB(2.0)/60min,1.5:1
735,250,485,34.0,1.05,3239.93,-1598.03,47.53,34937.21,0.25,93.0,4.9,7.9,NQ/RSI(3)+BB(2.0)/60min,2:1
339,146,193,43.1,1.15,2466.37,-1623.95,137.66,46667.74,0.12,43.0,3.9,7.9,NQ/RSI(3)+BB(2.5)/60min,1.5:1
336,125,211,37.2,1.23,3353.07,-1613.44,234.22,78698.69,0.12,42.0,5.0,7.9,NQ/RSI(3)+BB(2.5)/60min,2:1
1350,544,806,40.3,1.04,2479.3,-1613.18,35.94,48518.39,0.46,170.0,4.3,8.0,NQ/RSI(3)+BB(1.5)/60min,1.5:1
1283,443,840,34.5,1.09,3333.67,-1619.84,90.53,116156.06,0.44,161.0,5.4,8.0,NQ/RSI(3)+BB(1.5)/60min,2:1
781,320,461,41.0,1.06,2428.23,-1590.79,55.93,43680.97,0.27,98.0,4.0,7.9,NQ/RSI(3)+BB(2.0)/60min,1.5:1
757,254,503,33.6,1.03,3246.22,-1595.62,28.98,21941.01,0.26,95.0,5.0,7.9,NQ/RSI(3)+BB(2.0)/60min,2:1
342,148,194,43.3,1.14,2441.68,-1628.62,132.8,45416.26,0.12,43.0,3.9,7.9,NQ/RSI(3)+BB(2.5)/60min,1.5:1
338,126,212,37.3,1.22,3319.1,-1617.76,222.61,75241.27,0.12,43.0,5.0,7.9,NQ/RSI(3)+BB(2.5)/60min,2:1
1411,580,831,41.1,1.07,2476.32,-1614.68,66.95,94467.44,0.49,177.0,4.3,8.0,NQ/RSI(3)+BB(1.5)/60min,1.5:1
1332,462,870,34.7,1.09,3330.37,-1620.41,96.76,128879.23,0.46,167.0,5.4,8.0,NQ/RSI(3)+BB(1.5)/60min,2:1
790,325,465,41.1,1.07,2431.17,-1587.41,65.8,51984.93,0.27,99.0,4.0,7.9,NQ/RSI(3)+BB(2.0)/60min,1.5:1
766,258,508,33.7,1.04,3252.46,-1591.48,40.03,30661.76,0.26,96.0,5.0,7.9,NQ/RSI(3)+BB(2.0)/60min,2:1
342,147,195,43.0,1.13,2435.69,-1630.86,117.04,40028.59,0.12,43.0,3.9,7.9,NQ/RSI(3)+BB(2.5)/60min,1.5:1
338,125,213,37.0,1.2,3310.2,-1619.86,203.39,68745.2,0.12,43.0,5.0,7.9,NQ/RSI(3)+BB(2.5)/60min,2:1
934,360,574,38.5,0.99,2493.96,-1580.76,-10.21,-9532.83,0.32,117.0,4.3,8.0,NQ/RSI(5)+BB(1.5)/60min,1.5:1
914,299,615,32.7,1.02,3328.36,-1593.83,16.38,14975.6,0.31,115.0,5.3,8.0,NQ/RSI(5)+BB(1.5)/60min,2:1
621,243,378,39.1,1.01,2489.96,-1578.05,13.78,8558.76,0.21,78.0,4.0,7.9,NQ/RSI(5)+BB(2.0)/60min,1.5:1
612,195,417,31.9,0.98,3318.61,-1585.54,-22.95,-14042.34,0.21,77.0,4.9,7.9,NQ/RSI(5)+BB(2.0)/60min,2:1
288,116,172,40.3,1.08,2531.54,-1578.41,76.99,22172.34,0.1,36.0,4.0,7.9,NQ/RSI(5)+BB(2.5)/60min,1.5:1
286,99,187,34.6,1.14,3416.58,-1585.03,146.3,41841.54,0.1,36.0,5.0,7.9,NQ/RSI(5)+BB(2.5)/60min,2:1
1211,482,729,39.8,1.0,2423.63,-1597.2,3.16,3831.01,0.42,152.0,4.3,8.0,NQ/RSI(5)+BB(1.5)/60min,1.5:1
1162,391,771,33.6,1.04,3276.32,-1601.38,39.91,46376.94,0.4,146.0,5.3,8.0,NQ/RSI(5)+BB(1.5)/60min,2:1
736,297,439,40.4,1.04,2442.63,-1588.67,38.09,28032.97,0.25,93.0,4.0,7.9,NQ/RSI(5)+BB(2.0)/60min,1.5:1
717,242,475,33.8,1.04,3247.5,-1594.77,39.58,28376.44,0.25,90.0,4.9,7.9,NQ/RSI(5)+BB(2.0)/60min,2:1
329,138,191,41.9,1.08,2441.35,-1627.39,79.26,26075.53,0.11,42.0,3.9,7.9,NQ/RSI(5)+BB(2.5)/60min,1.5:1
325,116,209,35.7,1.14,3330.65,-1615.63,149.81,48688.21,0.11,41.0,5.0,7.9,NQ/RSI(5)+BB(2.5)/60min,2:1
1379,566,813,41.0,1.06,2450.25,-1616.54,52.64,72595.53,0.47,173.0,4.3,8.0,NQ/RSI(5)+BB(1.5)/60min,1.5:1
1313,463,850,35.3,1.1,3273.24,-1620.35,105.26,138210.91,0.45,165.0,5.3,8.0,NQ/RSI(5)+BB(1.5)/60min,2:1
778,320,458,41.1,1.07,2442.12,-1587.83,69.73,54251.74,0.27,98.0,4.0,7.9,NQ/RSI(5)+BB(2.0)/60min,1.5:1
756,256,500,33.9,1.05,3266.99,-1593.24,52.55,39727.76,0.26,95.0,4.9,7.9,NQ/RSI(5)+BB(2.0)/60min,2:1
342,148,194,43.3,1.15,2449.87,-1626.22,137.7,47093.23,0.12,43.0,3.9,7.9,NQ/RSI(5)+BB(2.5)/60min,1.5:1
338,126,212,37.3,1.23,3331.92,-1615.57,228.76,77321.99,0.12,43.0,5.0,7.9,NQ/RSI(5)+BB(2.5)/60min,2:1
1316,519,797,39.4,1.02,2535.07,-1614.94,21.73,28592.65,0.45,165.0,4.3,8.0,NQ/RSI(2)+Kelt(1.5)/60min,1.5:1
1241,397,844,32.0,0.98,3367.17,-1613.37,-20.08,-24915.03,0.43,156.0,5.3,8.0,NQ/RSI(2)+Kelt(1.5)/60min,2:1
943,370,573,39.2,0.99,2459.71,-1605.51,-10.46,-9864.59,0.32,118.0,4.3,8.0,NQ/RSI(2)+Kelt(2.0)/60min,1.5:1
910,286,624,31.4,0.95,3321.18,-1600.68,-53.81,-48969.93,0.31,114.0,5.5,8.0,NQ/RSI(2)+Kelt(2.0)/60min,2:1
580,221,359,38.1,0.96,2455.76,-1581.71,-43.3,-25111.21,0.2,73.0,4.5,8.0,NQ/RSI(2)+Kelt(2.5)/60min,1.5:1
570,185,385,32.5,1.03,3358.68,-1562.68,34.61,19726.21,0.2,72.0,5.4,8.0,NQ/RSI(2)+Kelt(2.5)/60min,2:1
1366,542,824,39.7,1.05,2589.06,-1617.18,51.77,70714.08,0.47,171.0,4.3,8.0,NQ/RSI(2)+Kelt(1.5)/60min,1.5:1
1284,423,861,32.9,1.05,3444.86,-1617.81,50.03,64243.24,0.44,161.0,5.4,8.0,NQ/RSI(2)+Kelt(1.5)/60min,2:1
970,385,585,39.7,1.04,2525.73,-1597.22,39.21,38033.71,0.33,122.0,4.4,8.0,NQ/RSI(2)+Kelt(2.0)/60min,1.5:1
936,303,633,32.4,1.03,3418.14,-1595.28,27.66,25885.11,0.32,117.0,5.5,8.0,NQ/RSI(2)+Kelt(2.0)/60min,2:1
590,228,362,38.6,0.98,2451.09,-1577.86,-20.91,-12337.04,0.2,74.0,4.6,8.0,NQ/RSI(2)+Kelt(2.5)/60min,1.5:1
580,193,387,33.3,1.07,3361.73,-1560.87,77.16,44755.57,0.2,73.0,5.4,8.0,NQ/RSI(2)+Kelt(2.5)/60min,2:1
1402,560,842,39.9,1.06,2568.86,-1611.83,58.06,81403.84,0.48,176.0,4.3,8.0,NQ/RSI(2)+Kelt(1.5)/60min,1.5:1
1315,435,880,33.1,1.05,3428.66,-1611.69,55.65,73177.07,0.45,165.0,5.4,8.0,NQ/RSI(2)+Kelt(1.5)/60min,2:1
987,395,592,40.0,1.05,2522.82,-1596.22,52.23,51553.01,0.34,124.0,4.4,8.0,NQ/RSI(2)+Kelt(2.0)/60min,1.5:1
950,308,642,32.4,1.03,3415.56,-1594.05,30.12,28610.0,0.33,119.0,5.5,8.0,NQ/RSI(2)+Kelt(2.0)/60min,2:1
598,231,367,38.6,0.98,2452.7,-1573.07,-17.97,-10743.48,0.21,75.0,4.6,8.0,NQ/RSI(2)+Kelt(2.5)/60min,1.5:1
586,194,392,33.1,1.06,3349.37,-1556.51,67.62,39624.76,0.2,74.0,5.4,8.0,NQ/RSI(2)+Kelt(2.5)/60min,2:1
1238,478,760,38.6,0.99,2537.65,-1607.35,-6.94,-8587.66,0.43,155.0,4.2,8.0,NQ/RSI(3)+Kelt(1.5)/60min,1.5:1
1190,390,800,32.8,1.03,3394.6,-1603.97,34.22,40721.71,0.41,149.0,5.3,8.0,NQ/RSI(3)+Kelt(1.5)/60min,2:1
927,362,565,39.1,0.99,2489.85,-1605.5,-6.24,-5781.16,0.32,116.0,4.3,8.0,NQ/RSI(3)+Kelt(2.0)/60min,1.5:1
902,294,608,32.6,1.01,3339.14,-1604.01,7.17,6469.01,0.31,113.0,5.3,8.0,NQ/RSI(3)+Kelt(2.0)/60min,2:1
583,226,357,38.8,0.99,2464.91,-1583.93,-14.4,-8396.09,0.2,73.0,4.6,8.0,NQ/RSI(3)+Kelt(2.5)/60min,1.5:1
574,192,382,33.4,1.08,3354.27,-1566.88,79.22,45471.03,0.2,72.0,5.4,8.0,NQ/RSI(3)+Kelt(2.5)/60min,2:1
1327,520,807,39.2,1.01,2526.5,-1607.71,12.33,16361.16,0.46,167.0,4.3,8.0,NQ/RSI(3)+Kelt(1.5)/60min,1.5:1
1261,412,849,32.7,1.03,3390.52,-1604.48,27.51,34686.54,0.43,158.0,5.4,8.0,NQ/RSI(3)+Kelt(1.5)/60min,2:1
963,382,581,39.7,1.02,2477.65,-1599.82,17.62,16964.49,0.33,121.0,4.4,8.0,NQ/RSI(3)+Kelt(2.0)/60min,1.5:1
931,301,630,32.3,1.0,3344.9,-1596.36,1.19,1109.19,0.32,117.0,5.5,8.0,NQ/RSI(3)+Kelt(2.0)/60min,2:1
598,234,364,39.1,0.99,2435.62,-1575.38,-5.86,-3502.05,0.21,75.0,4.6,8.0,NQ/RSI(3)+Kelt(2.5)/60min,1.5:1
589,198,391,33.6,1.09,3336.14,-1556.06,88.52,52136.67,0.2,74.0,5.4,8.0,NQ/RSI(3)+Kelt(2.5)/60min,2:1
1403,559,844,39.8,1.06,2557.89,-1605.56,53.29,74769.77,0.48,176.0,4.3,8.0,NQ/RSI(3)+Kelt(1.5)/60min,1.5:1
1324,441,883,33.3,1.05,3389.07,-1608.22,56.28,74518.17,0.46,166.0,5.4,8.0,NQ/RSI(3)+Kelt(1.5)/60min,2:1
1001,398,603,39.8,1.05,2525.02,-1594.36,43.51,43557.19,0.34,126.0,4.4,8.0,NQ/RSI(3)+Kelt(2.0)/60min,1.5:1
968,314,654,32.4,1.02,3391.28,-1596.78,21.25,20565.77,0.33,121.0,5.5,8.0,NQ/RSI(3)+Kelt(2.0)/60min,2:1
610,238,372,39.0,1.0,2451.22,-1571.63,-2.06,-1255.82,0.21,77.0,4.6,8.0,NQ/RSI(3)+Kelt(2.5)/60min,1.5:1
598,201,397,33.6,1.09,3339.05,-1556.59,88.93,53183.13,0.21,75.0,5.4,8.0,NQ/RSI(3)+Kelt(2.5)/60min,2:1
1044,401,643,38.4,0.97,2714.34,-1745.3,-32.36,-33780.08,0.36,131.0,4.5,7.9,"NQ/MomThrust(3,1.5)/60min",1.5:1
982,328,654,33.4,1.06,3652.59,-1727.23,69.69,68439.23,0.34,124.0,5.4,7.9,"NQ/MomThrust(3,1.5)/60min",2:1
598,232,366,38.8,1.0,2753.31,-1742.67,1.59,949.56,0.21,75.0,4.5,7.9,"NQ/MomThrust(3,2.0)/60min",1.5:1
577,193,384,33.4,1.07,3682.05,-1730.21,80.13,46237.23,0.2,73.0,5.6,7.9,"NQ/MomThrust(3,2.0)/60min",2:1
298,114,184,38.3,0.95,2810.94,-1842.22,-62.16,-18522.23,0.1,38.0,4.5,7.9,"NQ/MomThrust(3,2.5)/60min",1.5:1
295,97,198,32.9,1.04,3876.41,-1822.73,51.22,15110.5,0.1,37.0,5.4,7.9,"NQ/MomThrust(3,2.5)/60min",2:1
131,46,85,35.1,0.72,2772.99,-2078.86,-375.16,-49145.81,0.05,17.0,4.0,7.9,"NQ/MomThrust(3,3.0)/60min",1.5:1
131,40,91,30.5,0.85,3907.35,-2015.34,-206.89,-27102.24,0.05,17.0,4.8,7.9,"NQ/MomThrust(3,3.0)/60min",2:1
988,398,590,40.3,1.06,2722.14,-1740.53,57.18,56495.74,0.34,124.0,4.4,7.9,"NQ/MomThrust(5,1.5)/60min",1.5:1
929,324,605,34.9,1.08,3529.57,-1754.78,88.2,81941.24,0.32,117.0,5.4,7.9,"NQ/MomThrust(5,1.5)/60min",2:1
515,214,301,41.6,1.08,2778.78,-1822.2,89.67,46177.61,0.18,65.0,4.4,7.9,"NQ/MomThrust(5,2.0)/60min",1.5:1
505,176,329,34.9,1.07,3684.65,-1834.6,88.94,44914.86,0.17,64.0,5.6,7.9,"NQ/MomThrust(5,2.0)/60min",2:1
239,94,145,39.3,0.9,2691.99,-1934.11,-114.64,-27399.4,0.08,30.0,4.0,7.9,"NQ/MomThrust(5,2.5)/60min",1.5:1
236,83,153,35.2,1.06,3686.57,-1894.35,68.43,16150.11,0.08,30.0,5.1,7.9,"NQ/MomThrust(5,2.5)/60min",2:1
97,37,60,38.1,0.91,2950.73,-2008.99,-117.14,-11362.63,0.03,12.0,3.9,7.9,"NQ/MomThrust(5,3.0)/60min",1.5:1
97,33,64,34.0,1.02,3954.22,-2001.64,24.58,2384.16,0.03,12.0,4.4,7.9,"NQ/MomThrust(5,3.0)/60min",2:1
981,401,580,40.9,1.05,2658.29,-1744.79,55.04,53996.69,0.34,123.0,4.5,7.9,"NQ/MomThrust(10,1.5)/60min",1.5:1
930,332,598,35.7,1.16,3602.91,-1720.19,180.1,167492.36,0.32,117.0,5.6,7.9,"NQ/MomThrust(10,1.5)/60min",2:1
524,200,324,38.2,1.01,2914.04,-1782.34,10.17,5329.78,0.18,66.0,4.4,7.9,"NQ/MomThrust(10,2.0)/60min",1.5:1
514,168,346,32.7,1.06,3871.99,-1777.24,69.2,35569.89,0.18,65.0,5.5,7.9,"NQ/MomThrust(10,2.0)/60min",2:1
248,99,149,39.9,1.21,3130.37,-1715.03,219.22,54367.59,0.09,31.0,4.7,7.9,"NQ/MomThrust(10,2.5)/60min",1.5:1
246,86,160,35.0,1.3,4202.29,-1735.49,340.32,83717.69,0.09,31.0,5.9,7.9,"NQ/MomThrust(10,2.5)/60min",2:1
105,35,70,33.3,0.81,2851.23,-1752.66,-218.03,-22893.0,0.04,13.0,4.2,7.9,"NQ/MomThrust(10,3.0)/60min",1.5:1
105,32,73,30.5,0.94,3785.58,-1759.37,-69.48,-7295.14,0.04,13.0,5.2,7.9,"NQ/MomThrust(10,3.0)/60min",2:1
4541,1900,2641,41.8,1.05,477.71,-326.83,9.8,44488.19,1.56,568.0,5.4,8.0,CL/Engulf/15min,1.5:1
4103,1491,2612,36.3,1.11,642.22,-331.01,22.66,92957.99,1.41,513.0,6.6,8.0,CL/Engulf/15min,2:1
831,360,471,43.3,1.1,472.4,-329.02,18.16,15094.54,0.28,104.0,5.2,8.0,CL/Engulf+RSI/15min,1.5:1
820,311,509,37.9,1.16,628.07,-330.21,33.24,27253.71,0.28,103.0,6.4,8.0,CL/Engulf+RSI/15min,2:1
2835,1149,1686,40.5,0.99,474.65,-325.99,-1.5,-4243.14,0.97,355.0,5.3,8.0,CL/Hammer/15min,1.5:1
2683,965,1718,36.0,1.1,637.72,-326.31,20.43,54806.41,0.92,336.0,6.3,8.0,CL/Hammer/15min,2:1
1322,518,804,39.2,0.95,472.12,-320.35,-9.84,-13003.7,0.45,166.0,5.1,8.0,CL/Hammer+RSI/15min,1.5:1
1295,452,843,34.9,1.07,635.4,-319.13,14.03,18173.36,0.45,163.0,5.9,8.0,CL/Hammer+RSI/15min,2:1
4324,1780,2544,41.2,1.04,491.06,-331.28,7.24,31323.89,1.48,541.0,5.5,8.0,CL/Inside/15min,1.5:1
3956,1399,2557,35.4,1.07,656.76,-335.2,15.6,61712.4,1.36,495.0,6.7,8.0,CL/Inside/15min,2:1
1253,499,754,39.8,0.94,475.37,-334.3,-11.85,-14852.01,0.43,157.0,5.2,8.0,CL/Inside+RSI/15min,1.5:1
1228,430,798,35.0,1.0,624.15,-336.24,0.06,67.63,0.42,154.0,6.2,8.0,CL/Inside+RSI/15min,2:1
2387,1035,1352,43.4,1.12,679.03,-463.08,32.14,76709.44,0.82,299.0,4.6,8.0,CL/Engulf/30min,1.5:1
2194,828,1366,37.7,1.19,918.07,-466.09,56.29,123489.74,0.75,274.0,5.6,8.0,CL/Engulf/30min,2:1
451,219,232,48.6,1.4,696.45,-471.17,95.81,43211.47,0.16,57.0,5.1,8.0,CL/Engulf+RSI/30min,1.5:1
446,184,262,41.3,1.42,944.55,-467.69,114.94,51261.26,0.15,56.0,6.3,8.0,CL/Engulf+RSI/30min,2:1
1478,589,889,39.9,0.97,692.74,-473.94,-9.01,-13314.87,0.51,185.0,4.5,8.0,CL/Hammer/30min,1.5:1
1403,486,917,34.6,1.05,937.84,-474.39,14.81,20778.7,0.48,176.0,5.5,8.0,CL/Hammer/30min,2:1
640,264,376,41.2,1.01,709.82,-491.39,4.11,2630.64,0.22,80.0,4.6,8.0,CL/Hammer+RSI/30min,1.5:1
627,220,407,35.1,1.05,955.35,-490.95,16.52,10360.44,0.22,78.0,5.7,8.0,CL/Hammer+RSI/30min,2:1
2531,1071,1460,42.3,1.1,701.26,-465.94,27.96,70779.19,0.87,317.0,4.7,8.0,CL/Inside/30min,1.5:1
2307,863,1444,37.4,1.22,957.16,-467.89,65.19,150391.01,0.79,289.0,5.7,8.0,CL/Inside/30min,2:1
783,332,451,42.4,1.02,683.78,-494.64,5.02,3932.13,0.27,98.0,4.7,8.0,CL/Inside+RSI/30min,1.5:1
766,285,481,37.2,1.09,909.63,-495.07,27.57,21117.11,0.26,96.0,5.8,8.0,CL/Inside+RSI/30min,2:1
1336,584,752,43.7,1.19,998.05,-651.37,69.64,93032.61,0.46,167.0,4.3,8.0,CL/Engulf/60min,1.5:1
1224,458,766,37.4,1.24,1361.26,-655.78,98.96,121130.31,0.42,153.0,5.3,8.0,CL/Engulf/60min,2:1
287,124,163,43.2,1.19,1017.99,-649.23,71.1,20405.16,0.1,36.0,4.3,8.0,CL/Engulf+RSI/60min,1.5:1
287,108,179,37.6,1.26,1361.06,-651.26,105.99,30419.44,0.1,36.0,5.1,8.0,CL/Engulf+RSI/60min,2:1
842,329,513,39.1,0.96,983.46,-657.45,-16.28,-13711.77,0.29,106.0,4.3,8.0,CL/Hammer/60min,1.5:1
803,275,528,34.2,1.02,1305.4,-664.16,10.35,8310.84,0.28,101.0,5.2,8.0,CL/Hammer/60min,2:1
389,150,239,38.6,0.89,981.15,-689.63,-45.37,-17647.97,0.13,49.0,4.4,8.0,CL/Hammer+RSI/60min,1.5:1
383,125,258,32.6,0.9,1289.24,-693.79,-46.59,-17842.16,0.13,48.0,5.3,8.0,CL/Hammer+RSI/60min,2:1
1481,619,862,41.8,1.05,996.59,-679.16,21.24,31457.04,0.51,185.0,3.9,8.0,CL/Inside/60min,1.5:1
1349,482,867,35.7,1.09,1343.42,-686.09,39.06,52688.53,0.46,169.0,4.9,8.0,CL/Inside/60min,2:1
432,178,254,41.2,1.0,1013.39,-713.14,-1.74,-753.27,0.15,54.0,3.9,8.0,CL/Inside+RSI/60min,1.5:1
421,147,274,34.9,1.02,1361.27,-714.16,10.52,4427.33,0.14,53.0,4.8,8.0,CL/Inside+RSI/60min,2:1
4672,1849,2823,39.6,0.97,464.6,-312.83,-5.15,-24077.99,1.6,584.0,4.4,8.0,CL/RSI(2)+BB(1.5)/15min,1.5:1
4432,1543,2889,34.8,1.04,613.76,-316.38,7.45,33019.23,1.52,554.0,5.4,8.0,CL/RSI(2)+BB(1.5)/15min,2:1
3111,1253,1858,40.3,0.98,450.04,-308.29,-2.86,-8895.6,1.07,389.0,3.9,8.0,CL/RSI(2)+BB(2.0)/15min,1.5:1
3019,1060,1959,35.1,1.04,596.61,-309.99,8.33,25145.1,1.03,378.0,4.8,8.0,CL/RSI(2)+BB(2.0)/15min,2:1
1644,654,990,39.8,0.98,450.82,-304.64,-4.11,-6758.11,0.56,206.0,3.5,8.0,CL/RSI(2)+BB(2.5)/15min,1.5:1
1624,561,1063,34.5,1.04,600.08,-305.67,7.22,11718.89,0.56,203.0,4.4,8.0,CL/RSI(2)+BB(2.5)/15min,2:1
4847,1901,2946,39.2,0.95,462.66,-313.49,-9.08,-44028.7,1.66,606.0,4.4,8.0,CL/RSI(2)+BB(1.5)/15min,1.5:1
4575,1573,3002,34.4,1.02,613.64,-316.64,3.21,14695.36,1.57,572.0,5.4,8.0,CL/RSI(2)+BB(1.5)/15min,2:1
3168,1274,1894,40.2,0.98,450.73,-308.75,-3.33,-10544.59,1.09,396.0,3.8,8.0,CL/RSI(2)+BB(2.0)/15min,1.5:1
3069,1074,1995,35.0,1.04,597.38,-310.34,7.32,22455.81,1.05,384.0,4.8,8.0,CL/RSI(2)+BB(2.0)/15min,2:1
1646,654,992,39.7,0.98,451.42,-304.61,-4.22,-6943.39,0.56,206.0,3.5,8.0,CL/RSI(2)+BB(2.5)/15min,1.5:1
1626,561,1065,34.5,1.04,601.02,-305.62,7.19,11691.11,0.56,203.0,4.4,8.0,CL/RSI(2)+BB(2.5)/15min,2:1
5000,1962,3038,39.2,0.95,461.49,-313.7,-9.51,-47566.07,1.71,625.0,4.4,8.0,CL/RSI(2)+BB(1.5)/15min,1.5:1
4712,1615,3097,34.3,1.01,611.12,-316.08,1.71,8052.66,1.61,589.0,5.4,8.0,CL/RSI(2)+BB(1.5)/15min,2:1
3199,1285,1914,40.2,0.98,450.9,-308.77,-3.62,-11573.97,1.1,400.0,3.9,8.0,CL/RSI(2)+BB(2.0)/15min,1.5:1
3104,1086,2018,35.0,1.04,597.34,-310.06,7.42,23022.31,1.06,388.0,4.8,8.0,CL/RSI(2)+BB(2.0)/15min,2:1
1648,655,993,39.7,0.98,451.68,-304.47,-3.94,-6491.16,0.56,206.0,3.5,8.0,CL/RSI(2)+BB(2.5)/15min,1.5:1
1627,562,1065,34.5,1.04,601.42,-305.49,7.78,12654.73,0.56,204.0,4.4,8.0,CL/RSI(2)+BB(2.5)/15min,2:1
4460,1773,2687,39.8,0.98,464.35,-314.1,-4.64,-20693.86,1.53,558.0,4.4,8.0,CL/RSI(3)+BB(1.5)/15min,1.5:1
4260,1456,2804,34.2,1.02,619.12,-316.32,3.4,14467.57,1.46,533.0,5.4,8.0,CL/RSI(3)+BB(1.5)/15min,2:1
3051,1227,1824,40.2,0.98,450.25,-308.16,-3.15,-9624.6,1.05,382.0,3.8,8.0,CL/RSI(3)+BB(2.0)/15min,1.5:1
2965,1034,1931,34.9,1.04,599.69,-309.33,7.68,22772.79,1.02,371.0,4.8,8.0,CL/RSI(3)+BB(2.0)/15min,2:1
1634,648,986,39.7,0.97,451.35,-304.94,-5.02,-8198.54,0.56,204.0,3.5,8.0,CL/RSI(3)+BB(2.5)/15min,1.5:1
1617,557,1060,34.4,1.03,600.86,-305.82,6.5,10510.73,0.55,202.0,4.4,8.0,CL/RSI(3)+BB(2.5)/15min,2:1
4821,1903,2918,39.5,0.97,464.56,-312.41,-5.72,-27565.17,1.65,603.0,4.4,8.0,CL/RSI(3)+BB(1.5)/15min,1.5:1
4574,1564,3010,34.2,1.01,614.08,-315.37,2.44,11138.89,1.57,572.0,5.4,8.0,CL/RSI(3)+BB(1.5)/15min,2:1
3168,1273,1895,40.2,0.99,452.0,-307.81,-2.5,-7904.94,1.09,396.0,3.9,8.0,CL/RSI(3)+BB(2.0)/15min,1.5:1
3071,1070,2001,34.8,1.03,598.67,-309.52,6.91,21223.76,1.05,384.0,4.8,8.0,CL/RSI(3)+BB(2.0)/15min,2:1
1644,653,991,39.7,0.98,450.95,-304.69,-4.55,-7480.97,0.56,206.0,3.5,8.0,CL/RSI(3)+BB(2.5)/15min,1.5:1
1625,560,1065,34.5,1.03,600.34,-305.62,6.59,10707.5,0.56,203.0,4.4,8.0,CL/RSI(3)+BB(2.5)/15min,2:1
5059,2003,3056,39.6,0.96,462.2,-314.39,-6.92,-34996.4,1.73,633.0,4.4,8.0,CL/RSI(3)+BB(1.5)/15min,1.5:1
4774,1653,3121,34.6,1.02,610.78,-316.98,4.26,20315.31,1.64,597.0,5.4,8.0,CL/RSI(3)+BB(1.5)/15min,2:1
3215,1289,1926,40.1,0.97,449.83,-308.79,-4.63,-14893.64,1.1,402.0,3.9,8.0,CL/RSI(3)+BB(2.0)/15min,1.5:1
3119,1089,2030,34.9,1.03,596.27,-310.13,6.34,19777.96,1.07,390.0,4.8,8.0,CL/RSI(3)+BB(2.0)/15min,2:1
1648,655,993,39.7,0.98,451.68,-304.47,-3.94,-6491.16,0.56,206.0,3.5,8.0,CL/RSI(3)+BB(2.5)/15min,1.5:1
1627,562,1065,34.5,1.04,601.42,-305.49,7.78,12654.73,0.56,204.0,4.4,8.0,CL/RSI(3)+BB(2.5)/15min,2:1
3587,1425,2162,39.7,0.98,469.74,-315.53,-3.57,-12805.2,1.23,449.0,4.2,8.0,CL/RSI(5)+BB(1.5)/15min,1.5:1
3494,1216,2278,34.8,1.04,619.89,-317.55,8.7,30406.89,1.2,437.0,5.2,8.0,CL/RSI(5)+BB(1.5)/15min,2:1
2646,1051,1595,39.7,0.96,452.91,-309.63,-6.75,-17855.53,0.91,331.0,3.8,8.0,CL/RSI(5)+BB(2.0)/15min,1.5:1
2602,920,1682,35.4,1.05,596.5,-311.66,9.44,24570.09,0.89,326.0,4.7,8.0,CL/RSI(5)+BB(2.0)/15min,2:1
1519,597,922,39.3,0.94,445.6,-307.03,-11.23,-17058.83,0.52,190.0,3.4,8.0,CL/RSI(5)+BB(2.5)/15min,1.5:1
1509,516,993,34.2,1.01,597.93,-306.35,2.87,4328.96,0.52,189.0,4.2,8.0,CL/RSI(5)+BB(2.5)/15min,2:1
4398,1743,2655,39.6,0.97,466.58,-314.85,-5.16,-22686.51,1.51,550.0,4.3,8.0,CL/RSI(5)+BB(1.5)/15min,1.5:1
4207,1426,2781,33.9,1.0,618.25,-317.03,-0.01,-50.41,1.44,526.0,5.4,8.0,CL/RSI(5)+BB(1.5)/15min,2:1
3016,1210,1806,40.1,0.99,453.33,-306.44,-1.62,-4897.53,1.03,377.0,3.8,8.0,CL/RSI(5)+BB(2.0)/15min,1.5:1
2931,1020,1911,34.8,1.04,598.32,-308.48,7.09,20779.9,1.0,367.0,4.8,8.0,CL/RSI(5)+BB(2.0)/15min,2:1
1618,639,979,39.5,0.97,452.1,-304.3,-5.57,-9017.8,0.55,202.0,3.5,8.0,CL/RSI(5)+BB(2.5)/15min,1.5:1
1601,549,1052,34.3,1.03,602.99,-304.95,6.39,10237.9,0.55,200.0,4.4,8.0,CL/RSI(5)+BB(2.5)/15min,2:1
4954,1972,2982,39.8,0.98,463.85,-313.01,-3.77,-18682.69,1.7,620.0,4.4,8.0,CL/RSI(5)+BB(1.5)/15min,1.5:1
4693,1610,3083,34.3,1.02,616.73,-315.58,4.26,19997.56,1.61,587.0,5.4,8.0,CL/RSI(5)+BB(1.5)/15min,2:1
3192,1283,1909,40.2,0.98,449.96,-308.32,-3.53,-11283.2,1.09,399.0,3.8,8.0,CL/RSI(5)+BB(2.0)/15min,1.5:1
3091,1075,2016,34.8,1.03,597.24,-309.72,5.71,17644.61,1.06,387.0,4.8,8.0,CL/RSI(5)+BB(2.0)/15min,2:1
1645,653,992,39.7,0.98,451.41,-304.55,-4.46,-7344.86,0.56,206.0,3.5,8.0,CL/RSI(5)+BB(2.5)/15min,1.5:1
1625,560,1065,34.5,1.03,601.06,-305.49,6.92,11248.93,0.56,203.0,4.4,8.0,CL/RSI(5)+BB(2.5)/15min,2:1
4518,1804,2714,39.9,0.98,482.77,-327.41,-3.91,-17659.59,1.55,565.0,4.7,8.0,CL/RSI(2)+Kelt(1.5)/15min,1.5:1
4275,1486,2789,34.8,1.04,641.23,-329.07,8.21,35102.5,1.47,535.0,5.8,8.0,CL/RSI(2)+Kelt(1.5)/15min,2:1
3430,1373,2057,40.0,0.98,487.59,-333.49,-4.82,-16535.86,1.18,429.0,4.6,8.0,CL/RSI(2)+Kelt(2.0)/15min,1.5:1
3322,1159,2163,34.9,1.04,648.41,-334.15,8.65,28745.23,1.14,416.0,5.6,8.0,CL/RSI(2)+Kelt(2.0)/15min,2:1
2435,964,1471,39.6,0.98,508.87,-340.79,-4.42,-10754.93,0.83,305.0,4.6,8.0,CL/RSI(2)+Kelt(2.5)/15min,1.5:1
2374,805,1569,33.9,1.01,668.75,-341.38,1.14,2715.31,0.81,297.0,5.7,8.0,CL/RSI(2)+Kelt(2.5)/15min,2:1
4696,1869,2827,39.8,0.97,484.13,-328.57,-5.12,-24024.46,1.61,587.0,4.7,8.0,CL/RSI(2)+Kelt(1.5)/15min,1.5:1
4429,1529,2900,34.5,1.02,641.95,-330.66,5.11,22626.96,1.52,554.0,5.9,8.0,CL/RSI(2)+Kelt(1.5)/15min,2:1
3529,1409,2120,39.9,0.98,489.26,-333.37,-4.92,-17374.83,1.21,441.0,4.6,8.0,CL/RSI(2)+Kelt(2.0)/15min,1.5:1
3414,1194,2220,35.0,1.04,649.44,-334.59,9.56,32644.17,1.17,427.0,5.7,8.0,CL/RSI(2)+Kelt(2.0)/15min,2:1
2493,994,1499,39.9,0.99,509.18,-340.25,-1.57,-3916.37,0.85,312.0,4.7,8.0,CL/RSI(2)+Kelt(2.5)/15min,1.5:1
2428,834,1594,34.3,1.02,668.46,-341.41,5.47,13282.63,0.83,304.0,5.8,8.0,CL/RSI(2)+Kelt(2.5)/15min,2:1
4839,1927,2912,39.8,0.97,482.66,-328.92,-5.73,-27721.9,1.66,605.0,4.8,8.0,CL/RSI(2)+Kelt(1.5)/15min,1.5:1
4553,1576,2977,34.6,1.02,639.38,-331.44,4.6,20963.7,1.56,570.0,5.9,8.0,CL/RSI(2)+Kelt(1.5)/15min,2:1
3628,1453,2175,40.0,0.98,490.3,-333.29,-3.44,-12487.73,1.24,454.0,4.6,8.0,CL/RSI(2)+Kelt(2.0)/15min,1.5:1
3497,1223,2274,35.0,1.05,649.59,-334.2,9.86,34464.87,1.2,437.0,5.7,8.0,CL/RSI(2)+Kelt(2.0)/15min,2:1
2556,1022,1534,40.0,1.0,510.08,-340.48,-0.39,-995.1,0.88,320.0,4.7,8.0,CL/RSI(2)+Kelt(2.5)/15min,1.5:1
2484,859,1625,34.6,1.03,668.83,-341.87,7.64,18987.89,0.85,311.0,5.7,8.0,CL/RSI(2)+Kelt(2.5)/15min,2:1
4333,1716,2617,39.6,0.96,479.07,-327.0,-7.77,-33677.16,1.48,542.0,4.6,8.0,CL/RSI(3)+Kelt(1.5)/15min,1.5:1
4141,1407,2734,34.0,1.01,639.58,-327.51,1.08,4488.9,1.42,518.0,5.7,8.0,CL/RSI(3)+Kelt(1.5)/15min,2:1
3382,1348,2034,39.9,0.96,484.11,-333.25,-7.46,-25239.7,1.16,423.0,4.5,8.0,CL/RSI(3)+Kelt(2.0)/15min,1.5:1
3289,1141,2148,34.7,1.03,644.99,-333.49,5.96,19603.1,1.13,411.0,5.6,8.0,CL/RSI(3)+Kelt(2.0)/15min,2:1
2443,969,1474,39.7,0.98,505.25,-340.63,-5.12,-12501.73,0.84,306.0,4.6,8.0,CL/RSI(3)+Kelt(2.5)/15min,1.5:1
2392,817,1575,34.2,1.01,665.42,-341.38,2.5,5976.8,0.82,299.0,5.7,8.0,CL/RSI(3)+Kelt(2.5)/15min,2:1
4644,1834,2810,39.5,0.96,480.56,-326.95,-8.05,-37376.33,1.59,581.0,4.6,8.0,CL/RSI(3)+Kelt(1.5)/15min,1.5:1
4407,1509,2898,34.2,1.02,640.85,-328.13,3.66,16126.73,1.51,551.0,5.8,8.0,CL/RSI(3)+Kelt(1.5)/15min,2:1
3566,1419,2147,39.8,0.97,486.63,-332.84,-6.75,-24083.6,1.22,446.0,4.5,8.0,CL/RSI(3)+Kelt(2.0)/15min,1.5:1
3454,1203,2251,34.8,1.04,647.04,-332.84,8.45,29173.03,1.18,432.0,5.6,8.0,CL/RSI(3)+Kelt(2.0)/15min,2:1
2540,1014,1526,39.9,0.99,508.63,-339.76,-1.07,-2727.57,0.87,318.0,4.6,8.0,CL/RSI(3)+Kelt(2.5)/15min,1.5:1
2480,858,1622,34.6,1.04,669.06,-340.52,8.76,21730.57,0.85,310.0,5.7,8.0,CL/RSI(3)+Kelt(2.5)/15min,2:1
4872,1955,2917,40.1,0.98,479.04,-328.71,-4.58,-22323.7,1.67,609.0,4.7,8.0,CL/RSI(3)+Kelt(1.5)/15min,1.5:1
4586,1600,2986,34.9,1.03,635.48,-330.94,6.23,28587.97,1.57,574.0,5.9,8.0,CL/RSI(3)+Kelt(1.5)/15min,2:1
3677,1475,2202,40.1,0.98,486.87,-332.98,-4.1,-15083.84,1.26,460.0,4.6,8.0,CL/RSI(3)+Kelt(2.0)/15min,1.5:1
3551,1243,2308,35.0,1.04,645.73,-334.02,8.93,31725.04,1.22,444.0,5.7,8.0,CL/RSI(3)+Kelt(2.0)/15min,2:1
2602,1053,1549,40.5,1.01,507.41,-340.75,2.49,6473.66,0.89,326.0,4.7,8.0,CL/RSI(3)+Kelt(2.5)/15min,1.5:1
2532,887,1645,35.0,1.05,665.54,-341.89,11.03,27933.51,0.87,317.0,5.8,8.0,CL/RSI(3)+Kelt(2.5)/15min,2:1
3325,1337,1988,40.2,0.99,483.84,-328.76,-2.01,-6673.57,1.14,416.0,4.2,8.0,"CL/MomThrust(3,1.5)/15min",1.5:1
3156,1080,2076,34.2,1.02,644.59,-328.1,4.76,15036.69,1.08,395.0,5.3,8.0,"CL/MomThrust(3,1.5)/15min",2:1
2030,784,1246,38.6,0.92,489.39,-334.7,-16.43,-33359.43,0.7,254.0,3.9,8.0,"CL/MomThrust(3,2.0)/15min",1.5:1
1982,648,1334,32.7,0.94,645.57,-333.48,-13.39,-26536.49,0.68,248.0,5.0,8.0,"CL/MomThrust(3,2.0)/15min",2:1
1272,507,765,39.9,0.99,502.07,-337.06,-2.59,-3298.34,0.44,159.0,3.8,8.0,"CL/MomThrust(3,2.5)/15min",1.5:1
1258,429,829,34.1,1.05,677.67,-332.99,11.66,14673.2,0.43,158.0,4.9,8.0,"CL/MomThrust(3,2.5)/15min",2:1
840,328,512,39.0,0.99,536.3,-347.75,-2.55,-2141.14,0.29,105.0,3.8,8.0,"CL/MomThrust(3,3.0)/15min",1.5:1
831,277,554,33.3,1.05,724.38,-343.64,12.37,10275.61,0.29,104.0,4.9,8.0,"CL/MomThrust(3,3.0)/15min",2:1
3346,1337,2009,40.0,1.02,503.94,-328.96,3.85,12880.54,1.15,419.0,4.5,8.0,"CL/MomThrust(5,1.5)/15min",1.5:1
3194,1090,2104,34.1,1.06,672.55,-329.41,12.52,39991.89,1.1,400.0,5.6,8.0,"CL/MomThrust(5,1.5)/15min",2:1
1998,808,1190,40.4,1.04,509.82,-333.49,7.55,15079.56,0.69,250.0,4.4,8.0,"CL/MomThrust(5,2.0)/15min",1.5:1
1944,669,1275,34.4,1.06,674.45,-335.32,12.18,23679.03,0.67,244.0,5.7,8.0,"CL/MomThrust(5,2.0)/15min",2:1
1181,465,716,39.4,0.99,528.86,-347.95,-2.72,-3211.89,0.41,148.0,4.4,8.0,"CL/MomThrust(5,2.5)/15min",1.5:1
1152,390,762,33.9,1.03,700.89,-347.45,7.45,8587.23,0.4,144.0,5.5,8.0,"CL/MomThrust(5,2.5)/15min",2:1
669,248,421,37.1,0.93,576.85,-364.72,-15.68,-10488.83,0.23,84.0,4.2,8.0,"CL/MomThrust(5,3.0)/15min",1.5:1
657,218,439,33.2,1.06,771.12,-360.84,14.76,9695.3,0.23,82.0,5.3,8.0,"CL/MomThrust(5,3.0)/15min",2:1
3363,1338,2025,39.8,1.01,524.05,-344.26,1.2,4044.49,1.15,421.0,5.4,8.0,"CL/MomThrust(10,1.5)/15min",1.5:1
3206,1106,2100,34.5,1.05,690.22,-344.96,12.15,38963.11,1.1,402.0,6.5,8.0,"CL/MomThrust(10,1.5)/15min",2:1
1973,788,1185,39.9,1.01,536.58,-353.92,1.74,3432.41,0.68,247.0,5.4,8.0,"CL/MomThrust(10,2.0)/15min",1.5:1
1901,653,1248,34.4,1.06,716.52,-353.17,14.27,27127.9,0.65,238.0,6.7,8.0,"CL/MomThrust(10,2.0)/15min",2:1
1041,399,642,38.3,0.94,559.94,-368.91,-12.89,-13423.24,0.36,131.0,5.2,8.0,"CL/MomThrust(10,2.5)/15min",1.5:1
1023,336,687,32.8,1.0,746.68,-365.49,-0.2,-204.01,0.35,128.0,6.4,8.0,"CL/MomThrust(10,2.5)/15min",2:1
516,196,320,38.0,0.93,580.6,-381.57,-16.09,-8303.6,0.18,65.0,5.1,8.0,"CL/MomThrust(10,3.0)/15min",1.5:1
515,169,346,32.8,0.99,773.83,-381.91,-2.64,-1361.5,0.18,65.0,6.4,8.0,"CL/MomThrust(10,3.0)/15min",2:1
2326,911,1415,39.2,0.96,708.97,-474.31,-10.87,-25279.96,0.8,292.0,4.5,8.0,CL/RSI(2)+BB(1.5)/30min,1.5:1
2218,752,1466,33.9,1.02,948.16,-476.19,6.73,14922.2,0.76,278.0,5.5,8.0,CL/RSI(2)+BB(1.5)/30min,2:1
1416,577,839,40.7,0.99,697.38,-482.81,-1.9,-2686.46,0.49,177.0,4.5,8.0,CL/RSI(2)+BB(2.0)/30min,1.5:1
1382,485,897,35.1,1.06,942.28,-482.16,17.73,24506.37,0.47,173.0,5.5,8.0,CL/RSI(2)+BB(2.0)/30min,2:1
654,255,399,39.0,0.95,726.06,-487.1,-14.08,-9206.26,0.22,82.0,4.2,8.0,CL/RSI(2)+BB(2.5)/30min,1.5:1
646,216,430,33.4,1.02,984.2,-486.27,5.41,3491.97,0.22,81.0,5.3,8.0,CL/RSI(2)+BB(2.5)/30min,2:1
2406,952,1454,39.6,0.98,707.76,-473.62,-6.18,-14860.46,0.83,302.0,4.6,8.0,CL/RSI(2)+BB(1.5)/30min,1.5:1
2286,788,1498,34.5,1.05,947.92,-475.54,15.14,34598.69,0.79,287.0,5.5,8.0,CL/RSI(2)+BB(1.5)/30min,2:1
1435,587,848,40.9,1.0,697.44,-482.01,0.46,654.71,0.49,180.0,4.5,8.0,CL/RSI(2)+BB(2.0)/30min,1.5:1
1402,496,906,35.4,1.07,941.38,-481.72,21.75,30486.51,0.48,176.0,5.5,8.0,CL/RSI(2)+BB(2.0)/30min,2:1
657,256,401,39.0,0.95,725.71,-486.23,-14.0,-9197.2,0.23,82.0,4.2,8.0,CL/RSI(2)+BB(2.5)/30min,1.5:1
649,217,432,33.4,1.02,983.57,-485.46,5.72,3713.53,0.22,81.0,5.2,8.0,CL/RSI(2)+BB(2.5)/30min,2:1
2458,972,1486,39.5,0.97,702.74,-474.38,-8.9,-21865.01,0.84,308.0,4.6,8.0,CL/RSI(2)+BB(1.5)/30min,1.5:1
2337,808,1529,34.6,1.05,944.91,-474.38,16.33,38153.73,0.8,293.0,5.5,8.0,CL/RSI(2)+BB(1.5)/30min,2:1
1442,592,850,41.1,1.01,699.08,-482.53,2.57,3705.01,0.5,181.0,4.6,8.0,CL/RSI(2)+BB(2.0)/30min,1.5:1
1411,501,910,35.5,1.07,939.56,-482.8,22.23,31372.61,0.48,177.0,5.5,8.0,CL/RSI(2)+BB(2.0)/30min,2:1
657,256,401,39.0,0.95,725.71,-486.23,-14.0,-9197.2,0.23,82.0,4.2,8.0,CL/RSI(2)+BB(2.5)/30min,1.5:1
649,217,432,33.4,1.02,983.57,-485.46,5.72,3713.53,0.22,81.0,5.2,8.0,CL/RSI(2)+BB(2.5)/30min,2:1
2244,889,1355,39.6,0.97,702.06,-477.13,-9.97,-22377.76,0.77,281.0,4.6,8.0,CL/RSI(3)+BB(1.5)/30min,1.5:1
2146,732,1414,34.1,1.02,940.53,-479.26,5.03,10794.83,0.74,269.0,5.5,8.0,CL/RSI(3)+BB(1.5)/30min,2:1
1403,575,828,41.0,1.01,700.08,-483.6,1.51,2119.41,0.48,176.0,4.5,8.0,CL/RSI(3)+BB(2.0)/30min,1.5:1
1375,489,886,35.6,1.08,945.01,-483.13,24.77,34056.79,0.47,172.0,5.5,8.0,CL/RSI(3)+BB(2.0)/30min,2:1
647,253,394,39.1,0.97,730.34,-485.84,-10.27,-6645.13,0.22,81.0,4.3,8.0,CL/RSI(3)+BB(2.5)/30min,1.5:1
640,215,425,33.6,1.03,990.98,-485.08,10.78,6900.29,0.22,80.0,5.3,8.0,CL/RSI(3)+BB(2.5)/30min,2:1
2415,962,1453,39.8,0.98,707.48,-476.0,-4.57,-11026.14,0.83,303.0,4.6,8.0,CL/RSI(3)+BB(1.5)/30min,1.5:1
2302,799,1503,34.7,1.05,944.99,-478.52,15.56,35820.8,0.79,289.0,5.6,8.0,CL/RSI(3)+BB(1.5)/30min,2:1
1435,590,845,41.1,1.01,697.44,-483.1,2.28,3268.64,0.49,180.0,4.6,8.0,CL/RSI(3)+BB(2.0)/30min,1.5:1
1404,500,904,35.6,1.08,940.74,-482.52,24.34,34166.6,0.48,176.0,5.5,8.0,CL/RSI(3)+BB(2.0)/30min,2:1
655,255,400,38.9,0.95,726.06,-486.73,-14.58,-9546.93,0.22,82.0,4.2,8.0,CL/RSI(3)+BB(2.5)/30min,1.5:1
647,216,431,33.4,1.02,984.2,-485.93,4.87,3151.3,0.22,81.0,5.3,8.0,CL/RSI(3)+BB(2.5)/30min,2:1
2509,1002,1507,39.9,0.99,706.61,-476.21,-3.84,-9623.9,0.86,314.0,4.7,8.0,CL/RSI(3)+BB(1.5)/30min,1.5:1
2392,841,1551,35.2,1.07,944.4,-478.11,22.03,52688.23,0.82,300.0,5.6,8.0,CL/RSI(3)+BB(1.5)/30min,2:1
1452,592,860,40.8,1.0,698.53,-482.73,-1.11,-1617.06,0.5,182.0,4.6,8.0,CL/RSI(3)+BB(2.0)/30min,1.5:1
1421,501,920,35.3,1.06,941.27,-483.12,19.08,27108.04,0.49,178.0,5.6,8.0,CL/RSI(3)+BB(2.0)/30min,2:1
657,256,401,39.0,0.95,725.71,-486.23,-14.0,-9197.2,0.23,82.0,4.2,8.0,CL/RSI(3)+BB(2.5)/30min,1.5:1
649,217,432,33.4,1.02,983.57,-485.46,5.72,3713.53,0.22,81.0,5.2,8.0,CL/RSI(3)+BB(2.5)/30min,2:1
1778,712,1066,40.0,0.97,709.27,-489.06,-9.19,-16343.09,0.61,223.0,4.7,8.0,CL/RSI(5)+BB(1.5)/30min,1.5:1
1727,597,1130,34.6,1.04,959.31,-487.12,12.89,22262.59,0.59,216.0,5.7,8.0,CL/RSI(5)+BB(1.5)/30min,2:1
1214,508,706,41.8,1.04,705.29,-489.53,10.45,12681.31,0.42,152.0,4.6,8.0,CL/RSI(5)+BB(2.0)/30min,1.5:1
1196,430,766,36.0,1.09,949.22,-488.73,28.26,33794.11,0.41,150.0,5.6,8.0,CL/RSI(5)+BB(2.0)/30min,2:1
603,237,366,39.3,0.98,732.43,-486.43,-7.38,-4448.09,0.21,76.0,4.2,8.0,CL/RSI(5)+BB(2.5)/30min,1.5:1
600,200,400,33.3,1.03,996.2,-483.94,9.44,5665.71,0.21,75.0,5.3,8.0,CL/RSI(5)+BB(2.5)/30min,2:1
2217,887,1330,40.0,0.96,697.61,-484.5,-11.55,-25604.27,0.76,278.0,4.7,8.0,CL/RSI(5)+BB(1.5)/30min,1.5:1
2128,743,1385,34.9,1.04,938.74,-484.32,12.55,26702.63,0.73,267.0,5.7,8.0,CL/RSI(5)+BB(1.5)/30min,2:1
1384,567,817,41.0,1.0,700.7,-486.27,0.01,16.81,0.48,173.0,4.6,8.0,CL/RSI(5)+BB(2.0)/30min,1.5:1
1358,482,876,35.5,1.07,944.36,-485.44,22.04,29934.63,0.47,170.0,5.6,8.0,CL/RSI(5)+BB(2.0)/30min,2:1
644,251,393,39.0,0.97,732.14,-484.48,-10.3,-6634.9,0.22,81.0,4.2,8.0,CL/RSI(5)+BB(2.5)/30min,1.5:1
637,213,424,33.4,1.03,993.95,-483.82,10.32,6572.3,0.22,80.0,5.3,8.0,CL/RSI(5)+BB(2.5)/30min,2:1
2472,988,1484,40.0,0.97,699.81,-480.28,-8.63,-21322.99,0.85,310.0,4.7,8.0,CL/RSI(5)+BB(1.5)/30min,1.5:1
2365,828,1537,35.0,1.05,936.1,-481.41,14.87,35168.5,0.81,296.0,5.6,8.0,CL/RSI(5)+BB(1.5)/30min,2:1
1446,592,854,40.9,1.0,697.89,-482.51,0.75,1084.11,0.5,181.0,4.6,8.0,CL/RSI(5)+BB(2.0)/30min,1.5:1
1417,502,915,35.4,1.07,940.62,-482.69,21.54,30525.73,0.49,178.0,5.6,8.0,CL/RSI(5)+BB(2.0)/30min,2:1
655,256,399,39.1,0.96,725.71,-486.1,-12.48,-8172.29,0.22,82.0,4.2,8.0,CL/RSI(5)+BB(2.5)/30min,1.5:1
647,217,430,33.5,1.02,983.57,-485.34,7.32,4738.44,0.22,81.0,5.3,8.0,CL/RSI(5)+BB(2.5)/30min,2:1
2410,975,1435,40.5,1.0,721.06,-491.65,-1.03,-2493.86,0.83,302.0,4.7,8.0,CL/RSI(2)+Kelt(1.5)/30min,1.5:1
2294,806,1488,35.1,1.06,964.31,-491.91,19.74,45274.74,0.79,287.0,5.7,8.0,CL/RSI(2)+Kelt(1.5)/30min,2:1
1830,752,1078,41.1,1.03,746.72,-503.87,10.04,18364.14,0.63,229.0,4.8,8.0,CL/RSI(2)+Kelt(2.0)/30min,1.5:1
1764,618,1146,35.0,1.08,1004.75,-502.28,25.69,45322.03,0.6,221.0,5.8,8.0,CL/RSI(2)+Kelt(2.0)/30min,2:1
1272,533,739,41.9,1.08,758.98,-507.11,23.41,29782.01,0.44,159.0,4.8,8.0,CL/RSI(2)+Kelt(2.5)/30min,1.5:1
1236,441,795,35.7,1.11,1012.79,-507.47,34.95,43202.26,0.42,155.0,6.0,8.0,CL/RSI(2)+Kelt(2.5)/30min,2:1
2497,1011,1486,40.5,0.99,717.36,-492.91,-2.89,-7212.99,0.86,312.0,4.7,8.0,CL/RSI(2)+Kelt(1.5)/30min,1.5:1
2367,826,1541,34.9,1.04,960.81,-493.28,14.15,33486.44,0.81,296.0,5.7,8.0,CL/RSI(2)+Kelt(1.5)/30min,2:1
1886,773,1113,41.0,1.02,743.32,-504.87,6.71,12660.47,0.65,236.0,4.8,8.0,CL/RSI(2)+Kelt(2.0)/30min,1.5:1
1812,630,1182,34.8,1.06,1003.68,-503.32,20.63,37386.94,0.62,227.0,5.9,8.0,CL/RSI(2)+Kelt(2.0)/30min,2:1
1296,539,757,41.6,1.05,755.64,-510.12,16.31,21132.33,0.44,162.0,4.9,8.0,CL/RSI(2)+Kelt(2.5)/30min,1.5:1
1264,448,816,35.4,1.09,1013.11,-510.06,29.8,37662.74,0.43,158.0,6.0,8.0,CL/RSI(2)+Kelt(2.5)/30min,2:1
2562,1040,1522,40.6,0.99,714.07,-494.38,-3.83,-9812.34,0.88,320.0,4.7,8.0,CL/RSI(2)+Kelt(1.5)/30min,1.5:1
2426,851,1575,35.1,1.05,960.51,-493.72,16.4,39795.4,0.83,303.0,5.7,8.0,CL/RSI(2)+Kelt(1.5)/30min,2:1
1923,790,1133,41.1,1.02,740.19,-506.96,5.39,10364.2,0.66,241.0,4.8,8.0,CL/RSI(2)+Kelt(2.0)/30min,1.5:1
1847,647,1200,35.0,1.07,1000.39,-504.01,22.98,42437.01,0.63,231.0,5.9,8.0,CL/RSI(2)+Kelt(2.0)/30min,2:1
1315,547,768,41.6,1.06,755.5,-509.76,16.55,21761.36,0.45,165.0,4.8,8.0,CL/RSI(2)+Kelt(2.5)/30min,1.5:1
1284,454,830,35.4,1.08,1010.24,-510.14,27.44,35238.6,0.44,161.0,5.9,8.0,CL/RSI(2)+Kelt(2.5)/30min,2:1
2311,944,1367,40.8,1.01,721.31,-491.1,4.15,9580.83,0.79,289.0,4.7,8.0,CL/RSI(3)+Kelt(1.5)/30min,1.5:1
2229,796,1433,35.7,1.09,967.66,-491.98,29.27,65253.39,0.76,279.0,5.6,8.0,CL/RSI(3)+Kelt(1.5)/30min,2:1
1808,742,1066,41.0,1.04,749.0,-503.08,10.77,19472.13,0.62,226.0,4.8,8.0,CL/RSI(3)+Kelt(2.0)/30min,1.5:1
1755,619,1136,35.3,1.09,1003.91,-503.53,28.16,49412.36,0.6,220.0,5.9,8.0,CL/RSI(3)+Kelt(2.0)/30min,2:1
1276,531,745,41.6,1.06,758.27,-508.26,18.8,23983.61,0.44,160.0,4.8,8.0,CL/RSI(3)+Kelt(2.5)/30min,1.5:1
1251,448,803,35.8,1.11,1010.03,-509.37,34.75,43470.76,0.43,157.0,6.0,8.0,CL/RSI(3)+Kelt(2.5)/30min,2:1
2460,991,1469,40.3,0.99,720.53,-490.17,-2.44,-6010.29,0.84,308.0,4.7,8.0,CL/RSI(3)+Kelt(1.5)/30min,1.5:1
2355,822,1533,34.9,1.05,961.35,-491.49,15.62,36775.93,0.81,295.0,5.6,8.0,CL/RSI(3)+Kelt(1.5)/30min,2:1
1885,775,1110,41.1,1.03,744.35,-502.55,10.1,19038.64,0.65,236.0,4.8,8.0,CL/RSI(3)+Kelt(2.0)/30min,1.5:1
1819,635,1184,34.9,1.07,1000.3,-502.77,21.94,39909.39,0.62,228.0,5.9,8.0,CL/RSI(3)+Kelt(2.0)/30min,2:1
1311,548,763,41.8,1.07,756.03,-509.57,19.45,25505.47,0.45,164.0,4.9,8.0,CL/RSI(3)+Kelt(2.5)/30min,1.5:1
1280,455,825,35.5,1.09,1010.23,-510.17,30.29,38767.71,0.44,160.0,6.0,8.0,CL/RSI(3)+Kelt(2.5)/30min,2:1
2582,1039,1543,40.2,0.97,713.61,-495.16,-8.75,-22594.34,0.88,323.0,4.8,8.0,CL/RSI(3)+Kelt(1.5)/30min,1.5:1
2463,871,1592,35.4,1.06,957.23,-494.53,18.86,46451.27,0.84,308.0,5.7,8.0,CL/RSI(3)+Kelt(1.5)/30min,2:1
1966,805,1161,40.9,1.01,741.64,-508.61,3.32,6521.76,0.67,246.0,4.9,8.0,CL/RSI(3)+Kelt(2.0)/30min,1.5:1
1891,667,1224,35.3,1.07,997.87,-506.5,24.13,45623.19,0.65,237.0,5.9,8.0,CL/RSI(3)+Kelt(2.0)/30min,2:1
1347,563,784,41.8,1.06,757.13,-511.92,18.5,24920.23,0.46,169.0,4.9,8.0,CL/RSI(3)+Kelt(2.5)/30min,1.5:1
1316,471,845,35.8,1.1,1010.52,-512.6,32.53,42804.97,0.45,165.0,6.0,8.0,CL/RSI(3)+Kelt(2.5)/30min,2:1
1742,713,1029,40.9,1.04,755.37,-501.7,12.81,22321.8,0.6,218.0,4.9,8.0,"CL/MomThrust(3,1.5)/30min",1.5:1
1656,580,1076,35.0,1.1,1021.4,-499.68,33.07,54758.83,0.57,208.0,6.1,8.0,"CL/MomThrust(3,1.5)/30min",2:1
1018,411,607,40.4,0.99,770.36,-528.63,-4.19,-4261.01,0.35,128.0,5.1,8.0,"CL/MomThrust(3,2.0)/30min",1.5:1
993,332,661,33.4,0.99,1031.76,-525.15,-4.61,-4578.16,0.34,125.0,6.3,8.0,"CL/MomThrust(3,2.0)/30min",2:1
599,241,358,40.2,1.04,822.41,-532.31,12.74,7632.46,0.21,75.0,5.3,8.0,"CL/MomThrust(3,2.5)/30min",1.5:1
592,203,389,34.3,1.06,1088.8,-534.99,21.82,12914.66,0.2,74.0,6.5,8.0,"CL/MomThrust(3,2.5)/30min",2:1
316,117,199,37.0,0.91,838.25,-541.44,-30.61,-9672.17,0.11,40.0,5.3,8.0,"CL/MomThrust(3,3.0)/30min",1.5:1
314,101,213,32.2,0.96,1104.38,-544.19,-13.92,-4369.4,0.11,39.0,6.6,8.0,"CL/MomThrust(3,3.0)/30min",2:1
1732,702,1030,40.5,1.0,746.28,-507.06,0.93,1610.66,0.6,217.0,5.1,8.0,"CL/MomThrust(5,1.5)/30min",1.5:1
1666,583,1083,35.0,1.07,998.78,-504.75,21.4,35648.54,0.57,209.0,6.2,8.0,"CL/MomThrust(5,1.5)/30min",2:1
964,369,595,38.3,0.9,763.37,-528.54,-34.02,-32795.47,0.33,121.0,5.1,8.0,"CL/MomThrust(5,2.0)/30min",1.5:1
945,309,636,32.7,0.94,1018.36,-525.52,-20.69,-19556.64,0.32,119.0,6.4,8.0,"CL/MomThrust(5,2.0)/30min",2:1
506,181,325,35.8,0.83,799.69,-535.53,-57.91,-29302.96,0.17,63.0,5.0,8.0,"CL/MomThrust(5,2.5)/30min",1.5:1
502,153,349,30.5,0.87,1059.87,-535.78,-49.46,-24827.06,0.17,63.0,6.3,8.0,"CL/MomThrust(5,2.5)/30min",2:1
237,83,154,35.0,0.82,844.19,-552.29,-63.23,-14984.49,0.08,30.0,5.1,7.9,"CL/MomThrust(5,3.0)/30min",1.5:1
237,72,165,30.4,0.92,1149.39,-545.89,-30.87,-7315.56,0.08,30.0,6.1,7.9,"CL/MomThrust(5,3.0)/30min",2:1
1609,647,962,40.2,0.97,751.5,-518.68,-7.92,-12749.26,0.55,202.0,5.1,8.0,"CL/MomThrust(10,1.5)/30min",1.5:1
1534,543,991,35.4,1.06,1000.08,-515.9,20.72,31789.31,0.53,192.0,6.1,8.0,"CL/MomThrust(10,1.5)/30min",2:1
851,343,508,40.3,0.96,767.78,-537.26,-11.26,-9578.89,0.29,107.0,5.2,8.0,"CL/MomThrust(10,2.0)/30min",1.5:1
826,285,541,34.5,1.02,1032.59,-532.98,7.2,5947.54,0.28,104.0,6.3,8.0,"CL/MomThrust(10,2.0)/30min",2:1
409,153,256,37.4,0.89,800.16,-539.11,-38.11,-15587.83,0.14,52.0,4.9,7.9,"CL/MomThrust(10,2.5)/30min",1.5:1
406,131,275,32.3,0.97,1087.54,-533.57,-10.5,-4264.74,0.14,51.0,6.1,7.9,"CL/MomThrust(10,2.5)/30min",2:1
166,58,108,34.9,0.78,869.65,-602.17,-87.92,-14594.31,0.06,21.0,5.1,7.8,"CL/MomThrust(10,3.0)/30min",1.5:1
165,52,113,31.5,0.91,1184.44,-598.02,-36.27,-5985.07,0.06,21.0,6.1,7.8,"CL/MomThrust(10,3.0)/30min",2:1
1376,578,798,42.0,1.07,991.29,-670.62,27.48,37816.47,0.47,173.0,4.0,8.0,CL/RSI(2)+BB(1.5)/60min,1.5:1
1315,481,834,36.6,1.11,1297.11,-676.92,45.14,59354.93,0.45,165.0,4.9,8.0,CL/RSI(2)+BB(1.5)/60min,2:1
791,319,472,40.3,0.98,982.74,-674.51,-6.16,-4876.1,0.27,99.0,4.2,8.0,CL/RSI(2)+BB(2.0)/60min,1.5:1
777,280,497,36.0,1.06,1281.36,-682.11,25.45,19771.16,0.27,98.0,5.1,8.0,CL/RSI(2)+BB(2.0)/60min,2:1
325,126,199,38.8,0.95,1001.81,-667.33,-20.22,-6570.36,0.11,41.0,4.4,8.0,CL/RSI(2)+BB(2.5)/60min,1.5:1
322,107,215,33.2,0.96,1298.21,-675.55,-19.67,-6334.77,0.11,40.0,5.2,8.0,CL/RSI(2)+BB(2.5)/60min,2:1
1414,597,817,42.2,1.07,982.95,-672.0,26.73,37796.31,0.49,177.0,4.1,8.0,CL/RSI(2)+BB(1.5)/60min,1.5:1
1346,497,849,36.9,1.11,1284.45,-677.93,46.66,62806.26,0.46,169.0,5.0,8.0,CL/RSI(2)+BB(1.5)/60min,2:1
799,321,478,40.2,0.98,983.47,-675.5,-9.0,-7194.33,0.27,100.0,4.2,8.0,CL/RSI(2)+BB(2.0)/60min,1.5:1
785,280,505,35.7,1.04,1281.08,-683.28,17.38,13645.79,0.27,99.0,5.1,8.0,CL/RSI(2)+BB(2.0)/60min,2:1
327,127,200,38.8,0.96,1005.92,-666.05,-16.69,-5458.13,0.11,41.0,4.4,8.0,CL/RSI(2)+BB(2.5)/60min,1.5:1
324,107,217,33.0,0.95,1298.21,-675.92,-23.97,-7765.4,0.11,41.0,5.2,8.0,CL/RSI(2)+BB(2.5)/60min,2:1
1447,619,828,42.8,1.09,984.31,-673.84,35.49,51348.44,0.5,182.0,4.1,8.0,CL/RSI(2)+BB(1.5)/60min,1.5:1
1371,512,859,37.3,1.12,1277.22,-682.43,49.4,67730.9,0.47,172.0,5.1,8.0,CL/RSI(2)+BB(1.5)/60min,2:1
804,324,480,40.3,0.98,983.53,-675.0,-6.63,-5334.11,0.28,101.0,4.2,8.0,CL/RSI(2)+BB(2.0)/60min,1.5:1
791,283,508,35.8,1.04,1281.5,-683.35,19.63,15524.61,0.27,99.0,5.1,8.0,CL/RSI(2)+BB(2.0)/60min,2:1
327,127,200,38.8,0.96,1005.92,-666.05,-16.69,-5458.13,0.11,41.0,4.4,8.0,CL/RSI(2)+BB(2.5)/60min,1.5:1
324,107,217,33.0,0.95,1298.21,-675.92,-23.97,-7765.4,0.11,41.0,5.2,8.0,CL/RSI(2)+BB(2.5)/60min,2:1
1316,557,759,42.3,1.08,991.68,-676.1,29.79,39206.76,0.45,165.0,4.0,8.0,CL/RSI(3)+BB(1.5)/60min,1.5:1
1264,467,797,36.9,1.11,1293.33,-681.57,48.08,60768.46,0.43,159.0,4.9,8.0,CL/RSI(3)+BB(1.5)/60min,2:1
779,316,463,40.6,0.99,980.32,-675.73,-3.96,-3085.54,0.27,98.0,4.1,8.0,CL/RSI(3)+BB(2.0)/60min,1.5:1
764,271,493,35.5,1.03,1277.18,-683.1,12.24,9349.17,0.26,96.0,5.0,8.0,CL/RSI(3)+BB(2.0)/60min,2:1
323,126,197,39.0,0.97,1007.7,-663.18,-11.38,-3676.16,0.11,41.0,4.3,8.0,CL/RSI(3)+BB(2.5)/60min,1.5:1
320,105,215,32.8,0.94,1299.33,-673.52,-26.18,-8376.29,0.11,40.0,5.1,8.0,CL/RSI(3)+BB(2.5)/60min,2:1
1414,600,814,42.4,1.08,984.81,-675.21,29.18,41262.03,0.49,177.0,4.1,8.0,CL/RSI(3)+BB(1.5)/60min,1.5:1
1348,500,848,37.1,1.11,1285.81,-681.56,48.18,64948.49,0.46,169.0,5.0,8.0,CL/RSI(3)+BB(1.5)/60min,2:1
804,327,477,40.7,1.0,981.98,-675.26,-1.24,-993.04,0.28,101.0,4.2,8.0,CL/RSI(3)+BB(2.0)/60min,1.5:1
788,284,504,36.0,1.05,1279.67,-683.89,23.79,18744.49,0.27,99.0,5.2,8.0,CL/RSI(3)+BB(2.0)/60min,2:1
326,127,199,39.0,0.96,1005.92,-667.33,-15.48,-5046.74,0.11,41.0,4.4,8.0,CL/RSI(3)+BB(2.5)/60min,1.5:1
323,107,216,33.1,0.95,1298.21,-677.14,-22.77,-7354.01,0.11,41.0,5.2,8.0,CL/RSI(3)+BB(2.5)/60min,2:1
1480,636,844,43.0,1.1,981.36,-671.51,38.78,57390.93,0.51,186.0,4.1,8.0,CL/RSI(3)+BB(1.5)/60min,1.5:1
1402,525,877,37.4,1.13,1287.79,-679.57,57.14,80110.8,0.48,176.0,5.0,8.0,CL/RSI(3)+BB(1.5)/60min,2:1
808,328,480,40.6,0.99,981.78,-675.0,-2.44,-1975.01,0.28,101.0,4.2,8.0,CL/RSI(3)+BB(2.0)/60min,1.5:1
794,285,509,35.9,1.05,1280.54,-683.27,21.62,17167.6,0.27,100.0,5.1,8.0,CL/RSI(3)+BB(2.0)/60min,2:1
327,127,200,38.8,0.96,1005.92,-666.05,-16.69,-5458.13,0.11,41.0,4.4,8.0,CL/RSI(3)+BB(2.5)/60min,1.5:1
324,107,217,33.0,0.95,1298.21,-675.92,-23.97,-7765.4,0.11,41.0,5.2,8.0,CL/RSI(3)+BB(2.5)/60min,2:1
994,437,557,44.0,1.14,994.61,-682.28,54.94,54612.24,0.34,125.0,4.1,8.0,CL/RSI(5)+BB(1.5)/60min,1.5:1
979,382,597,39.0,1.2,1295.51,-691.26,83.96,82199.1,0.34,123.0,4.9,8.0,CL/RSI(5)+BB(1.5)/60min,2:1
654,272,382,41.6,1.03,987.4,-683.62,11.36,7428.74,0.22,82.0,4.2,8.0,CL/RSI(5)+BB(2.0)/60min,1.5:1
647,241,406,37.2,1.1,1281.94,-693.92,42.06,27214.87,0.22,81.0,5.0,8.0,CL/RSI(5)+BB(2.0)/60min,2:1
298,120,178,40.3,1.03,1022.36,-666.75,13.43,4001.34,0.1,37.0,4.3,8.0,CL/RSI(5)+BB(2.5)/60min,1.5:1
295,103,192,34.9,1.04,1316.79,-679.01,17.83,5259.07,0.1,37.0,5.1,8.0,CL/RSI(5)+BB(2.5)/60min,2:1
1286,559,727,43.5,1.11,987.4,-682.53,43.36,55755.47,0.44,161.0,4.0,8.0,CL/RSI(5)+BB(1.5)/60min,1.5:1
1247,475,772,38.1,1.16,1289.5,-686.42,66.23,82592.01,0.43,157.0,5.0,8.0,CL/RSI(5)+BB(1.5)/60min,2:1
756,316,440,41.8,1.04,983.32,-678.91,15.88,12008.83,0.26,95.0,4.2,8.0,CL/RSI(5)+BB(2.0)/60min,1.5:1
742,271,471,36.5,1.07,1281.07,-686.7,31.99,23734.66,0.26,93.0,5.2,8.0,CL/RSI(5)+BB(2.0)/60min,2:1
320,124,196,38.8,0.97,1009.16,-660.98,-13.8,-4416.29,0.11,40.0,4.3,8.0,CL/RSI(5)+BB(2.5)/60min,1.5:1
317,103,214,32.5,0.93,1300.8,-671.55,-30.69,-9729.27,0.11,40.0,5.1,8.0,CL/RSI(5)+BB(2.5)/60min,2:1
1445,616,829,42.6,1.08,985.28,-675.84,32.29,46659.43,0.5,181.0,4.1,8.0,CL/RSI(5)+BB(1.5)/60min,1.5:1
1382,516,866,37.3,1.13,1290.46,-681.68,54.66,75538.51,0.48,173.0,5.0,8.0,CL/RSI(5)+BB(1.5)/60min,2:1
804,328,476,40.8,1.0,981.59,-675.62,0.45,365.17,0.28,101.0,4.2,8.0,CL/RSI(5)+BB(2.0)/60min,1.5:1
788,284,504,36.0,1.05,1279.22,-684.18,23.44,18473.06,0.27,99.0,5.2,8.0,CL/RSI(5)+BB(2.0)/60min,2:1
327,127,200,38.8,0.96,1005.92,-666.05,-16.69,-5458.13,0.11,41.0,4.4,8.0,CL/RSI(5)+BB(2.5)/60min,1.5:1
324,107,217,33.0,0.95,1298.21,-675.92,-23.97,-7765.4,0.11,41.0,5.2,8.0,CL/RSI(5)+BB(2.5)/60min,2:1
1392,597,795,42.9,1.11,1013.58,-688.18,41.67,58003.23,0.48,174.0,4.2,8.0,CL/RSI(2)+Kelt(1.5)/60min,1.5:1
1318,491,827,37.3,1.13,1321.97,-691.58,58.53,77147.91,0.45,165.0,5.2,8.0,CL/RSI(2)+Kelt(1.5)/60min,2:1
1011,438,573,43.3,1.17,1050.79,-689.12,64.67,65380.47,0.35,127.0,4.2,8.0,CL/RSI(2)+Kelt(2.0)/60min,1.5:1
977,366,611,37.5,1.21,1393.95,-687.33,92.35,90230.44,0.34,122.0,5.2,8.0,CL/RSI(2)+Kelt(2.0)/60min,2:1
670,320,350,47.8,1.4,1070.18,-698.14,146.43,98109.07,0.23,84.0,4.2,8.0,CL/RSI(2)+Kelt(2.5)/60min,1.5:1
646,261,385,40.4,1.36,1409.48,-703.17,150.39,97152.69,0.22,81.0,5.2,8.0,CL/RSI(2)+Kelt(2.5)/60min,2:1
1436,614,822,42.8,1.09,1014.61,-694.25,36.42,52296.19,0.49,180.0,4.3,8.0,CL/RSI(2)+Kelt(1.5)/60min,1.5:1
1355,507,848,37.4,1.13,1313.29,-696.56,55.46,75152.36,0.46,170.0,5.3,8.0,CL/RSI(2)+Kelt(1.5)/60min,2:1
1036,455,581,43.9,1.18,1046.14,-693.26,70.66,73207.61,0.36,130.0,4.3,8.0,CL/RSI(2)+Kelt(2.0)/60min,1.5:1
1001,381,620,38.1,1.22,1374.16,-692.13,94.34,94432.9,0.34,125.0,5.3,8.0,CL/RSI(2)+Kelt(2.0)/60min,2:1
683,328,355,48.0,1.41,1069.64,-702.99,148.29,101281.06,0.23,86.0,4.2,8.0,CL/RSI(2)+Kelt(2.5)/60min,1.5:1
659,267,392,40.5,1.35,1400.76,-708.9,145.85,96115.39,0.23,83.0,5.3,8.0,CL/RSI(2)+Kelt(2.5)/60min,2:1
1480,638,842,43.1,1.1,1009.0,-697.21,38.3,56689.5,0.51,185.0,4.3,8.0,CL/RSI(2)+Kelt(1.5)/60min,1.5:1
1386,518,868,37.4,1.12,1313.47,-700.65,52.1,72211.54,0.48,173.0,5.3,8.0,CL/RSI(2)+Kelt(1.5)/60min,2:1
1060,466,594,44.0,1.17,1045.35,-701.7,66.34,70320.43,0.36,133.0,4.3,8.0,CL/RSI(2)+Kelt(2.0)/60min,1.5:1
1019,386,633,37.9,1.2,1375.55,-699.6,86.47,88117.96,0.35,128.0,5.4,8.0,CL/RSI(2)+Kelt(2.0)/60min,2:1
696,333,363,47.8,1.36,1062.76,-716.7,134.68,93734.47,0.24,87.0,4.2,8.0,CL/RSI(2)+Kelt(2.5)/60min,1.5:1
671,271,400,40.4,1.32,1397.05,-718.55,135.89,91180.19,0.23,84.0,5.3,8.0,CL/RSI(2)+Kelt(2.5)/60min,2:1
1321,572,749,43.3,1.14,1026.57,-688.24,54.28,71703.76,0.45,166.0,4.2,8.0,CL/RSI(3)+Kelt(1.5)/60min,1.5:1
1266,473,793,37.4,1.15,1335.14,-693.12,64.67,81874.97,0.43,159.0,5.1,8.0,CL/RSI(3)+Kelt(1.5)/60min,2:1
998,434,564,43.5,1.19,1058.45,-685.11,73.11,72961.34,0.34,125.0,4.2,8.0,CL/RSI(3)+Kelt(2.0)/60min,1.5:1
970,366,604,37.7,1.23,1391.66,-685.16,98.47,95512.29,0.33,122.0,5.2,8.0,CL/RSI(3)+Kelt(2.0)/60min,2:1
669,320,349,47.8,1.43,1078.22,-690.31,155.62,104112.24,0.23,84.0,4.2,8.0,CL/RSI(3)+Kelt(2.5)/60min,1.5:1
648,261,387,40.3,1.36,1409.54,-700.78,149.21,96689.91,0.22,81.0,5.2,8.0,CL/RSI(3)+Kelt(2.5)/60min,2:1
1415,614,801,43.4,1.1,1003.53,-696.85,40.98,57985.29,0.49,177.0,4.3,8.0,CL/RSI(3)+Kelt(1.5)/60min,1.5:1
1350,510,840,37.8,1.14,1311.54,-698.67,60.74,82002.86,0.46,169.0,5.3,8.0,CL/RSI(3)+Kelt(1.5)/60min,2:1
1047,461,586,44.0,1.18,1043.72,-694.03,71.11,74452.73,0.36,131.0,4.3,8.0,CL/RSI(3)+Kelt(2.0)/60min,1.5:1
1011,386,625,38.2,1.23,1379.52,-692.75,98.44,99527.61,0.35,127.0,5.4,8.0,CL/RSI(3)+Kelt(2.0)/60min,2:1
694,331,363,47.7,1.36,1061.18,-709.12,135.22,93840.46,0.24,87.0,4.2,8.0,CL/RSI(3)+Kelt(2.5)/60min,1.5:1
669,270,399,40.4,1.34,1401.25,-710.24,141.93,94952.24,0.23,84.0,5.3,8.0,CL/RSI(3)+Kelt(2.5)/60min,2:1
1496,642,854,42.9,1.08,1003.1,-697.79,32.14,48075.54,0.51,187.0,4.2,8.0,CL/RSI(3)+Kelt(1.5)/60min,1.5:1
1405,522,883,37.2,1.11,1312.72,-699.25,48.26,67800.21,0.48,176.0,5.3,8.0,CL/RSI(3)+Kelt(1.5)/60min,2:1
1085,473,612,43.6,1.14,1035.76,-702.32,55.38,60091.14,0.37,136.0,4.3,8.0,CL/RSI(3)+Kelt(2.0)/60min,1.5:1
1046,393,653,37.6,1.19,1376.53,-697.56,81.71,85470.54,0.36,131.0,5.4,8.0,CL/RSI(3)+Kelt(2.0)/60min,2:1
708,335,373,47.3,1.32,1053.49,-718.44,119.97,84940.7,0.24,89.0,4.3,8.0,CL/RSI(3)+Kelt(2.5)/60min,1.5:1
682,273,409,40.0,1.32,1410.86,-714.81,136.08,92807.09,0.23,86.0,5.4,8.0,CL/RSI(3)+Kelt(2.5)/60min,2:1
1034,415,619,40.1,1.0,1052.78,-705.77,0.03,33.6,0.36,130.0,4.5,8.0,"CL/MomThrust(3,1.5)/60min",1.5:1
990,333,657,33.6,0.99,1383.93,-709.03,-5.03,-4981.14,0.34,124.0,5.3,8.0,"CL/MomThrust(3,1.5)/60min",2:1
532,200,332,37.6,0.9,1091.51,-730.23,-45.37,-24135.06,0.18,67.0,4.7,8.0,"CL/MomThrust(3,2.0)/60min",1.5:1
521,170,351,32.6,0.91,1391.61,-739.28,-43.98,-22915.53,0.18,66.0,5.7,8.0,"CL/MomThrust(3,2.0)/60min",2:1
268,107,161,39.9,1.01,1133.19,-746.31,4.09,1095.41,0.09,34.0,4.6,7.9,"CL/MomThrust(3,2.5)/60min",1.5:1
262,89,173,34.0,0.97,1423.31,-758.71,-17.49,-4582.34,0.09,33.0,5.9,7.9,"CL/MomThrust(3,2.5)/60min",2:1
127,42,85,33.1,0.7,1079.07,-760.06,-151.84,-19283.84,0.04,16.0,3.9,7.8,"CL/MomThrust(3,3.0)/60min",1.5:1
126,36,90,28.6,0.75,1404.49,-747.36,-132.55,-16701.03,0.04,16.0,5.0,7.8,"CL/MomThrust(3,3.0)/60min",2:1
947,383,564,40.4,0.99,1062.69,-726.81,-3.07,-2909.41,0.33,119.0,4.6,8.0,"CL/MomThrust(5,1.5)/60min",1.5:1
913,321,592,35.2,1.03,1384.39,-727.5,15.02,13710.56,0.31,115.0,5.6,8.0,"CL/MomThrust(5,1.5)/60min",2:1
478,200,278,41.8,1.03,1062.94,-740.01,14.36,6864.77,0.17,61.0,4.5,7.9,"CL/MomThrust(5,2.0)/60min",1.5:1
468,170,298,36.3,1.07,1393.91,-744.45,32.3,15117.91,0.16,59.0,5.4,7.9,"CL/MomThrust(5,2.0)/60min",2:1
204,84,120,41.2,0.93,1071.37,-804.98,-32.37,-6602.69,0.07,26.0,4.7,7.8,"CL/MomThrust(5,2.5)/60min",1.5:1
202,73,129,36.1,1.0,1411.7,-799.66,-0.51,-102.77,0.07,26.0,5.7,7.8,"CL/MomThrust(5,2.5)/60min",2:1
83,31,52,37.3,0.86,1153.8,-800.58,-70.63,-5862.16,0.03,11.0,4.2,7.5,"CL/MomThrust(5,3.0)/60min",1.5:1
82,30,52,36.6,1.1,1521.9,-800.58,49.11,4027.09,0.03,11.0,5.0,7.5,"CL/MomThrust(5,3.0)/60min",2:1
975,437,538,44.8,1.16,1042.39,-728.69,65.12,63489.29,0.34,123.0,4.5,8.0,"CL/MomThrust(10,1.5)/60min",1.5:1
929,350,579,37.7,1.15,1375.58,-721.09,68.83,63942.67,0.32,117.0,5.6,8.0,"CL/MomThrust(10,1.5)/60min",2:1
486,214,272,44.0,1.18,1115.96,-745.13,74.36,36140.83,0.17,62.0,4.8,7.9,"CL/MomThrust(10,2.0)/60min",1.5:1
469,170,299,36.2,1.11,1449.82,-744.72,50.74,23797.96,0.16,59.0,6.0,7.9,"CL/MomThrust(10,2.0)/60min",2:1
222,99,123,44.6,1.29,1224.49,-765.87,121.72,27022.73,0.08,28.0,4.5,7.9,"CL/MomThrust(10,2.5)/60min",1.5:1
218,83,135,38.1,1.21,1549.47,-786.26,103.03,22460.77,0.08,28.0,5.7,7.9,"CL/MomThrust(10,2.5)/60min",2:1
80,33,47,41.2,1.04,1221.02,-822.18,20.64,1651.29,0.03,11.0,5.2,7.6,"CL/MomThrust(10,3.0)/60min",1.5:1
80,29,51,36.2,1.07,1578.0,-836.23,38.93,3114.14,0.03,11.0,6.1,7.6,"CL/MomThrust(10,3.0)/60min",2:1
